url,thumbnail,description,likes,category
https://www.tiktok.com/@huongstore.06/video/7525692408676224272,https://p16-sign-sg.tiktokcdn.com/tos-alisg-p-0037/oM1hGowYEg9KAFzD7AUIAgBQeEAcCID0EQwfRT~tplv-photomode-zoomcover:480:480.jpeg?dr=14555&x-expires=1752840000&x-signature=lOznVpqdTadSCfPfCC2KxnJATZU%3D&t=4d5b0474&ps=13740610&shp=81f88b70&shcp=43f4a2f9&idc=my&ftpl=1,,730.6K,all
https://www.tiktok.com/@ngcuong379/video/7524911077809786128,https://p16-sign-sg.tiktokcdn.com/tos-alisg-p-0037/o8FEV2ItIThEUHbBetCDfBzRqnAFBIdgEbEoIZ~tplv-photomode-zoomcover:480:480.jpeg?dr=14555&x-expires=1752840000&x-signature=yPvQKLIj3FliC2JSPWlk1cO%2BqKE%3D&t=4d5b0474&ps=13740610&shp=81f88b70&shcp=43f4a2f9&idc=my&ftpl=1,,1M,all
https://www.tiktok.com/@dipquanne/video/7524545567163256082,https://p16-sign-sg.tiktokcdn.com/tos-alisg-p-0037/oYiPlEWANIYNAAlB9RAOrAFiBGByaBjlijJEs~tplv-photomode-zoomcover:480:480.jpeg?dr=14555&x-expires=1752840000&x-signature=Sem0j1BzB1XP88jzRxSZFgzkRSk%3D&t=4d5b0474&ps=13740610&shp=81f88b70&shcp=43f4a2f9&idc=my&ftpl=1,,495.1K,all
https://www.tiktok.com/@phuonganhle305/video/7525261051865304338,https://p16-sign-sg.tiktokcdn.com/tos-alisg-p-0037/o0x8i3pNwx3IAIGR0zIx6WiFCGAvq4fGAZBmBS~tplv-photomode-zoomcover:480:480.jpeg?dr=14555&x-expires=1752840000&x-signature=Lyk0yex49YgZSnv7z%2F%2Bmq%2FokzPg%3D&t=4d5b0474&ps=13740610&shp=81f88b70&shcp=43f4a2f9&idc=my&ftpl=1,,837.8K,all
https://www.tiktok.com/@luky889889/video/7525659423247846663,https://p16-sign-sg.tiktokcdn.com/tos-alisg-p-0037/oUDwAUBjICxcfEEV2fRgENyB2NZXIgkpAMAAFo~tplv-photomode-zoomcover:480:480.jpeg?dr=14555&x-expires=1752840000&x-signature=iSWIyCufZjShu9Gz3fAVLuFCXXY%3D&t=4d5b0474&ps=13740610&shp=81f88b70&shcp=43f4a2f9&idc=my&ftpl=1,,455.5K,all
https://www.tiktok.com/@haisanthanhvan/video/7525425296992963847,https://p16-sign-sg.tiktokcdn.com/tos-alisg-p-0037/oownfAeeo3IEzrjdIlA0EILImSXLkQvnGyD1CG~tplv-photomode-zoomcover:480:480.jpeg?dr=14555&x-expires=1752840000&x-signature=aNHET%2FuOkFUOIH%2BJjQYV2o6FuLw%3D&t=4d5b0474&ps=13740610&shp=81f88b70&shcp=43f4a2f9&idc=my&ftpl=1,,268.2K,all
https://www.tiktok.com/@plxhvn2/video/7524219031616900366,https://p16-sign.tiktokcdn-us.com/tos-useast5-p-0068-tx/oYwDAVoQWgzDeCCygtSt2fEWFCAVDAawu6mVAI~tplv-photomode-zoomcover:480:480.jpeg?dr=14555&x-expires=1752840000&x-signature=14DgcExAzNwXAe2X5Kl1cJFTbCc%3D&t=4d5b0474&ps=13740610&shp=81f88b70&shcp=43f4a2f9&idc=my&ftpl=1,,138.2K,all
https://www.tiktok.com/@nottuman/video/7524969271366077704,https://p16-sign-sg.tiktokcdn.com/tos-alisg-p-0037/oYfQIMjFIgD3xucEZDF5fI37DRC8IAClBwDofA~tplv-photomode-zoomcover:480:480.jpeg?dr=14555&x-expires=1752840000&x-signature=esds6DYKzf8ZD9zFu%2BAOyFA7YXk%3D&t=4d5b0474&ps=13740610&shp=81f88b70&shcp=43f4a2f9&idc=my&ftpl=1,,579.7K,all
https://www.tiktok.com/@sapgaobaobao/video/7523908343476325650,https://p16-sign-sg.tiktokcdn.com/tos-alisg-p-0037/oYWjv1EDjAdNaUofIHf2nOAIDfAHFDAl1EAQJQ~tplv-photomode-zoomcover:480:480.jpeg?dr=14555&x-expires=1752840000&x-signature=VdLV0VaRdDdyxNa3Y5G02ZfIYIk%3D&t=4d5b0474&ps=13740610&shp=81f88b70&shcp=43f4a2f9&idc=my&ftpl=1,,328.5K,all
https://www.tiktok.com/@plxhvn2/video/7525476265239891255,https://p16-sign.tiktokcdn-us.com/tos-useast5-p-0068-tx/okEBvi01fBA4BYBBIPQnAJAwij3ipN9gSBcAKI~tplv-photomode-zoomcover:480:480.jpeg?dr=14555&x-expires=1752840000&x-signature=glnYiTZ3uyOXWRN67ro71qAPXH8%3D&t=4d5b0474&ps=13740610&shp=81f88b70&shcp=43f4a2f9&idc=my&ftpl=1,,57K,all
https://www.tiktok.com/@chanhvivu/video/7525009772878236944,https://p16-sign-sg.tiktokcdn.com/tos-alisg-p-0037/oE5AoJBUismfNNuYvIYQAAgC516IIqIPw0xPvi~tplv-photomode-zoomcover:480:480.jpeg?dr=14555&x-expires=1752840000&x-signature=Lu%2BP3gzxCUOSOLCa8VlVQJ25pug%3D&t=4d5b0474&ps=13740610&shp=81f88b70&shcp=43f4a2f9&idc=my&ftpl=1,,1.3M,all
https://www.tiktok.com/@dramin.vn/video/7524640519792708882,https://p16-sign-sg.tiktokcdn.com/tos-alisg-p-0037/o4YlPxNIALkiBkz3l56sGAaiiAB0sKADBEAAA~tplv-photomode-zoomcover:480:480.jpeg?dr=14555&x-expires=1752840000&x-signature=dzSXnarg723YLWJs562gHKLU9e0%3D&t=4d5b0474&ps=13740610&shp=81f88b70&shcp=43f4a2f9&idc=my&ftpl=1,,200.2K,all
https://www.tiktok.com/@dangvuongne/video/7524945396729138440,https://p16-sign-sg.tiktokcdn.com/tos-alisg-p-0037/osAMAeWNGGDhLAgJLbIefQIEtJQQf0qAFUWyCA~tplv-photomode-zoomcover:480:480.jpeg?dr=14555&x-expires=1752840000&x-signature=ZstkR05sJyKCmedia8MKGkykz7s%3D&t=4d5b0474&ps=13740610&shp=81f88b70&shcp=43f4a2f9&idc=my&ftpl=1,,381.8K,all
https://www.tiktok.com/@gianghomang247/video/7526530375674268936,https://p16-sign-sg.tiktokcdn.com/tos-alisg-p-0037/oAEzKc780EKABAAxmBOi1B2iIRBA43ALOwfvxp~tplv-photomode-zoomcover:480:480.jpeg?dr=14555&x-expires=1752840000&x-signature=AGjhiY%2Fj6ONzt8kJ2m%2BMj%2BxnkHQ%3D&t=4d5b0474&ps=13740610&shp=81f88b70&shcp=43f4a2f9&idc=my&ftpl=1,,270.3K,all
https://www.tiktok.com/@peter_mai_/video/7524019342153878806,https://p16-pu-sign-no.tiktokcdn-eu.com/tos-no1a-p-0037-no/oEXVQLQ04IG3AZAzIsTID7fVuILmj1OIlBeze2~tplv-photomode-zoomcover:480:480.jpeg?dr=14555&x-expires=1752840000&x-signature=wvpTQFIsZtMA7AiDfGLdTPemrNs%3D&t=4d5b0474&ps=13740610&shp=81f88b70&shcp=43f4a2f9&idc=my&ftpl=1,,20.4M,all
https://www.tiktok.com/@pth_.69/video/7519361838459391239,https://p16-sign-sg.tiktokcdn.com/tos-alisg-p-0037/ocAGAwiof7hg8JpArFMIIQHoQajGQeXAAekR0e~tplv-photomode-zoomcover:480:480.jpeg?dr=14555&x-expires=1752840000&x-signature=8jNTo4u6FRL%2BmxBT3Jv9Jv6SsdQ%3D&t=4d5b0474&ps=13740610&shp=81f88b70&shcp=43f4a2f9&idc=my&ftpl=1,,432K,all
https://www.tiktok.com/@cobedotdiem/video/7525628277034126610,https://p16-sign-sg.tiktokcdn.com/tos-alisg-p-0037/oM6PaQ9xjEBIVniHZAEiWTTEwJkBBAwFBBYZL~tplv-photomode-zoomcover:480:480.jpeg?dr=14555&x-expires=1752840000&x-signature=Z2whQ1x6r0j7KFKJ8ewDnsSIEvA%3D&t=4d5b0474&ps=13740610&shp=81f88b70&shcp=43f4a2f9&idc=my&ftpl=1,,111.5K,all
https://www.tiktok.com/@phucsyno96/video/7525323493693607175,https://p9-sign-sg.tiktokcdn.com/tos-alisg-p-0037/owmwoQMGeAC9n0GTIeteORgAsLjMq3KNdoIgDE~tplv-photomode-zoomcover:480:480.jpeg?dr=14555&x-expires=1752840000&x-signature=RvXbAdGsOcf53LfKlP1vFIhceN0%3D&t=4d5b0474&ps=13740610&shp=81f88b70&shcp=43f4a2f9&idc=my&ftpl=1,,439.8K,all
https://www.tiktok.com/@dienvienmanhtruong/video/7524568092278607122,https://p16-sign-sg.tiktokcdn.com/tos-alisg-p-0037/oQbDMbMXXeQB2RZefjjhACBIHotBAo08AQU7DQ~tplv-photomode-zoomcover:480:480.jpeg?dr=14555&x-expires=1752840000&x-signature=Q%2B%2Fp2SYKZutXWnUtQg8nmLHBTQE%3D&t=4d5b0474&ps=13740610&shp=81f88b70&shcp=43f4a2f9&idc=my&ftpl=1,,397.7K,all
https://www.tiktok.com/@manxuatgia/video/7526055974730222856,https://p16-sign-sg.tiktokcdn.com/tos-alisg-p-0037/oM4AvCE9BiDojVAEH1LWFSxDf1oDZQII7gIee4~tplv-photomode-zoomcover:480:480.jpeg?dr=14555&x-expires=1752840000&x-signature=lSYXDJa2cJCRYBIEAmchxdqDmSY%3D&t=4d5b0474&ps=13740610&shp=81f88b70&shcp=43f4a2f9&idc=my&ftpl=1,,360.6K,all
https://www.tiktok.com/@tranghieu0211/video/7526051115180264712,https://p16-sign-sg.tiktokcdn.com/tos-alisg-p-0037/oIAz0QnYQrDeyHujCnFEAbDSI4AjWhzQQPfCoe~tplv-photomode-zoomcover:480:480.jpeg?dr=14555&x-expires=1752840000&x-signature=ZQqVcbtzmYStk3zrxLS7DoYgBaM%3D&t=4d5b0474&ps=13740610&shp=81f88b70&shcp=43f4a2f9&idc=my&ftpl=1,,409.8K,all
https://www.tiktok.com/@plxhvn2/video/7526262124897701133,https://p16-sign.tiktokcdn-us.com/tos-useast5-p-0068-tx/oQsJBAyiKJdfVPBOpwAVkIAOEAA0N8BmRE4BiB~tplv-photomode-zoomcover:480:480.jpeg?dr=14555&x-expires=1752840000&x-signature=ANJ6zHXIQiPr%2B0Oyvx0llzbSQm4%3D&t=4d5b0474&ps=13740610&shp=81f88b70&shcp=43f4a2f9&idc=my&ftpl=1,,70.5K,all
https://www.tiktok.com/@taisuan/video/7518015637038435592,https://p16-sign-sg.tiktokcdn.com/tos-alisg-p-0037/o4ntIUyxiDA2W9fbzVFmBRoBFEbg6BEVQgfiVE~tplv-photomode-zoomcover:480:480.jpeg?dr=14555&x-expires=1752840000&x-signature=uq74xT6P2lh8Cyq78mp2Ni4xwKI%3D&t=4d5b0474&ps=13740610&shp=81f88b70&shcp=43f4a2f9&idc=my&ftpl=1,,466.6K,all
https://www.tiktok.com/@vang.thi.xoa0/video/7524602155630660871,https://p16-sign-sg.tiktokcdn.com/tos-alisg-p-0037/owaEIUkhtDAcwGfyFMF9BRoBVE5g8B6bQtf0sE~tplv-photomode-zoomcover:480:480.jpeg?dr=14555&x-expires=1752840000&x-signature=MhLSYSkeMrVudHUVdZIhyhHR8QI%3D&t=4d5b0474&ps=13740610&shp=81f88b70&shcp=43f4a2f9&idc=sg1&ftpl=1,,143.4K,singing-and-dancing
https://www.tiktok.com/@_dieulinh16_/video/7525680684917198087,https://p16-sign-sg.tiktokcdn.com/tos-alisg-p-0037/oM2R9cElWSeRtwUrE8azlWgIDfAqFBBHHBYoJI~tplv-photomode-zoomcover:480:480.jpeg?dr=14555&x-expires=1752840000&x-signature=XWVjq%2F6%2FB7WDRoLd7c6k9AW%2FOks%3D&t=4d5b0474&ps=13740610&shp=81f88b70&shcp=43f4a2f9&idc=sg1&ftpl=1,,399.3K,singing-and-dancing
https://www.tiktok.com/@khanhlinhtran02/video/7521324342399995143,https://p16-sign-sg.tiktokcdn.com/tos-alisg-p-0037/oshEIYBGnv9Arcyi1H6aQVAZBKbVBEiwPcEZO~tplv-photomode-zoomcover:480:480.jpeg?dr=14555&x-expires=1752840000&x-signature=XhXYF96%2BnJV1NavJ9jezdP6lY%2Bc%3D&t=4d5b0474&ps=13740610&shp=81f88b70&shcp=43f4a2f9&idc=sg1&ftpl=1,,385.5K,singing-and-dancing
https://www.tiktok.com/@lehoa1297/video/7523433742342294802,https://p16-sign-sg.tiktokcdn.com/tos-alisg-p-0037/okBr9i8A1ImN1iACvqWfNHmyP1ugAIwUo0EEAA~tplv-photomode-zoomcover:480:480.jpeg?dr=14555&x-expires=1752840000&x-signature=JTxBsRsrJQBSZvZ1hwFq7wrhyLM%3D&t=4d5b0474&ps=13740610&shp=81f88b70&shcp=43f4a2f9&idc=sg1&ftpl=1,,165.6K,singing-and-dancing
https://www.tiktok.com/@littlequanzz/video/7524968348375993608,https://p16-sign-sg.tiktokcdn.com/tos-alisg-p-0037/ocobB1vDIAgUCyvEEbAucBAkARFtsQff2gFD7E~tplv-photomode-zoomcover:480:480.jpeg?dr=14555&x-expires=1752840000&x-signature=H8rF6CGp81Jn2Jn6leWfeddA2cU%3D&t=4d5b0474&ps=13740610&shp=81f88b70&shcp=43f4a2f9&idc=sg1&ftpl=1,,383.3K,singing-and-dancing
https://www.tiktok.com/@ig.khalac248/video/7525101002387868946,https://p16-sign-sg.tiktokcdn.com/tos-alisg-p-0037/o8zRiYbNwO2IAI340xI9IWiLCvAuq0fhAdCQBC~tplv-photomode-zoomcover:480:480.jpeg?dr=14555&x-expires=1752840000&x-signature=HjIbEo2fme7ZdZ%2FsxCqMweu%2FZ2k%3D&t=4d5b0474&ps=13740610&shp=81f88b70&shcp=43f4a2f9&idc=sg1&ftpl=1,,276.8K,singing-and-dancing
https://www.tiktok.com/@louispham_203/video/7524685127276858631,https://p16-sign-sg.tiktokcdn.com/tos-alisg-p-0037/oUZI4NiBO9XobtqUClZbDmwIBfA5iACjXAG0oI~tplv-photomode-zoomcover:480:480.jpeg?dr=14555&x-expires=1752840000&x-signature=0XHhZiidNCc%2FIAc4%2FwOPETxIea0%3D&t=4d5b0474&ps=13740610&shp=81f88b70&shcp=43f4a2f9&idc=sg1&ftpl=1,,224K,singing-and-dancing
https://www.tiktok.com/@uyenan.h/video/7525416242115644679,https://p9-sign-sg.tiktokcdn.com/tos-alisg-p-0037/oAbBiBPFeC9A5BmvEAAjiv2NKpNA0IA37AoIws~tplv-photomode-zoomcover:480:480.jpeg?dr=14555&x-expires=1752840000&x-signature=6PXMY8EsidlVDkoQ9Qjk5eZISUw%3D&t=4d5b0474&ps=13740610&shp=81f88b70&shcp=43f4a2f9&idc=sg1&ftpl=1,,110.5K,singing-and-dancing
https://www.tiktok.com/@_halinhtran_/video/7522839109811932423,https://p16-sign-sg.tiktokcdn.com/tos-alisg-p-0037/og9sdM4EnVQ3ZdloAoEQRf7F1fLYadEUBDOBgc~tplv-photomode-zoomcover:480:480.jpeg?dr=14555&x-expires=1752840000&x-signature=%2FwzMSxbRXGFj1mc7IDF412wCTTE%3D&t=4d5b0474&ps=13740610&shp=81f88b70&shcp=43f4a2f9&idc=sg1&ftpl=1,,537K,singing-and-dancing
https://www.tiktok.com/@kimanhne_36/video/7524219645830712583,https://p16-sign-sg.tiktokcdn.com/tos-alisg-p-0037/oQ7QAIfCjroIQAyeWwq1bs9frRtGICLtodyD8v~tplv-photomode-zoomcover:480:480.jpeg?dr=14555&x-expires=1752840000&x-signature=KFXB4swDcZ9yYyfisPN9s7bBuXc%3D&t=4d5b0474&ps=13740610&shp=81f88b70&shcp=43f4a2f9&idc=sg1&ftpl=1,,184.2K,singing-and-dancing
https://www.tiktok.com/@nhanvuatovuadz1701/video/7524221447611419911,https://p16-sign-sg.tiktokcdn.com/tos-alisg-p-0037/oAdaDfg3EE8UQyznQRogFBBWQeR2Aqx6zBQQL2~tplv-photomode-zoomcover:480:480.jpeg?dr=14555&x-expires=1752840000&x-signature=7QzNeRP%2BK40dIWFTEQFfqCj2PEI%3D&t=4d5b0474&ps=13740610&shp=81f88b70&shcp=43f4a2f9&idc=sg1&ftpl=1,,286.1K,singing-and-dancing
https://www.tiktok.com/@kame_dance_studio/video/7525308578266189063,https://p16-sign-sg.tiktokcdn.com/tos-alisg-p-0037/ooDCff0vFgaVD1AIATqEA2CURBbFECZIobQvAB~tplv-photomode-zoomcover:480:480.jpeg?dr=14555&x-expires=1752840000&x-signature=fISPakTv1H9DySEDyYj6GkOPdiM%3D&t=4d5b0474&ps=13740610&shp=81f88b70&shcp=43f4a2f9&idc=sg1&ftpl=1,,117.9K,singing-and-dancing
https://www.tiktok.com/@bbibeo_o/video/7520902501504126215,https://p16-sign-sg.tiktokcdn.com/tos-alisg-p-0037/oc0QQsURQEM57qDSBngFJXQHQfn2oJEBoDylfA~tplv-photomode-zoomcover:480:480.jpeg?dr=14555&x-expires=1752840000&x-signature=tYalm6H8Z5nozYIY64RXv1zyzfc%3D&t=4d5b0474&ps=13740610&shp=81f88b70&shcp=43f4a2f9&idc=sg1&ftpl=1,,116.3K,singing-and-dancing
https://www.tiktok.com/@phuongmychiofficial/video/7525669692564983061,https://p16-sign-sg.tiktokcdn.com/tos-alisg-p-0037/ooE4GelJEIe4QQEWPAQALEihI1rRAA7eDDnAuu~tplv-photomode-zoomcover:480:480.jpeg?dr=14555&x-expires=1752840000&x-signature=9vK9ZbbHnCccnNN9pRMWZsME%2B7w%3D&t=4d5b0474&ps=13740610&shp=81f88b70&shcp=43f4a2f9&idc=sg1&ftpl=1,,384.7K,singing-and-dancing
https://www.tiktok.com/@alithucphuong/video/7522042887664602376,https://p16-sign-sg.tiktokcdn.com/tos-alisg-p-0037/osWCkBFYfEDgSiAAnjAgfSEoojIKVVqBUAd6qC~tplv-photomode-zoomcover:480:480.jpeg?dr=14555&x-expires=1752840000&x-signature=1kwtLVSI0L3Yc0%2FPqfjfiV9y%2BXo%3D&t=4d5b0474&ps=13740610&shp=81f88b70&shcp=43f4a2f9&idc=sg1&ftpl=1,,626.7K,singing-and-dancing
https://www.tiktok.com/@congchua1999x/video/7523067720653409543,https://p9-sign-sg.tiktokcdn.com/tos-alisg-p-0037/okFOA84EGbRBBQaI8BFoAn7DgCUGwBfIf0ZEN7~tplv-photomode-zoomcover:480:480.jpeg?dr=14555&x-expires=1752840000&x-signature=turTor2Imw4vd5moDs12LSRHyE4%3D&t=4d5b0474&ps=13740610&shp=81f88b70&shcp=43f4a2f9&idc=sg1&ftpl=1,,123.5K,singing-and-dancing
https://www.tiktok.com/@_hamykk/video/7525791049030110484,https://p16-sign-sg.tiktokcdn.com/tos-alisg-p-0037/oMXBXuLUgIJb8L1GfehRhGxFwgsWQPeeAA8LLG~tplv-photomode-zoomcover:480:480.jpeg?dr=14555&x-expires=1752840000&x-signature=ZD1gNUEpCE9Gif6644pCJ7aAR1w%3D&t=4d5b0474&ps=13740610&shp=81f88b70&shcp=43f4a2f9&idc=sg1&ftpl=1,,148.7K,singing-and-dancing
https://www.tiktok.com/@tippitivi/video/7525409031616335112,https://p16-sign-sg.tiktokcdn.com/tos-alisg-p-0037/oYIiSDBkIiAfIhANDQiqPnCBAx8xPIBv0c7Jwr~tplv-photomode-zoomcover:480:480.jpeg?dr=14555&x-expires=1752840000&x-signature=4DFcU7PEb6KRVDKvw2QWFMunvxo%3D&t=4d5b0474&ps=13740610&shp=81f88b70&shcp=43f4a2f9&idc=sg1&ftpl=1,,28.8K,singing-and-dancing
https://www.tiktok.com/@hoa.batdongsan/video/7525819331071020295,https://p9-sign-sg.tiktokcdn.com/tos-alisg-p-0037/o4viaBAYBpiFBExxboEEIgPiAHwpFtUINzHXJ~tplv-photomode-zoomcover:480:480.jpeg?dr=14555&x-expires=1752840000&x-signature=a0Gt7nHelS5DjySqnnKUCUZeWe0%3D&t=4d5b0474&ps=13740610&shp=81f88b70&shcp=43f4a2f9&idc=sg1&ftpl=1,,81.2K,singing-and-dancing
https://www.tiktok.com/@lingg2809/video/7523847986451991826,https://p16-sign-sg.tiktokcdn.com/tos-alisg-p-0037/o8qAcFIEeWG3GbAUeqstLkUGemQHbhQRJWQpei~tplv-photomode-zoomcover:480:480.jpeg?dr=14555&x-expires=1752840000&x-signature=K492v7JgmOexzC1znx1hLoH7XX8%3D&t=4d5b0474&ps=13740610&shp=81f88b70&shcp=43f4a2f9&idc=sg1&ftpl=1,,323.3K,singing-and-dancing
https://www.tiktok.com/@diu.anh7249/video/7525086310109875464,https://p16-sign-sg.tiktokcdn.com/tos-alisg-p-0037/okcejLCjoGQb3zIQeAVtABi4Qett3jDIzCQ2PN~tplv-photomode-zoomcover:480:480.jpeg?dr=14555&x-expires=1752840000&x-signature=m71z5qx1Y%2ByYqgc1jYA%2Bp40YwaE%3D&t=4d5b0474&ps=13740610&shp=81f88b70&shcp=43f4a2f9&idc=sg1&ftpl=1,,172.5K,singing-and-dancing
https://www.tiktok.com/@kimanhne_36/video/7525671270936022290,https://p9-sign-sg.tiktokcdn.com/tos-alisg-p-0037/ocVE0jmiId9EUlcBWw7DfBmR2wAFD3IgEaDoIe~tplv-photomode-zoomcover:480:480.jpeg?dr=14555&x-expires=1752840000&x-signature=bnaqOTgKRDe5sRHLBlThDI4hRqM%3D&t=4d5b0474&ps=13740610&shp=81f88b70&shcp=43f4a2f9&idc=sg1&ftpl=1,,155.6K,singing-and-dancing
https://www.tiktok.com/@sau2_004/video/7521952973602213128,https://p16-sign-sg.tiktokcdn.com/tos-alisg-p-0037/oMZpDPfDoI2FjaQI1WVw5xFrjCGArEAaFBffQA~tplv-photomode-zoomcover:480:480.jpeg?dr=14555&x-expires=1752840000&x-signature=0%2FQP5jTQ%2FC0rGaTP%2BG7XhqQ8MCo%3D&t=4d5b0474&ps=13740610&shp=81f88b70&shcp=43f4a2f9&idc=sg1&ftpl=1,,608.7K,singing-and-dancing
https://www.tiktok.com/@xoaikhongchua_99/video/7526203667272191287,https://p19-sign.tiktokcdn-us.com/tos-useast5-p-0068-tx/oARa984A4JEB7BgmF9xVbIixUaioyhHsEc4Bv~tplv-photomode-zoomcover:480:480.jpeg?dr=14555&x-expires=1752840000&x-signature=%2BpbbAvB%2BNtXHilN7O%2Bx1R8aQdBI%3D&t=4d5b0474&ps=13740610&shp=81f88b70&shcp=43f4a2f9&idc=sg1&ftpl=1,,274K,singing-and-dancing
https://www.tiktok.com/@namanhvt11/video/7526117151846059272,https://p16-sign-sg.tiktokcdn.com/tos-alisg-p-0037/oUWmEo2AfDANtqA9A2F3DjQABIfAOEO5IUfUzE~tplv-photomode-zoomcover:720:720.jpeg?dr=14555&x-expires=1752840000&x-signature=3AqZfxn8PChcippiYPbOlKQK%2FYU%3D&t=4d5b0474&ps=13740610&shp=81f88b70&shcp=43f4a2f9&idc=my&ftpl=1,,463.9K,comedy
https://www.tiktok.com/@plxhvn2/video/7525409510911937847,https://p16-sign.tiktokcdn-us.com/tos-useast5-p-0068-tx/o448ElB0BwAI6BKCAigAvA6AvDDBNiygeJcoMB~tplv-photomode-zoomcover:720:720.jpeg?dr=14555&x-expires=1752840000&x-signature=0l2bqU3VZdTTerN1EPMmh%2FViGRE%3D&t=4d5b0474&ps=13740610&shp=81f88b70&shcp=43f4a2f9&idc=my&ftpl=1,,25.6K,comedy
https://www.tiktok.com/@color.life.1978/video/7524933293804915986,https://p16-sign-sg.tiktokcdn.com/tos-alisg-p-0037/oQtdEKsX8BAv7cAlAvi4AI0ABCHwqBlNIKfcti~tplv-photomode-zoomcover:720:720.jpeg?dr=14555&x-expires=1752840000&x-signature=kpBIlWACwppOWLi%2FiaBZBA%2B8zdg%3D&t=4d5b0474&ps=13740610&shp=81f88b70&shcp=43f4a2f9&idc=my&ftpl=1,,439.3K,comedy
https://www.tiktok.com/@chikhang0311/video/7524533313688571144,https://p16-sign-sg.tiktokcdn.com/tos-alisg-p-0037/ogm1F7FTIiUcWJjAkg0CsBzANI93qAofwAZipI~tplv-photomode-zoomcover:720:720.jpeg?dr=14555&x-expires=1752840000&x-signature=RcLCAVAF8ZZL3hJfK9U3IOtqZII%3D&t=4d5b0474&ps=13740610&shp=81f88b70&shcp=43f4a2f9&idc=my&ftpl=1,,261.4K,comedy
https://www.tiktok.com/@haha_412/video/7524686434909932818,https://p16-sign-sg.tiktokcdn.com/tos-alisg-p-0037/ost2AYin5Av01OBAilAGbDadXBBAvIwPSEEKS~tplv-photomode-zoomcover:720:720.jpeg?dr=14555&x-expires=1752840000&x-signature=p7Qx%2Fw3oUV1kJ3qpFjQD1BwiI3Q%3D&t=4d5b0474&ps=13740610&shp=81f88b70&shcp=43f4a2f9&idc=my&ftpl=1,,355.7K,comedy
https://www.tiktok.com/@itsdunggee/video/7524318083503230226,https://p16-sign-sg.tiktokcdn.com/tos-alisg-p-0037/o8BRBigYE8oAS7E3ICrA4UiAUakXvBf75mAEe4~tplv-photomode-zoomcover:720:720.jpeg?dr=14555&x-expires=1752840000&x-signature=3tzIESOxMuZvc6OMCqnuHY%2BmAHg%3D&t=4d5b0474&ps=13740610&shp=81f88b70&shcp=43f4a2f9&idc=my&ftpl=1,,200.3K,comedy
https://www.tiktok.com/@longandaxua/video/7525040820915932423,https://p16-sign-sg.tiktokcdn.com/tos-alisg-p-0037/o03CUyNIBItUgu6UA8iGqiI6pAfQ05AIiKwYCN~tplv-photomode-zoomcover:720:720.jpeg?dr=14555&x-expires=1752840000&x-signature=gA%2Bpz%2B2nboPVLi3dPS%2FFwOp2kxE%3D&t=4d5b0474&ps=13740610&shp=81f88b70&shcp=43f4a2f9&idc=my&ftpl=1,,453K,comedy
https://www.tiktok.com/@dong.thuydung/video/7526152907763272967,https://p9-sign-sg.tiktokcdn.com/tos-alisg-p-0037/owDyRofIcxjEERU2BAQacjOfKhigrFQDJ9UBOk~tplv-photomode-zoomcover:720:720.jpeg?dr=14555&x-expires=1752840000&x-signature=ihHvuIwzd%2FoIIxrpiZhHJDYLspU%3D&t=4d5b0474&ps=13740610&shp=81f88b70&shcp=43f4a2f9&idc=my&ftpl=1,,235K,comedy
https://www.tiktok.com/@lebaoofficial/video/7524695513304747272,https://p16-sign-sg.tiktokcdn.com/tos-alisg-p-0037/osZGgPtEI6iJA3tBGLVFrliXBZCYJ0KABIacI~tplv-photomode-zoomcover:720:720.jpeg?dr=14555&x-expires=1752840000&x-signature=BsqCaApF2%2Fm%2FUs3EC7B4X2xP8Ao%3D&t=4d5b0474&ps=13740610&shp=81f88b70&shcp=43f4a2f9&idc=my&ftpl=1,,417.7K,comedy
https://www.tiktok.com/@tuan_than_den_ha_noi/video/7525028777416477959,https://p16-sign-sg.tiktokcdn.com/tos-alisg-p-0037/oEo3Gee7IIfoQ6ilWEQALCicQTjIA0oWDDXooK~tplv-photomode-zoomcover:720:720.jpeg?dr=14555&x-expires=1752840000&x-signature=LPlHdDjFRuC%2BwHQL3YpluA71wh8%3D&t=4d5b0474&ps=13740610&shp=81f88b70&shcp=43f4a2f9&idc=my&ftpl=1,,75.9K,comedy
https://www.tiktok.com/@anthonyngofficial/video/7526037708892933389,https://p19-sign.tiktokcdn-us.com/tos-useast5-p-0068-tx/okpcDf6AEEqSQytxQEogFBnjIaRdArIozD3yTe~tplv-photomode-zoomcover:720:720.jpeg?dr=14555&x-expires=1752840000&x-signature=mBJJW7X3Rx%2FcLihllGRRyz5D%2FyI%3D&t=4d5b0474&ps=13740610&shp=81f88b70&shcp=43f4a2f9&idc=my&ftpl=1,,27K,comedy
https://www.tiktok.com/@saigonteu/video/7526121871910243602,https://p16-sign-sg.tiktokcdn.com/tos-alisg-p-0037/o0AJHQ4oBIBvRy49AJiAK5KfRBv50AAEiCwlBO~tplv-photomode-zoomcover:720:720.jpeg?dr=14555&x-expires=1752840000&x-signature=nYWcTZicm%2B%2FoulBshEang7fvPsc%3D&t=4d5b0474&ps=13740610&shp=81f88b70&shcp=43f4a2f9&idc=my&ftpl=1,,751.8K,comedy
https://www.tiktok.com/@khuamatvuong/video/7524276995761507602,https://p16-sign-sg.tiktokcdn.com/tos-alisg-p-0037/o0AACUEIEBgoVIafemFQrKBNdhoyQEADDC5RA1~tplv-photomode-zoomcover:720:720.jpeg?dr=14555&x-expires=1752840000&x-signature=GCp%2FDafSUk2FV9QEUabPtfUExPE%3D&t=4d5b0474&ps=13740610&shp=81f88b70&shcp=43f4a2f9&idc=my&ftpl=1,,279.6K,comedy
https://www.tiktok.com/@namanhvt11/video/7526508458573614343,https://p16-sign-sg.tiktokcdn.com/tos-alisg-p-0037/ocaE2EwDgCACxQpFfAoRBAA0Irn6EcQe7luD3U~tplv-photomode-zoomcover:720:720.jpeg?dr=14555&x-expires=1752840000&x-signature=toGgWMwnQHuKrVWx4re%2Bf6F%2BCr0%3D&t=4d5b0474&ps=13740610&shp=81f88b70&shcp=43f4a2f9&idc=my&ftpl=1,,250.8K,comedy
https://www.tiktok.com/@phucbinhyenofficial/video/7522339330677902600,https://p16-sign-sg.tiktokcdn.com/tos-alisg-p-0037/ocxtiXtFiBax0AkQYEABxraiSBI1vBSWJI83G~tplv-photomode-zoomcover:720:720.jpeg?dr=14555&x-expires=1752840000&x-signature=gXxWN1BxcPJc1msC0Zv81b7VfkU%3D&t=4d5b0474&ps=13740610&shp=81f88b70&shcp=43f4a2f9&idc=my&ftpl=1,,500.1K,comedy
https://www.tiktok.com/@codongnat_99/video/7524671990519581960,https://p16-sign-sg.tiktokcdn.com/tos-alisg-p-0037/okgthRgIEoDAbU4FQmBeBoAD6s5BRED7IkVAfq~tplv-photomode-zoomcover:720:720.jpeg?dr=14555&x-expires=1752840000&x-signature=LppyESjKGJ0dg2Mwn2dTi9NeNPs%3D&t=4d5b0474&ps=13740610&shp=81f88b70&shcp=43f4a2f9&idc=my&ftpl=1,,167.6K,comedy
https://www.tiktok.com/@papa_taiche/video/7525034089187921159,https://p16-sign-sg.tiktokcdn.com/tos-alisg-p-0037/oQtISivPa9XY0mZI5rzVELEARBy6GuwISKAiB~tplv-photomode-zoomcover:720:720.jpeg?dr=14555&x-expires=1752840000&x-signature=zN5bjCzzu1HCR%2FpeiDQ9Owe3%2BhA%3D&t=4d5b0474&ps=13740610&shp=81f88b70&shcp=43f4a2f9&idc=my&ftpl=1,,44.3K,comedy
https://www.tiktok.com/@nguyenmythanh0392/video/7524971173713628471,https://p19-sign.tiktokcdn-us.com/tos-useast5-p-0068-tx/o4EfWFAEEIZIgZbihufCOB3ARlc1oDSQDQOXBO~tplv-photomode-zoomcover:720:720.jpeg?dr=14555&x-expires=1752840000&x-signature=r7zetl0FL%2FL0Lj06GGzscmP3J84%3D&t=4d5b0474&ps=13740610&shp=81f88b70&shcp=43f4a2f9&idc=my&ftpl=1,,46.9K,comedy
https://www.tiktok.com/@tuyenpoi/video/7524280133285416209,https://p16-sign-sg.tiktokcdn.com/tos-alisg-p-0037/oseIQezuKA5jGjGhAmlIAnCocD1Lge47QHTzn2~tplv-photomode-zoomcover:720:720.jpeg?dr=14555&x-expires=1752840000&x-signature=syWqClUm5QSv2MThZULXUJfmyAI%3D&t=4d5b0474&ps=13740610&shp=81f88b70&shcp=43f4a2f9&idc=my&ftpl=1,,82.7K,comedy
https://www.tiktok.com/@ttinflyou/video/7525105984809749767,https://p9-sign-sg.tiktokcdn.com/tos-alisg-p-0037/oUNbjtEIEDAQfm3fRjFouFteaAZjDIA7DCRjBq~tplv-photomode-zoomcover:720:720.jpeg?dr=14555&x-expires=1752840000&x-signature=nCeYwiqlGFa5EdTCxrxbI1aqe08%3D&t=4d5b0474&ps=13740610&shp=81f88b70&shcp=43f4a2f9&idc=my&ftpl=1,,143.7K,comedy
https://www.tiktok.com/@bongtim96/video/7525450454621244679,https://p16-sign-sg.tiktokcdn.com/tos-alisg-p-0037/oo6dCfDrDDRQFmGIevEx4IIV3CoIsiKAfujZpA~tplv-photomode-zoomcover:720:720.jpeg?dr=14555&x-expires=1752840000&x-signature=tsxuSoOfrfXTwqfMS61NcoixTwA%3D&t=4d5b0474&ps=13740610&shp=81f88b70&shcp=43f4a2f9&idc=my&ftpl=1,,576K,comedy
https://www.tiktok.com/@24h.sports/video/7526141433024105735,https://p16-sign-sg.tiktokcdn.com/tos-alisg-p-0037/ocKK4OiBSASkdyKbBgzbOFwEBfAaiAAG0BA0RI~tplv-photomode-zoomcover:480:480.jpeg?dr=14555&x-expires=1752840000&x-signature=pAW6sEgmqeGnG%2Bhj9TvUtbadW54%3D&t=4d5b0474&ps=13740610&shp=81f88b70&shcp=43f4a2f9&idc=my&ftpl=1,,110.8K,sports
https://www.tiktok.com/@deryynok2sf68x/video/7525360370186210567,https://p16-sign-sg.tiktokcdn.com/tos-alisg-p-0037/o4EB9LoIv3fDjBAcgdU23fEVFEARdCbzkHgk4I~tplv-photomode-zoomcover:480:480.jpeg?dr=14555&x-expires=1752840000&x-signature=91niY8VIOHDIAm%2BOH5e2eJEu52Q%3D&t=4d5b0474&ps=13740610&shp=81f88b70&shcp=43f4a2f9&idc=my&ftpl=1,,68.2K,sports
https://www.tiktok.com/@uci_cycling/video/7524367359042161942,https://p16-pu-sign-no.tiktokcdn-eu.com/tos-no1a-p-0037-no/ocfREEYCa9hYBA6rxMCOIQQ7gAiEFoAfayBkAi~tplv-photomode-zoomcover:480:480.jpeg?dr=14555&x-expires=1752840000&x-signature=dVKJ9mbKvx8j8qybPr1Pt221cPw%3D&t=4d5b0474&ps=13740610&shp=81f88b70&shcp=43f4a2f9&idc=my&ftpl=1,,643.6K,sports
https://www.tiktok.com/@sut88cusut/video/7526707237725768968,https://p16-sign-sg.tiktokcdn.com/tos-alisg-p-0037/oAGIjeH0KASjGT2IEgLIA1CoPD6LIPPfQmielh~tplv-photomode-zoomcover:480:480.jpeg?dr=14555&x-expires=1752840000&x-signature=R7YXvqCMg8MU16ziw%2F2u3U35Uw0%3D&t=4d5b0474&ps=13740610&shp=81f88b70&shcp=43f4a2f9&idc=my&ftpl=1,,102.8K,sports
https://www.tiktok.com/@xiaomy99/video/7525200275544526098,https://p16-sign-sg.tiktokcdn.com/tos-alisg-p-0037/oYiav4cG7AsEBtY5hGAjaprFXdMIgIBAuui6g~tplv-photomode-zoomcover:480:480.jpeg?dr=14555&x-expires=1752840000&x-signature=ft2m8vxXbu9Sk%2FLb3kT2Cd0ZfmI%3D&t=4d5b0474&ps=13740610&shp=81f88b70&shcp=43f4a2f9&idc=my&ftpl=1,,1.2M,sports
https://www.tiktok.com/@phamquynhhoaa/video/7519074933436058898,https://p16-sign-sg.tiktokcdn.com/tos-alisg-p-0037/o0AtAfDgDBCoFAAETyEPRfIaWCUQiy0g4cR87A~tplv-photomode-zoomcover:480:480.jpeg?dr=14555&x-expires=1752840000&x-signature=919ecMGa3bcEjL6c5jlTAIBp2Os%3D&t=4d5b0474&ps=13740610&shp=81f88b70&shcp=43f4a2f9&idc=my&ftpl=1,,1M,sports
https://www.tiktok.com/@minhnhatgk/video/7524251168164384018,https://p9-sign-sg.tiktokcdn.com/tos-alisg-p-0037/osQDoaPyCX84EBguwtJBbUeAE5Upr4gQGgfFRg~tplv-photomode-zoomcover:480:480.jpeg?dr=14555&x-expires=1752840000&x-signature=6D%2FhKYrH8ZEjeIaYIJeR96Y95MA%3D&t=4d5b0474&ps=13740610&shp=81f88b70&shcp=43f4a2f9&idc=my&ftpl=1,,93.5K,sports
https://www.tiktok.com/@24h.tinmoi/video/7525008863041572103,https://p16-sign-sg.tiktokcdn.com/tos-alisg-p-0037/oYEuIABAVMabA7DoDFBQfA0flOlCOEAgUNj4Cb~tplv-photomode-zoomcover:480:480.jpeg?dr=14555&x-expires=1752840000&x-signature=SlF9GdBX1Zir9spbNWZ7rkBhEEc%3D&t=4d5b0474&ps=13740610&shp=81f88b70&shcp=43f4a2f9&idc=my&ftpl=1,,39K,sports
https://www.tiktok.com/@redbull/video/7525781895959891222,https://p16-pu-sign-no.tiktokcdn-eu.com/tos-no1a-p-0037-no/o8hk7FKWQDhDwAJV5AAqAJXiIf3fleWEyCQAeA~tplv-photomode-zoomcover:480:480.jpeg?dr=14555&x-expires=1752840000&x-signature=3FUiiNRsKz5dQJKLku0oXt8l3Yg%3D&t=4d5b0474&ps=13740610&shp=81f88b70&shcp=43f4a2f9&idc=my&ftpl=1,,2.4M,sports
https://www.tiktok.com/@lionchampionshipvietnam/video/7525661566574906642,https://p16-sign-sg.tiktokcdn.com/tos-alisg-p-0037/owAwBA7aClvEVHgiCEVHi8YhBAIaAijFFBZAE~tplv-photomode-zoomcover:480:480.jpeg?dr=14555&x-expires=1752840000&x-signature=A7L2RDql1O4%2Bl3ztIXW2FLiDuqE%3D&t=4d5b0474&ps=13740610&shp=81f88b70&shcp=43f4a2f9&idc=my&ftpl=1,,39.5K,sports
https://www.tiktok.com/@thandogo8/video/7525651698325425415,https://p16-sign-sg.tiktokcdn.com/tos-alisg-p-0037/ogBD7hQgBLJGfC5eARoMPeImLIAjXO4EDI8WAg~tplv-photomode-zoomcover:480:480.jpeg?dr=14555&x-expires=1752840000&x-signature=hmmLore9YfCMC4ADgc6xG95BeQk%3D&t=4d5b0474&ps=13740610&shp=81f88b70&shcp=43f4a2f9&idc=my&ftpl=1,,60.5K,sports
https://www.tiktok.com/@mikaylaallisonn/video/7525995255351594271,https://p16-pu-sign-useast8.tiktokcdn-us.com/tos-useast8-p-0068-tx2/oQOAbAiNOYBiIwAGnLo0iGxiPyqBV0ICtEEfBb~tplv-photomode-zoomcover:480:480.jpeg?dr=14555&x-expires=1752840000&x-signature=YAr9s5Fm8mTnT14pc9FmAixCobc%3D&t=4d5b0474&ps=13740610&shp=81f88b70&shcp=43f4a2f9&idc=my&ftpl=1,,4.8M,sports
https://www.tiktok.com/@nextmediaofficial/video/7525611866886851848,https://p16-sign-sg.tiktokcdn.com/tos-alisg-p-0037/ogAAAB60KiUAAKcIvvwfBiVOBBjkVCE0igcKBw~tplv-photomode-zoomcover:480:480.jpeg?dr=14555&x-expires=1752840000&x-signature=LWL2F193I8OWL8hGbw3%2Fb97qUNo%3D&t=4d5b0474&ps=13740610&shp=81f88b70&shcp=43f4a2f9&idc=my&ftpl=1,,23K,sports
https://www.tiktok.com/@tonyrosatournaments/video/7525391795316935944,https://p16-sign-sg.tiktokcdn.com/tos-alisg-p-0037/o8RERkXAIrrEUmbBQvtDfBfR7hAFNs4gExcoIE~tplv-photomode-zoomcover:480:480.jpeg?dr=14555&x-expires=1752840000&x-signature=qq66CNQQnJDs0A7FRbSTbKbyiqU%3D&t=4d5b0474&ps=13740610&shp=81f88b70&shcp=43f4a2f9&idc=my&ftpl=1,,19.7K,sports
https://www.tiktok.com/@daohongson.bjj/video/7525024219508428040,https://p16-sign-sg.tiktokcdn.com/tos-alisg-p-0037/okQcQIBhRg3bAfDopFzjfOnsaF7EREWgcuk1Bn~tplv-photomode-zoomcover:480:480.jpeg?dr=14555&x-expires=1752840000&x-signature=lvUVPvU0%2BFmCnexCiLiWF6LGDGw%3D&t=4d5b0474&ps=13740610&shp=81f88b70&shcp=43f4a2f9&idc=my&ftpl=1,,21.7K,sports
https://www.tiktok.com/@onsportsplus/video/7526152299983506689,https://p16-sign-sg.tiktokcdn.com/tos-alisg-p-0037/ocyAvhADiADBJr5HBYbuaSQiEAdA4xiUvkIAl~tplv-photomode-zoomcover:480:480.jpeg?dr=14555&x-expires=1752840000&x-signature=ETV4kzX5rZIbryAsCavdSbPpCTM%3D&t=4d5b0474&ps=13740610&shp=81f88b70&shcp=43f4a2f9&idc=my&ftpl=1,,79K,sports
https://www.tiktok.com/@kkkkshswu/video/7526227474326244616,https://p16-sign-sg.tiktokcdn.com/tos-alisg-p-0037/ogQvoiBFjIDovIkfbyiIHeCAiBtAA4pA5Qfyqt~tplv-photomode-zoomcover:480:480.jpeg?dr=14555&x-expires=1752840000&x-signature=JnuyZDjc8Iqxg2X8eRJbBazN3FA%3D&t=4d5b0474&ps=13740610&shp=81f88b70&shcp=43f4a2f9&idc=my&ftpl=1,,54.7K,sports
https://www.tiktok.com/@xem.khng/video/7517906685390769422,https://p16-sign.tiktokcdn-us.com/tos-useast5-p-0068-tx/oMVpGfSshIIyRmOReFULRaEIQUGCebAIJAeUIR~tplv-photomode-zoomcover:480:480.jpeg?dr=14555&x-expires=1752840000&x-signature=KgtX8p%2FAGGV4i4r3mze3z6Skhqo%3D&t=4d5b0474&ps=13740610&shp=81f88b70&shcp=43f4a2f9&idc=my&ftpl=1,,64.8K,sports
https://www.tiktok.com/@kimthiencotichh/video/7525674039893888263,https://p16-sign-sg.tiktokcdn.com/tos-alisg-p-0037/oIwAKfIdAiFIS44QjGSEDRnfVIQnIALhADA4eG~tplv-photomode-zoomcover:480:480.jpeg?dr=14555&x-expires=1752840000&x-signature=rBSWeMZGBRiUJyFcEEsnxsVLiw0%3D&t=4d5b0474&ps=13740610&shp=81f88b70&shcp=43f4a2f9&idc=my&ftpl=1,,6963,sports
https://www.tiktok.com/@fptbongda/video/7526658859855891728,https://p16-sign-sg.tiktokcdn.com/tos-alisg-p-0037/oUBBCIDoFAAKdE07AVbEACfCAgNEIQAfgoBRlE~tplv-photomode-zoomcover:480:480.jpeg?dr=14555&x-expires=1752840000&x-signature=TrNPCT0jGn5YPBWYDRXubmYOvhM%3D&t=4d5b0474&ps=13740610&shp=81f88b70&shcp=43f4a2f9&idc=my&ftpl=1,,132.5K,sports
https://www.tiktok.com/@thethao247.vn/video/7525800770298694920,https://p16-sign-sg.tiktokcdn.com/tos-alisg-p-0037/okLBPfDQFODlcBiQbRVAABiEW5yQQUFfgoQbaE~tplv-photomode-zoomcover:480:480.jpeg?dr=14555&x-expires=1752840000&x-signature=34lwqbWT7%2FSSkagM5SmOKAZQwuU%3D&t=4d5b0474&ps=13740610&shp=81f88b70&shcp=43f4a2f9&idc=my&ftpl=1,,21.6K,sports
https://www.tiktok.com/@blvduongtang/video/7524311983894678802,https://p16-sign-sg.tiktokcdn.com/tos-alisg-p-0037/okjhHDlJAe2IfAdQa3oLIE81ECbeM6ArQAGuIv~tplv-photomode-zoomcover:480:480.jpeg?dr=14555&x-expires=1752840000&x-signature=SoX4ewspxGDLlfHi8RBBaamlBYQ%3D&t=4d5b0474&ps=13740610&shp=81f88b70&shcp=43f4a2f9&idc=my&ftpl=1,,36.8K,sports
https://www.tiktok.com/@hhn405/video/7524684041166114069,https://p16-sign-sg.tiktokcdn.com/tos-alisg-p-0037/oAfSaeiABDBEUlglohDnUoQJbIAuLGRrQFMED0~tplv-photomode-zoomcover:480:480.jpeg?dr=14555&x-expires=1752840000&x-signature=IO15HWnk3xI5cjjjoQsJWQf3MA4%3D&t=4d5b0474&ps=13740610&shp=81f88b70&shcp=43f4a2f9&idc=my&ftpl=1,,123.6K,anime-and-comics
https://www.tiktok.com/@vietsub_dao_nhan/video/7525273572885957895,https://p16-sign-sg.tiktokcdn.com/tos-alisg-p-0037/oUFv3UA3eAEtPiBXAGrQfFE7JIDoLEApxkAI2f~tplv-photomode-zoomcover:480:480.jpeg?dr=14555&x-expires=1752840000&x-signature=SrPp8YRPgFCaghNnOGkZKHj4Ivk%3D&t=4d5b0474&ps=13740610&shp=81f88b70&shcp=43f4a2f9&idc=my&ftpl=1,,14.6K,anime-and-comics
https://www.tiktok.com/@tangca/video/7525688405934607638,https://p16-pu-sign-no.tiktokcdn-eu.com/tos-no1a-p-0037-no/o8gwDIgIE4DAckAFJxBSFon2eTgFREBlIqd8fL~tplv-photomode-zoomcover:480:480.jpeg?dr=14555&x-expires=1752840000&x-signature=GaQL9XPeb6%2F%2B8EZ63z8kCBdAX9s%3D&t=4d5b0474&ps=13740610&shp=81f88b70&shcp=43f4a2f9&idc=my&ftpl=1,,20.7K,anime-and-comics
https://www.tiktok.com/@troncinearb/video/7524583554408369415,https://p16-sign-sg.tiktokcdn.com/tos-alisg-p-0037/oUEsIAAAKshNAOB0biBMf1UBHh4BxiAwKblOBw~tplv-photomode-zoomcover:480:480.jpeg?dr=14555&x-expires=1752840000&x-signature=26M6Yui250%2BLST2LHTPsCW8pWjc%3D&t=4d5b0474&ps=13740610&shp=81f88b70&shcp=43f4a2f9&idc=my&ftpl=1,,124.2K,anime-and-comics
https://www.tiktok.com/@rubishorts2023/video/7524571566529678623,https://p16-pu-sign-useast8.tiktokcdn-us.com/tos-useast8-p-0068-tx2/oAviaBAABliRBypscqEEI8ADR7LJp2lrgwGVV~tplv-photomode-zoomcover:480:480.jpeg?dr=14555&x-expires=1752840000&x-signature=rl4UYKeB08FlcBYsz8m7YqBQ3wk%3D&t=4d5b0474&ps=13740610&shp=81f88b70&shcp=43f4a2f9&idc=my&ftpl=1,,8220,anime-and-comics
https://www.tiktok.com/@memekingdomtv/video/7524159460756049160,https://p16-sign-sg.tiktokcdn.com/tos-alisg-p-0037/o4AilCxMAMBEGB0JiALXWarVBvIYUzEPAAs0q~tplv-photomode-zoomcover:480:480.jpeg?dr=14555&x-expires=1752840000&x-signature=igI2bxilPI1YfHl7JOgzN6u8b3M%3D&t=4d5b0474&ps=13740610&shp=81f88b70&shcp=43f4a2f9&idc=my&ftpl=1,,1.9M,anime-and-comics
https://www.tiktok.com/@rudolfiogk/video/7525387205569744158,https://p16-pu-sign-useast8.tiktokcdn-us.com/tos-useast8-p-0068-tx2/oIB5sqEAKlAibi8iBXKX7Nf9AVByiBAIhAt02v~tplv-photomode-zoomcover:480:480.jpeg?dr=14555&x-expires=1752840000&x-signature=xHOpmqucYlGdxaRTpGJVC3CicBc%3D&t=4d5b0474&ps=13740610&shp=81f88b70&shcp=43f4a2f9&idc=my&ftpl=1,,31.6K,anime-and-comics
https://www.tiktok.com/@qn._kanie/video/7523179482342198536,https://p16-sign-sg.tiktokcdn.com/tos-alisg-p-0037/oI4ghtZaAJNE7hUoRk2BBEOV8EQeQCFPUz4ZfD~tplv-photomode-zoomcover:480:480.jpeg?dr=14555&x-expires=1752840000&x-signature=kiLkqFmDfPx1MjfNJoxyg1Yhfcw%3D&t=4d5b0474&ps=13740610&shp=81f88b70&shcp=43f4a2f9&idc=my&ftpl=1,,253.2K,anime-and-comics
https://www.tiktok.com/@kidzuna._/video/7524736201455193365,https://p16-sign-sg.tiktokcdn.com/tos-alisg-p-0037/oADbcI5QDi0uTCddgEf3AOAAnFcMAoBCmnSVea~tplv-photomode-zoomcover:480:480.jpeg?dr=14555&x-expires=1752840000&x-signature=ncsx37%2FFNKQ%2FsfgzRSYyK06CCtM%3D&t=4d5b0474&ps=13740610&shp=81f88b70&shcp=43f4a2f9&idc=my&ftpl=1,,790.8K,anime-and-comics
https://www.tiktok.com/@xjxhgahdm/video/7519782744184999198,https://p16-pu-sign-useast8.tiktokcdn-us.com/tos-useast8-p-0068-tx2/o8EbIBIXjoetAxDQ0FN6fshYTTlIfEPAq80pCI~tplv-photomode-zoomcover:480:480.jpeg?dr=14555&x-expires=1752840000&x-signature=hBazcy%2FLtxEwq%2Bh1%2FBdcxpFVtcs%3D&t=4d5b0474&ps=13740610&shp=81f88b70&shcp=43f4a2f9&idc=my&ftpl=1,,3.4M,anime-and-comics
https://www.tiktok.com/@rubishorts2023/video/7523564710055267615,https://p16-pu-sign-useast8.tiktokcdn-us.com/tos-useast8-p-0068-tx2/okpfAaDBuIoaF1uJkVfBREFBnhBuERERAEEp0E~tplv-photomode-zoomcover:480:480.jpeg?dr=14555&x-expires=1752840000&x-signature=R2q%2B5v%2BC9zzEj9pRwsoURsNNf2M%3D&t=4d5b0474&ps=13740610&shp=81f88b70&shcp=43f4a2f9&idc=my&ftpl=1,,25.9K,anime-and-comics
https://www.tiktok.com/@phamthang.2004/video/7524322221112806678,https://p16-pu-sign-no.tiktokcdn-eu.com/tos-no1a-p-0037-no/okmrcMgafAImcLpTBDRoAzBIwEFkFENVI8YITe~tplv-photomode-zoomcover:480:480.jpeg?dr=14555&x-expires=1752840000&x-signature=WVma5t%2BqEyrLzYELckEi5VX%2B5ik%3D&t=4d5b0474&ps=13740610&shp=81f88b70&shcp=43f4a2f9&idc=my&ftpl=1,,78.2K,anime-and-comics
https://www.tiktok.com/@maderezs/video/7524788882534108434,https://p16-sign-sg.tiktokcdn.com/tos-alisg-p-0037/oMWoCazAE5vFHD1A4geIbsDAVt4LDBAgCfLQjU~tplv-photomode-zoomcover:480:480.jpeg?dr=14555&x-expires=1752840000&x-signature=3V526wQ26fI953pkKi%2BoZpq6RIA%3D&t=4d5b0474&ps=13740610&shp=81f88b70&shcp=43f4a2f9&idc=my&ftpl=1,,542.1K,anime-and-comics
https://www.tiktok.com/@thegioianime_rr88/video/7525059946459696391,https://p16-sign-sg.tiktokcdn.com/tos-alisg-p-0037/oEquKz590EKABAA7YBNi0BEiIKBAccAjLwfAhE~tplv-photomode-zoomcover:480:480.jpeg?dr=14555&x-expires=1752840000&x-signature=bcU1MsvcAheWgDstNaXICSvWJ%2Bs%3D&t=4d5b0474&ps=13740610&shp=81f88b70&shcp=43f4a2f9&idc=my&ftpl=1,,22.9K,anime-and-comics
https://www.tiktok.com/@wibubymike.y2o/video/7525998970972196104,https://p16-sign-sg.tiktokcdn.com/tos-alisg-p-0037/o4g4WEbNoBFhuexrADBddxGcFAgEUIfRDEcyxo~tplv-photomode-zoomcover:480:480.jpeg?dr=14555&x-expires=1752840000&x-signature=NcpIKqu9CbRBTiNLI1W05K3LlOQ%3D&t=4d5b0474&ps=13740610&shp=81f88b70&shcp=43f4a2f9&idc=my&ftpl=1,,39K,anime-and-comics
https://www.tiktok.com/@tangca/video/7526025735430081814,https://p16-pu-sign-no.tiktokcdn-eu.com/tos-no1a-p-0037-no/osNUjAlXdkBeuEQoDcFfFBg3ToMICcI7R2D6EH~tplv-photomode-zoomcover:480:480.jpeg?dr=14555&x-expires=1752840000&x-signature=ur49%2B%2BFxuK%2FCDq%2BWWIlX3vUePdQ%3D&t=4d5b0474&ps=13740610&shp=81f88b70&shcp=43f4a2f9&idc=my&ftpl=1,,7190,anime-and-comics
https://www.tiktok.com/@bugcat_capoo_official/video/7525796290240711942,https://p16-sign-va.tiktokcdn.com/tos-maliva-p-0068/o8cDjO9IYGGQEgOgZELhAfXGAwkjQFf8efwR88~tplv-photomode-zoomcover:480:480.jpeg?dr=14555&x-expires=1752840000&x-signature=1IZz%2FUg56waVtSQB%2FGrXjM1Fygw%3D&t=4d5b0474&ps=13740610&shp=81f88b70&shcp=43f4a2f9&idc=my&ftpl=1,,1.2M,anime-and-comics
https://www.tiktok.com/@kewbi_/video/7523949083183156487,https://p9-sign-sg.tiktokcdn.com/tos-alisg-p-0037/oYwxAeIQQDAQZV1eG3LoUjL7w763LIAfGCNjCP~tplv-photomode-zoomcover:480:480.jpeg?dr=14555&x-expires=1752840000&x-signature=XPvCTxTU9eiAaGY60UoDVnhTV%2F0%3D&t=4d5b0474&ps=13740610&shp=81f88b70&shcp=43f4a2f9&idc=my&ftpl=1,,285.3K,anime-and-comics
https://www.tiktok.com/@tolamnguyen123/video/7526525663818304786,https://p16-sign-sg.tiktokcdn.com/tos-alisg-p-0037/owtIeluzEoWI4O5CozmGeDfj4zALAsyAc3UQIH~tplv-photomode-zoomcover:480:480.jpeg?dr=14555&x-expires=1752840000&x-signature=8UaOLvbi7OdkMRKlckcJiqS2u44%3D&t=4d5b0474&ps=13740610&shp=81f88b70&shcp=43f4a2f9&idc=my&ftpl=1,,35.6K,anime-and-comics
https://www.tiktok.com/@kidzuna._/video/7525059380149095700,https://p16-sign-sg.tiktokcdn.com/tos-alisg-p-0037/o0D34IfQDowMMEw6AEfzAeAAgFcZAQDEspkrqc~tplv-photomode-zoomcover:480:480.jpeg?dr=14555&x-expires=1752840000&x-signature=UKKJg36dJ%2BcErqLMUN7E%2FtPqzTs%3D&t=4d5b0474&ps=13740610&shp=81f88b70&shcp=43f4a2f9&idc=my&ftpl=1,,387K,anime-and-comics
https://www.tiktok.com/@ricoanimations0/video/7525829306556108040,https://p16-sign-sg.tiktokcdn.com/tos-alisg-p-0037/oUeEBc9UFQARuMZAnvOzifBL8gEumBDjoIhRBF~tplv-photomode-zoomcover:480:480.jpeg?dr=14555&x-expires=1752840000&x-signature=eQST3b56cqr2gHf1iIGSq2Cxjfk%3D&t=4d5b0474&ps=13740610&shp=81f88b70&shcp=43f4a2f9&idc=my&ftpl=1,,1.4M,anime-and-comics
https://www.tiktok.com/@maderezs/video/7525198833618357512,https://p9-sign-sg.tiktokcdn.com/tos-alisg-p-0037/oAAiAlIO9AAdg4YAAEGdanBGPPgH7pVBEuali~tplv-photomode-zoomcover:480:480.jpeg?dr=14555&x-expires=1752840000&x-signature=wYYKlyyCb5D9UbKA6b89XBPHP6k%3D&t=4d5b0474&ps=13740610&shp=81f88b70&shcp=43f4a2f9&idc=my&ftpl=1,,1M,anime-and-comics
https://www.tiktok.com/@kyanbian.88/video/7526586593273072909,https://p19-sign.tiktokcdn-us.com/tos-useast5-p-0068-tx/oUinbCRQQ7HfZ95nC1FEA1DeI5AjHBvQIPfak5~tplv-photomode-zoomcover:480:480.jpeg?dr=14555&x-expires=1752840000&x-signature=sp5T6DdafKBPun5a4IR4h5%2BoayY%3D&t=4d5b0474&ps=13740610&shp=81f88b70&shcp=43f4a2f9&idc=my&ftpl=1,,10K,anime-and-comics
https://www.tiktok.com/@p_shiri/video/7524922859563584786,https://p16-sign-sg.tiktokcdn.com/tos-alisg-p-0037/ocAlDIXQoEqDdjWITttfCF52dDy7beIfXdzrcA~tplv-photomode-zoomcover:720:720.jpeg?dr=14555&x-expires=1752840000&x-signature=R6Q%2B%2FAv%2BshDH5%2BgpReILdYVMcpA%3D&t=4d5b0474&ps=13740610&shp=81f88b70&shcp=43f4a2f9&idc=my&ftpl=1,,296.1K,relationship
https://www.tiktok.com/@louispham_203/video/7526537160523091207,https://p16-sign-sg.tiktokcdn.com/tos-alisg-p-0037/oE7pRdiIIAw0e4OPOoiqzuFGlbA3bCAnBAdIB1~tplv-photomode-zoomcover:720:720.jpeg?dr=14555&x-expires=1752840000&x-signature=l7%2FoItHKsYSBXiPifqO%2B3AxUYZU%3D&t=4d5b0474&ps=13740610&shp=81f88b70&shcp=43f4a2f9&idc=my&ftpl=1,,297.3K,relationship
https://www.tiktok.com/@thomanh1993/video/7525796320473353528,https://p16-sign-va.tiktokcdn.com/tos-maliva-p-0068/oQAFZ9jDVihgeEAuvHGf0gtfkwfGI3LAxToRkj~tplv-photomode-zoomcover:720:720.jpeg?dr=14555&x-expires=1752840000&x-signature=8GPDL9Tc7CLJprKxRO1hoIr%2Bpsc%3D&t=4d5b0474&ps=13740610&shp=81f88b70&shcp=43f4a2f9&idc=my&ftpl=1,,82.8K,relationship
https://www.tiktok.com/@lyvdat/video/7523936131998829832,https://p16-sign-sg.tiktokcdn.com/tos-alisg-p-0037/oQdi1CAKIrIqZHYfav3jqIT90BDZmBSANEiwAA~tplv-photomode-zoomcover:720:720.jpeg?dr=14555&x-expires=1752840000&x-signature=9xYTWWfL6FjEC9NJRFQhZbSAa8Y%3D&t=4d5b0474&ps=13740610&shp=81f88b70&shcp=43f4a2f9&idc=my&ftpl=1,,50.8K,relationship
https://www.tiktok.com/@demitrovaaa/video/7524033509288152327,https://p16-sign-sg.tiktokcdn.com/tos-alisg-p-0037/ogou1ckjWgGJIeDDIQXAqdGDLbehACUAmgDqve~tplv-photomode-zoomcover:720:720.jpeg?dr=14555&x-expires=1752840000&x-signature=4evKb5eU9zgNd3G%2BiV5O9HRjmZ8%3D&t=4d5b0474&ps=13740610&shp=81f88b70&shcp=43f4a2f9&idc=my&ftpl=1,,1.3M,relationship
https://www.tiktok.com/@xuanphi68/video/7526193945928355090,https://p16-sign-sg.tiktokcdn.com/tos-alisg-p-0037/oomKUFDlREByOIZm5yEIulBAaB4gYfURcof94R~tplv-photomode-zoomcover:720:720.jpeg?dr=14555&x-expires=1752840000&x-signature=ipa5vEPtm%2BGtii0nbhCORu91D%2BA%3D&t=4d5b0474&ps=13740610&shp=81f88b70&shcp=43f4a2f9&idc=my&ftpl=1,,28.8K,relationship
https://www.tiktok.com/@artychipchip/video/7518388477076180242,https://p9-sign-sg.tiktokcdn.com/tos-alisg-p-0037/o8A9XVeLDQCPQtqzArFAo3jf1EfmQADIE2ANIr~tplv-photomode-zoomcover:720:720.jpeg?dr=14555&x-expires=1752840000&x-signature=9AzQSdWZmoqMNKYD0c%2BYSLVYnZw%3D&t=4d5b0474&ps=13740610&shp=81f88b70&shcp=43f4a2f9&idc=my&ftpl=1,,163.9K,relationship
https://www.tiktok.com/@vochonghienlinh/video/7525848998473764104,https://p16-sign-sg.tiktokcdn.com/tos-alisg-p-0037/o8LHxYQyaI6lEMl8AASAABTLEzuviPBEBA4iI~tplv-photomode-zoomcover:720:720.jpeg?dr=14555&x-expires=1752840000&x-signature=hsY7KmDK8Vh%2Bi3EZ1mkhkPqL6IA%3D&t=4d5b0474&ps=13740610&shp=81f88b70&shcp=43f4a2f9&idc=my&ftpl=1,,64.3K,relationship
https://www.tiktok.com/@htthim.204/video/7526442646789786887,https://p16-sign-sg.tiktokcdn.com/tos-alisg-p-0037/osAUw6wfRoEfDUBFCMDmTuF0A38cgAlIIVlAQE~tplv-photomode-zoomcover:720:720.jpeg?dr=14555&x-expires=1752840000&x-signature=gC4Plc2LPGew4OPKySKIdgWPJZg%3D&t=4d5b0474&ps=13740610&shp=81f88b70&shcp=43f4a2f9&idc=my&ftpl=1,,271.5K,relationship
https://www.tiktok.com/@perry_biene97/video/7524405130100329750,https://p16-pu-sign-no.tiktokcdn-eu.com/tos-no1a-p-0037-no/o8N6Ho8jfABeFTDZEU0Y6tQgaFRGAbPuEkEQFK~tplv-photomode-zoomcover:720:720.jpeg?dr=14555&x-expires=1752840000&x-signature=4AoIgPKGKoSxOU6j%2Bj4o0%2FkJZME%3D&t=4d5b0474&ps=13740610&shp=81f88b70&shcp=43f4a2f9&idc=my&ftpl=1,,41.8K,relationship
https://www.tiktok.com/@kyduyn997/video/7524192283369966855,https://p16-sign-sg.tiktokcdn.com/tos-alisg-p-0037/oY6rIaRx0IqRCOAwTANiGNZiIFBGZzA5owf6QC~tplv-photomode-zoomcover:720:720.jpeg?dr=14555&x-expires=1752840000&x-signature=AcIut0icBdBOeO2%2BN1YZ%2FiWivuk%3D&t=4d5b0474&ps=13740610&shp=81f88b70&shcp=43f4a2f9&idc=my&ftpl=1,,379.4K,relationship
https://www.tiktok.com/@viethung.mtp/video/7524573344503647506,https://p16-sign-sg.tiktokcdn.com/tos-alisg-p-0037/o4pEbiwBgEwBJcJifYoRBBA2IVs15bI2Kfw13U~tplv-photomode-zoomcover:720:720.jpeg?dr=14555&x-expires=1752840000&x-signature=9jssbbJsU0Lvaw7l96DjuDIvj9c%3D&t=4d5b0474&ps=13740610&shp=81f88b70&shcp=43f4a2f9&idc=my&ftpl=1,,45K,relationship
https://www.tiktok.com/@_kimmanhquyen_/video/7526849680198700295,https://p16-sign-sg.tiktokcdn.com/tos-alisg-p-0037/oMA6fbM8jQQoHoDrECMSQvWXAeJ6AAsQo0eAgI~tplv-photomode-zoomcover:720:720.jpeg?dr=14555&x-expires=1752840000&x-signature=IdCtY6e%2F8nW%2BtcVEzhV1nJMFzII%3D&t=4d5b0474&ps=13740610&shp=81f88b70&shcp=43f4a2f9&idc=my&ftpl=1,,301.9K,relationship
https://www.tiktok.com/@dieunhiofficial/video/7526921578601270559,https://p16-pu-sign-useast8.tiktokcdn-us.com/tos-useast8-p-0068-tx2/oEAy3qkfRoEHDVESCuDpH9FPA2WdAA2IZqfAQE~tplv-photomode-zoomcover:720:720.jpeg?dr=14555&x-expires=1752840000&x-signature=CZoF317J3yhMLv2IGY85OtuD0kE%3D&t=4d5b0474&ps=13740610&shp=81f88b70&shcp=43f4a2f9&idc=my&ftpl=1,,200.8K,relationship
https://www.tiktok.com/@doan.phan.hoang.hieu/video/7523723917559663879,https://p16-sign-sg.tiktokcdn.com/tos-alisg-p-0037/owiVEfHzDBpoFIcE8pEoaDIxaBUIMfTgrVR2IA~tplv-photomode-zoomcover:720:720.jpeg?dr=14555&x-expires=1752840000&x-signature=PFa%2BwvUow5H26hV1jkPTmbVHWIc%3D&t=4d5b0474&ps=13740610&shp=81f88b70&shcp=43f4a2f9&idc=my&ftpl=1,,126.3K,relationship
https://www.tiktok.com/@nhandaily99/video/7525992804368289032,https://p16-sign-sg.tiktokcdn.com/tos-alisg-p-0037/okIjQABARZUcAaDo3FDxfxfKmK8EbEAgUmbTCd~tplv-photomode-zoomcover:720:720.jpeg?dr=14555&x-expires=1752840000&x-signature=yTc%2BeczD%2BON3kyFa7gjseaTApYc%3D&t=4d5b0474&ps=13740610&shp=81f88b70&shcp=43f4a2f9&idc=my&ftpl=1,,49.2K,relationship
https://www.tiktok.com/@aocuoihoangtrinhst/video/7526036672828443911,https://p9-sign-sg.tiktokcdn.com/tos-alisg-p-0037/oMXgrqtnAapEdtUoRWABBzpNQEQfQKFj2zicfD~tplv-photomode-zoomcover:720:720.jpeg?dr=14555&x-expires=1752840000&x-signature=xqsx3YjzSBGVWscBrNztOKrL8wU%3D&t=4d5b0474&ps=13740610&shp=81f88b70&shcp=43f4a2f9&idc=my&ftpl=1,,58.3K,relationship
https://www.tiktok.com/@mvnelm/video/7521813250623819030,https://p16-pu-sign-no.tiktokcdn-eu.com/tos-no1a-p-0037-no/oA84sb7IxDLXZ6aIDQf5fEADsABAqQfNMIjFQD~tplv-photomode-zoomcover:720:720.jpeg?dr=14555&x-expires=1752840000&x-signature=HTn0HuvleLJc8fCg8kG8%2BMXIo%2Bo%3D&t=4d5b0474&ps=13740610&shp=81f88b70&shcp=43f4a2f9&idc=my&ftpl=1,,979.3K,relationship
https://www.tiktok.com/@thuongtourist/video/7524671312741125394,https://p16-sign-sg.tiktokcdn.com/tos-alisg-p-0037/osijvADG0C1EBJYwAJAPaZx9XLrIOIBAtqi0R~tplv-photomode-zoomcover:720:720.jpeg?dr=14555&x-expires=1752840000&x-signature=ye29Xmt01puKMgGu%2FO%2FcWkGveCI%3D&t=4d5b0474&ps=13740610&shp=81f88b70&shcp=43f4a2f9&idc=my&ftpl=1,,48.2K,relationship
https://www.tiktok.com/@thoanguyen1393/video/7523957960666615058,https://p9-sign-sg.tiktokcdn.com/tos-alisg-p-0037/o0QUQNDSj7C1ACDQAFz0f0NngxxIfESAopOfC2~tplv-photomode-zoomcover:720:720.jpeg?dr=14555&x-expires=1752840000&x-signature=sNInSgWPxCjg8eN3YLuNgNM4%2FSo%3D&t=4d5b0474&ps=13740610&shp=81f88b70&shcp=43f4a2f9&idc=my&ftpl=1,,84.1K,relationship
https://www.tiktok.com/@anhgau567.8/video/7526095653701831954,https://p16-sign-sg.tiktokcdn.com/tos-alisg-p-0037/o0a2ECqhkIIEvzIJHYCiUAcIBvhqdgiyBCXAP~tplv-photomode-zoomcover:720:720.jpeg?dr=14555&x-expires=1752840000&x-signature=LSOwxfcT5E19XeI9%2FMh1VL9tGhc%3D&t=4d5b0474&ps=13740610&shp=81f88b70&shcp=43f4a2f9&idc=my&ftpl=1,,107.1K,relationship
https://www.tiktok.com/@hoangghuyyvu/video/7525801629803728136,https://p16-sign-sg.tiktokcdn.com/tos-alisg-p-0037/okZQXrnMBDCcdU0iVqFDgSQERA9eGHwfEDBoAQ~tplv-photomode-zoomcover:720:720.jpeg?dr=14555&x-expires=1752840000&x-signature=VaRY4zolpUbpoK6ytPK1xi5lSsw%3D&t=4d5b0474&ps=13740610&shp=81f88b70&shcp=43f4a2f9&idc=my&ftpl=1,,48.1K,relationship
https://www.tiktok.com/@sweetie_strawpie/video/7525496412646280455,https://p16-sign-sg.tiktokcdn.com/tos-alisg-p-0037/oMjC8FDSDhMfNw3iyQxlAyovCpIIIlrPDe7fEA~tplv-photomode-zoomcover:720:720.jpeg?dr=14555&x-expires=1752840000&x-signature=JBwHIosPa%2F3yEOf7114n7avWW7w%3D&t=4d5b0474&ps=13740610&shp=81f88b70&shcp=43f4a2f9&idc=my&ftpl=1,,54.9K,relationship
https://www.tiktok.com/@vbiznews/video/7525352701639609618,https://p16-sign-sg.tiktokcdn.com/tos-alisg-p-0037/okAGpBHlaE7biyIlrAq5GaYiVA9ABA2PZvAFT~tplv-photomode-zoomcover:720:720.jpeg?dr=14555&x-expires=1752840000&x-signature=rvV1c6HcuLawmHXatphuFajNLl8%3D&t=4d5b0474&ps=13740610&shp=81f88b70&shcp=43f4a2f9&idc=my&ftpl=1,,348.2K,shows
https://www.tiktok.com/@showbiznhatbao/video/7526554367042784528,https://p16-sign-sg.tiktokcdn.com/tos-alisg-p-0037/oYABDW6z6OoIfBIdzhB6FIGbUcsRifigROTEMw~tplv-photomode-zoomcover:720:720.jpeg?dr=14555&x-expires=1752840000&x-signature=p%2B2MgzNLIzgZ9gYr8PnI3u2HHDI%3D&t=4d5b0474&ps=13740610&shp=81f88b70&shcp=43f4a2f9&idc=my&ftpl=1,,183.6K,shows
https://www.tiktok.com/@nguyettduylinh/video/7525071346389372173,https://p19-sign.tiktokcdn-us.com/tos-useast5-p-0068-tx/o0JCOvzuGwTIBu5IAQ7iAfApbBNiEnNs0rYO7J~tplv-photomode-zoomcover:720:720.jpeg?dr=14555&x-expires=1752840000&x-signature=a7EP%2BTsNLJYe0YK2gA5f3apRy2w%3D&t=4d5b0474&ps=13740610&shp=81f88b70&shcp=43f4a2f9&idc=my&ftpl=1,,160.1K,shows
https://www.tiktok.com/@tuduylinh/video/7526354400307154207,https://p16-pu-sign-useast8.tiktokcdn-us.com/tos-useast8-p-0068-tx2/oIJCQ6BoEAPQvLR8dEO4fDGAl0qDcFrtvVIeoE~tplv-photomode-zoomcover:720:720.jpeg?dr=14555&x-expires=1752840000&x-signature=ke4N1czuj1%2B8FGP1gnq9jt5NxBU%3D&t=4d5b0474&ps=13740610&shp=81f88b70&shcp=43f4a2f9&idc=my&ftpl=1,,78K,shows
https://www.tiktok.com/@meowentertainmentvn/video/7526168967916932372,https://p16-sign-sg.tiktokcdn.com/tos-alisg-p-0037/ogExdRCoGcyULF5KlfBDtgAEUnBfAXqAQIAREl~tplv-photomode-zoomcover:720:720.jpeg?dr=14555&x-expires=1752840000&x-signature=vbpNhp0u9lkZvVxaS3zATFuQ1ak%3D&t=4d5b0474&ps=13740610&shp=81f88b70&shcp=43f4a2f9&idc=my&ftpl=1,,118K,shows
https://www.tiktok.com/@kenh14disoisaodi/video/7524732846154583313,https://p16-sign-sg.tiktokcdn.com/tos-alisg-p-0037/oobAcBETWqDMROgug1FTFeaBfyUHDoQEccQuh1~tplv-photomode-zoomcover:720:720.jpeg?dr=14555&x-expires=1752840000&x-signature=Mfjq83G18Hvqs3L4qzK2qjBu%2F%2FM%3D&t=4d5b0474&ps=13740610&shp=81f88b70&shcp=43f4a2f9&idc=my&ftpl=1,,43.7K,shows
https://www.tiktok.com/@cameravietnam1988/video/7525511899937623313,https://p16-sign-sg.tiktokcdn.com/tos-alisg-p-0037/oEAAefEeYANoAftUBmtAAkaDjn4fGAYhgqA7Ef~tplv-photomode-zoomcover:720:720.jpeg?dr=14555&x-expires=1752840000&x-signature=1chnbbSYpCVWBL3M%2BhKAlLa%2Bmn0%3D&t=4d5b0474&ps=13740610&shp=81f88b70&shcp=43f4a2f9&idc=my&ftpl=1,,90.7K,shows
https://www.tiktok.com/@windmusic221/video/7526520966592220423,https://p9-sign-sg.tiktokcdn.com/tos-alisg-p-0037/oEySoRVFBkdiaiuEOzYAZWE4zI9BVKbAHQBvv~tplv-photomode-zoomcover:720:720.jpeg?dr=14555&x-expires=1752840000&x-signature=QzAul0HkFEYK7TnsV6nKf6hm8ao%3D&t=4d5b0474&ps=13740610&shp=81f88b70&shcp=43f4a2f9&idc=my&ftpl=1,,108.4K,shows
https://www.tiktok.com/@tuduylinh/video/7526350105981521182,https://p16-pu-sign-useast8.tiktokcdn-us.com/tos-useast8-p-0068-tx2/ooDmy6faB0fvoF8EF9zBAcV0EcIE9I6ARHJjB8~tplv-photomode-zoomcover:720:720.jpeg?dr=14555&x-expires=1752840000&x-signature=j14bHg67vm%2BegeSyl7GKiBk%2Bnwk%3D&t=4d5b0474&ps=13740610&shp=81f88b70&shcp=43f4a2f9&idc=my&ftpl=1,,86.8K,shows
https://www.tiktok.com/@vbiznews/video/7525822330644303105,https://p16-sign-sg.tiktokcdn.com/tos-alisg-p-0037/o4AxBA92gkvlQHxiEp0J2XYFBAIaAiJXEAIAE~tplv-photomode-zoomcover:720:720.jpeg?dr=14555&x-expires=1752840000&x-signature=zMVq3%2FzD00x5cy8DPx607KhwH9Y%3D&t=4d5b0474&ps=13740610&shp=81f88b70&shcp=43f4a2f9&idc=my&ftpl=1,,48.3K,shows
https://www.tiktok.com/@kenhnhacgenz/video/7525127552994774293,https://p16-sign-sg.tiktokcdn.com/tos-alisg-p-0037/oo9RrjLuHIGYf0BA02IAefIDhdQfGnJGQz1nPF~tplv-photomode-zoomcover:720:720.jpeg?dr=14555&x-expires=1752840000&x-signature=l2llm%2FyOtZVKvMj6ks45PFhLsp8%3D&t=4d5b0474&ps=13740610&shp=81f88b70&shcp=43f4a2f9&idc=my&ftpl=1,,239K,shows
https://www.tiktok.com/@meowentertainmentvn/video/7526622464776965396,https://p16-sign-sg.tiktokcdn.com/tos-alisg-p-0037/o0fQb3jBIvD5CzLE67F9OEA0DeAwIAE9eQAoXA~tplv-photomode-zoomcover:720:720.jpeg?dr=14555&x-expires=1752840000&x-signature=AQi6LglQHZh85m7MT3MsCt32O8w%3D&t=4d5b0474&ps=13740610&shp=81f88b70&shcp=43f4a2f9&idc=my&ftpl=1,,72.4K,shows
https://www.tiktok.com/@4jennie80/video/7524677374626286855,https://p16-sign-sg.tiktokcdn.com/tos-alisg-p-0037/oIoDIaUEADEf7gAACDJCfFGyYBUi3QYnRQbs5A~tplv-photomode-zoomcover:720:720.jpeg?dr=14555&x-expires=1752840000&x-signature=r9RzAVa6MC7DfnRzCgdofW2pP%2FU%3D&t=4d5b0474&ps=13740610&shp=81f88b70&shcp=43f4a2f9&idc=my&ftpl=1,,857.9K,shows
https://www.tiktok.com/@sangmatchuaa/video/7526801755192053000,https://p16-sign-sg.tiktokcdn.com/tos-alisg-p-0037/o8NqEfUaDB1oFhTEb0EkJjIldBUI7Yeg3rR9GA~tplv-photomode-zoomcover:720:720.jpeg?dr=14555&x-expires=1752840000&x-signature=gAWOTgLWDPV6YNW87Z67NdnotlY%3D&t=4d5b0474&ps=13740610&shp=81f88b70&shcp=43f4a2f9&idc=my&ftpl=1,,120.7K,shows
https://www.tiktok.com/@vutrunews1/video/7524951258961038600,https://p16-sign-sg.tiktokcdn.com/tos-alisg-p-0037/o8QDQ2A9vjyfEEQLtI5DYUAAEDonbvAIJAfFrf~tplv-photomode-zoomcover:720:720.jpeg?dr=14555&x-expires=1752840000&x-signature=dqjDr0Rj3IhvOmcKqEP3uamLX%2Bw%3D&t=4d5b0474&ps=13740610&shp=81f88b70&shcp=43f4a2f9&idc=my&ftpl=1,,48.4K,shows
https://www.tiktok.com/@edwardnhieuchuyen/video/7522449625983225095,https://p16-sign-sg.tiktokcdn.com/tos-alisg-p-0037/ogrNGfqXBAN0itMC7liHolIBMAqITlNwxyIQ2A~tplv-photomode-zoomcover:720:720.jpeg?dr=14555&x-expires=1752840000&x-signature=WvGiAZQ97SwQt2S6zFgjnlBehMQ%3D&t=4d5b0474&ps=13740610&shp=81f88b70&shcp=43f4a2f9&idc=my&ftpl=1,,100.8K,shows
https://www.tiktok.com/@queendrama2025/video/7525305716396084498,https://p16-sign-sg.tiktokcdn.com/tos-alisg-p-0037/oYzvBiFTCGSX9ApBIbaiE8YgIC8mzEyVQAvBA~tplv-photomode-zoomcover:720:720.jpeg?dr=14555&x-expires=1752840000&x-signature=wnk94KAiTy9jXov1AemQMQlMfPI%3D&t=4d5b0474&ps=13740610&shp=81f88b70&shcp=43f4a2f9&idc=my&ftpl=1,,75.3K,shows
https://www.tiktok.com/@quangtuanofficial0302/video/7524927038541647105,https://p9-sign-sg.tiktokcdn.com/tos-alisg-p-0037/oUbioAOIjQQAqoRftDIAW6DQAeyFEDSeEAOl02~tplv-photomode-zoomcover:720:720.jpeg?dr=14555&x-expires=1752840000&x-signature=qYiGIz4M0ad1XUCi7540b5EdhWg%3D&t=4d5b0474&ps=13740610&shp=81f88b70&shcp=43f4a2f9&idc=my&ftpl=1,,608K,shows
https://www.tiktok.com/@hothitshowbiz/video/7526588241898736903,https://p16-sign-sg.tiktokcdn.com/tos-alisg-p-0037/o8Y1iEa0BRAgPgz0HCVNEDiIBudPu0iIYPZjA~tplv-photomode-zoomcover:720:720.jpeg?dr=14555&x-expires=1752840000&x-signature=KdcrOKuMUMnRvkwrnn7BvcVssZ8%3D&t=4d5b0474&ps=13740610&shp=81f88b70&shcp=43f4a2f9&idc=my&ftpl=1,,237K,shows
https://www.tiktok.com/@lynn0293/video/7525784339053907208,https://p16-sign-sg.tiktokcdn.com/tos-alisg-p-0037/o0awPAYoQIYHOBVoFFiF0iRCIE9RBymADN8DN~tplv-photomode-zoomcover:720:720.jpeg?dr=14555&x-expires=1752840000&x-signature=bjskmDGEtI3e2O%2FwDIVCYhP7pcc%3D&t=4d5b0474&ps=13740610&shp=81f88b70&shcp=43f4a2f9&idc=my&ftpl=1,,140.6K,shows
https://www.tiktok.com/@cauvongshowbiz/video/7524984222646324498,https://p16-sign-sg.tiktokcdn.com/tos-alisg-p-0037/oMqoN74IlIRXCHXAi0wwF6B9iifGAAUHBIkuuU~tplv-photomode-zoomcover:720:720.jpeg?dr=14555&x-expires=1752840000&x-signature=uepbwd%2FGKRCyJ1%2B7xJrDrjGe9W4%3D&t=4d5b0474&ps=13740610&shp=81f88b70&shcp=43f4a2f9&idc=my&ftpl=1,,18.5K,shows
https://www.tiktok.com/@conkhom.khomcon/video/7524575640033496327,https://p16-sign-sg.tiktokcdn.com/tos-alisg-p-0037/o4TAjT0IssbBYA5qwSqblfiviCAIVBNyXJ7odE~tplv-photomode-zoomcover:720:720.jpeg?dr=14555&x-expires=1752840000&x-signature=mbzEQ6%2F4PbQPMeP6BFNZ95j3RMY%3D&t=4d5b0474&ps=13740610&shp=81f88b70&shcp=43f4a2f9&idc=my&ftpl=1,,57.9K,shows
https://www.tiktok.com/@showbiznhatbao/video/7526603186086481153,https://p9-sign-sg.tiktokcdn.com/tos-alisg-p-0037/oYrjGIAfQRQKweI8QCnwMoLY75AcuDe7TVActZ~tplv-photomode-zoomcover:720:720.jpeg?dr=14555&x-expires=1752840000&x-signature=qp6J9x2BmqT7DEjW5O96%2F9prcdU%3D&t=4d5b0474&ps=13740610&shp=81f88b70&shcp=43f4a2f9&idc=my&ftpl=1,,37.4K,shows
https://www.tiktok.com/@huynhlapofficial/video/7526150844094369042,https://p16-sign-sg.tiktokcdn.com/tos-alisg-p-0037/ogwAamgUI5oVk2lvyHiYD1I9QEJCiBaAQZ1ZB~tplv-photomode-zoomcover:720:720.jpeg?dr=14555&x-expires=1752840000&x-signature=ZyRwOB5N%2B%2Fv4vGPMRnkPtbsGt6s%3D&t=4d5b0474&ps=13740610&shp=81f88b70&shcp=43f4a2f9&idc=my&ftpl=1,,340.1K,shows
https://www.tiktok.com/@nlinh_o0/video/7525014544935030024,https://p16-sign-sg.tiktokcdn.com/tos-alisg-p-0037/owuEIYBGj7SAE4FiEOKa8VAvBOSlB4i7vaEAl~tplv-photomode-zoomcover:720:720.jpeg?dr=14555&x-expires=1752840000&x-signature=EcP6airdu5MY06sco7lcdr3ABFY%3D&t=4d5b0474&ps=13740610&shp=81f88b70&shcp=43f4a2f9&idc=my2&ftpl=1,,586.2K,lipsync
https://www.tiktok.com/@mucnuong.09/video/7525619785632107794,https://p16-sign-sg.tiktokcdn.com/tos-alisg-p-0037/oI1E2fFwcg1RBNsICD4iAoBUXBciISZ0ohe5Xh~tplv-photomode-zoomcover:720:720.jpeg?dr=14555&x-expires=1752840000&x-signature=KSxcgGgol0Zydy6MySsTSZi%2BDdk%3D&t=4d5b0474&ps=13740610&shp=81f88b70&shcp=43f4a2f9&idc=my2&ftpl=1,,285.9K,lipsync
https://www.tiktok.com/@luc.evisu/video/7524924823844211976,https://p16-sign-sg.tiktokcdn.com/tos-alisg-p-0037/ogIim5IyEi07AIViA5F33Yjr58B3MtnatGBv7~tplv-photomode-zoomcover:720:720.jpeg?dr=14555&x-expires=1752840000&x-signature=06i07Tl1crYV6qZFouTuTG2CdD0%3D&t=4d5b0474&ps=13740610&shp=81f88b70&shcp=43f4a2f9&idc=my2&ftpl=1,,154.7K,lipsync
https://www.tiktok.com/@louispham_203/video/7520982249580399880,https://p9-sign-sg.tiktokcdn.com/tos-alisg-p-0037/oMQ4o2fnZCfQ8ALjHDZQEYiDpvIdAkei7q5GIQ~tplv-photomode-zoomcover:720:720.jpeg?dr=14555&x-expires=1752840000&x-signature=9PsLpCMoUBc48Vw4AJbrM3RcXf4%3D&t=4d5b0474&ps=13740610&shp=81f88b70&shcp=43f4a2f9&idc=my2&ftpl=1,,900.8K,lipsync
https://www.tiktok.com/@thuytien07141983/video/7524000562401135880,https://p16-sign-sg.tiktokcdn.com/tos-alisg-p-0037/okmZBlfDUQ58RzoEIPeA7aDpVBVARE5NFHa0Qg~tplv-photomode-zoomcover:720:720.jpeg?dr=14555&x-expires=1752840000&x-signature=yyHiSz51xEfit5B1jzAlHl9w7QE%3D&t=4d5b0474&ps=13740610&shp=81f88b70&shcp=43f4a2f9&idc=my2&ftpl=1,,101.6K,lipsync
https://www.tiktok.com/@khoadibao/video/7526046795118513416,https://p16-sign-sg.tiktokcdn.com/tos-alisg-p-0037/owfQEajxIvD4fxFEn4FOxIb7DIK5IAC9epEomA~tplv-photomode-zoomcover:720:720.jpeg?dr=14555&x-expires=1752840000&x-signature=bBNhfhF3ThgN%2BNb7R5IbMozcPVM%3D&t=4d5b0474&ps=13740610&shp=81f88b70&shcp=43f4a2f9&idc=my2&ftpl=1,,55.7K,lipsync
https://www.tiktok.com/@ig.khalac248/video/7518717576558513426,https://p16-sign-sg.tiktokcdn.com/tos-alisg-p-0037/oMtR0Vi9hGr2BXcdE4zl27gEBfAoiBBwVB5oeI~tplv-photomode-zoomcover:720:720.jpeg?dr=14555&x-expires=1752840000&x-signature=fmS3CtiPkdoem4RoiJNStpu7z64%3D&t=4d5b0474&ps=13740610&shp=81f88b70&shcp=43f4a2f9&idc=my2&ftpl=1,,1.1M,lipsync
https://www.tiktok.com/@igchubby.thdh_1/video/7523597462804696328,https://p16-sign-sg.tiktokcdn.com/tos-alisg-p-0037/oofqp6AABCBEXfg15nDKUoIAaIMATMRrTFjEFh~tplv-photomode-zoomcover:720:720.jpeg?dr=14555&x-expires=1752840000&x-signature=9o8mQ0Y491GGzCg0PAPxbs1j6vg%3D&t=4d5b0474&ps=13740610&shp=81f88b70&shcp=43f4a2f9&idc=my2&ftpl=1,,331.1K,lipsync
https://www.tiktok.com/@hoanglananh31/video/7526411445794393352,https://p16-sign-sg.tiktokcdn.com/tos-alisg-p-0037/oEmm2AfIjQfAroZeMDIAkTGQA9OLID3lEAK6X5~tplv-photomode-zoomcover:720:720.jpeg?dr=14555&x-expires=1752840000&x-signature=HFqiEteA4T4kC9FrF30awQ1B%2FGk%3D&t=4d5b0474&ps=13740610&shp=81f88b70&shcp=43f4a2f9&idc=my2&ftpl=1,,211.6K,lipsync
https://www.tiktok.com/@huongcoc92/video/7524687797253360914,https://p16-sign-sg.tiktokcdn.com/tos-alisg-p-0037/ostUjFCjoDQZ2IIeDAfsAp7tIfTLzPDEbIQZhB~tplv-photomode-zoomcover:720:720.jpeg?dr=14555&x-expires=1752840000&x-signature=5WRiSsm8XrrdiK7EUgEUZKE5K%2Bk%3D&t=4d5b0474&ps=13740610&shp=81f88b70&shcp=43f4a2f9&idc=my2&ftpl=1,,37.8K,lipsync
https://www.tiktok.com/@nguyenthingochuyen0225/video/7524216728793009415,https://p16-sign-sg.tiktokcdn.com/tos-alisg-p-0037/oIAA6UIQIDAQF01ePxLoWHDuyoaBeIACGEsjAe~tplv-photomode-zoomcover:720:720.jpeg?dr=14555&x-expires=1752840000&x-signature=O3VGl7JarCO%2BsXLW%2FzcAdrz%2FbeU%3D&t=4d5b0474&ps=13740610&shp=81f88b70&shcp=43f4a2f9&idc=my2&ftpl=1,,186.5K,lipsync
https://www.tiktok.com/@maitrithuc2020/video/7524719306983165202,https://p16-sign-sg.tiktokcdn.com/tos-alisg-p-0037/osAus5Gtb4ASBIrtFtvBaLXPEiYdziBEQV0B1~tplv-photomode-zoomcover:720:720.jpeg?dr=14555&x-expires=1752840000&x-signature=7YQ%2BbfuP6FDdYYIHUn1m2%2FyaS%2FE%3D&t=4d5b0474&ps=13740610&shp=81f88b70&shcp=43f4a2f9&idc=my2&ftpl=1,,138.1K,lipsync
https://www.tiktok.com/@katie_ngyen/video/7526381470504537352,https://p16-sign-sg.tiktokcdn.com/tos-alisg-p-0037/oklBMEPVaTVdIIYHYAECizaIdBB4a9MFABo7i~tplv-photomode-zoomcover:720:720.jpeg?dr=14555&x-expires=1752840000&x-signature=GfMpW7iIMKfU10WziF4cWbZBMVk%3D&t=4d5b0474&ps=13740610&shp=81f88b70&shcp=43f4a2f9&idc=my2&ftpl=1,,123.2K,lipsync
https://www.tiktok.com/@tin_nguyen_9/video/7525767432036683016,https://p16-sign-sg.tiktokcdn.com/tos-alisg-p-0037/oEIIKq0AH3S45UiwBAEUtOi1jXCAHwfxi5ChpZ~tplv-photomode-zoomcover:720:720.jpeg?dr=14555&x-expires=1752840000&x-signature=Exw0jHC7ARARe%2BsrqMSEiCxWFP4%3D&t=4d5b0474&ps=13740610&shp=81f88b70&shcp=43f4a2f9&idc=my2&ftpl=1,,260.1K,lipsync
https://www.tiktok.com/@hincamdiec/video/7525644268472487176,https://p16-sign-sg.tiktokcdn.com/tos-alisg-p-0037/ocBiAdA4EXixEqD0BEZURmipI4wvHa12ApBY1~tplv-photomode-zoomcover:720:720.jpeg?dr=14555&x-expires=1752840000&x-signature=g9XmDFfQbnlkpRDbRpcuYdWwDHY%3D&t=4d5b0474&ps=13740610&shp=81f88b70&shcp=43f4a2f9&idc=my2&ftpl=1,,138.8K,lipsync
https://www.tiktok.com/@kimanhne_36/video/7526090688073567496,https://p16-sign-sg.tiktokcdn.com/tos-alisg-p-0037/owMAlIH9PV7bABiCiFOEUyaIYEBaBVKl69CEk~tplv-photomode-zoomcover:720:720.jpeg?dr=14555&x-expires=1752840000&x-signature=8ee301sQMmLXlK%2BWa17X%2B0FCVA4%3D&t=4d5b0474&ps=13740610&shp=81f88b70&shcp=43f4a2f9&idc=my2&ftpl=1,,105.6K,lipsync
https://www.tiktok.com/@lgni.anil_19/video/7524934570886712594,https://p16-sign-sg.tiktokcdn.com/tos-alisg-p-0037/oUB9EIAj8ECe9MAQAiDKQ4QbffITNCDo4D6j2F~tplv-photomode-zoomcover:720:720.jpeg?dr=14555&x-expires=1752840000&x-signature=RJNjLkuhdQrOHxYRAiSHPJGn6PU%3D&t=4d5b0474&ps=13740610&shp=81f88b70&shcp=43f4a2f9&idc=my2&ftpl=1,,223.3K,lipsync
https://www.tiktok.com/@g.minhtrg/video/7524651519053008136,https://p16-sign-sg.tiktokcdn.com/tos-alisg-p-0037/oIIshIA0RNs7dijQzixBrwECodAfAYU6YImyin~tplv-photomode-zoomcover:720:720.jpeg?dr=14555&x-expires=1752840000&x-signature=cBfLp7lsO7DitJBrvfO29XAnWuE%3D&t=4d5b0474&ps=13740610&shp=81f88b70&shcp=43f4a2f9&idc=my2&ftpl=1,,131.5K,lipsync
https://www.tiktok.com/@uyenan.h/video/7526006180234136839,https://p16-sign-sg.tiktokcdn.com/tos-alisg-p-0037/ogi7AB9EtAiNA9hfCwwxpK0svBIBOAXRiIWBAN~tplv-photomode-zoomcover:720:720.jpeg?dr=14555&x-expires=1752840000&x-signature=VMwaPPtG2qHWWjxsAbMIvJAZLh4%3D&t=4d5b0474&ps=13740610&shp=81f88b70&shcp=43f4a2f9&idc=my2&ftpl=1,,144.7K,lipsync
https://www.tiktok.com/@thuytien07141983/video/7524007009289800967,https://p9-sign-sg.tiktokcdn.com/tos-alisg-p-0037/oMbTYhViaPrE5BJvqVkIbAIHq9GDIAqYBpi2p~tplv-photomode-zoomcover:720:720.jpeg?dr=14555&x-expires=1752840000&x-signature=MdpLFHre4beYgXDitiN4Yr7%2FbU8%3D&t=4d5b0474&ps=13740610&shp=81f88b70&shcp=43f4a2f9&idc=my2&ftpl=1,,129.7K,lipsync
https://www.tiktok.com/@nlinh_o0/video/7526466977901186312,https://p16-sign-sg.tiktokcdn.com/tos-alisg-p-0037/o0dCMfbz9w2IB4NICw9iAMAqYAOiIidL0PDk8p~tplv-photomode-zoomcover:720:720.jpeg?dr=14555&x-expires=1752840000&x-signature=uhQHYkDcjUO5rEfMZAVmO%2BAUtDw%3D&t=4d5b0474&ps=13740610&shp=81f88b70&shcp=43f4a2f9&idc=my2&ftpl=1,,253.4K,lipsync
https://www.tiktok.com/@ltvi/video/7525393792698944775,https://p16-sign-sg.tiktokcdn.com/tos-alisg-p-0037/o8MvFGHEl4ReCI6IjBFoAkZDgNU8dBkcf5bEz3~tplv-photomode-zoomcover:720:720.jpeg?dr=14555&x-expires=1752840000&x-signature=Fd%2BWzQ3eckAh7fyEpeFeE9yFot4%3D&t=4d5b0474&ps=13740610&shp=81f88b70&shcp=43f4a2f9&idc=my2&ftpl=1,,31.4K,lipsync
https://www.tiktok.com/@ig.khalac248/video/7525070157836733714,https://p16-sign-sg.tiktokcdn.com/tos-alisg-p-0037/ogfa3BRlQJDGFoVuCYLIAbGbI3AjmcNIIjeeoN~tplv-photomode-zoomcover:720:720.jpeg?dr=14555&x-expires=1752840000&x-signature=nLxHTx5wRu2dfLqJFldMbqK9jJM%3D&t=4d5b0474&ps=13740610&shp=81f88b70&shcp=43f4a2f9&idc=my2&ftpl=1,,288.7K,lipsync
https://www.tiktok.com/@huongsyu/video/7524674016330845447,https://p16-sign-sg.tiktokcdn.com/tos-alisg-p-0037/o0CL2UEwKnAiaioABmIdwNfCAGBXABAInAy0Zt~tplv-photomode-zoomcover:720:720.jpeg?dr=14555&x-expires=1752840000&x-signature=0EqXqFV%2FxtdqbGeEqHGQgfo7MrE%3D&t=4d5b0474&ps=13740610&shp=81f88b70&shcp=43f4a2f9&idc=my&ftpl=1,,387.9K,daily-life
https://www.tiktok.com/@rc.world.vn/video/7526438735915896082,https://p16-sign-sg.tiktokcdn.com/tos-alisg-p-0037/ocwMt7DrEFAgIICcWAEUASEABf02fREzohCBgV~tplv-photomode-zoomcover:720:720.jpeg?dr=14555&x-expires=1752840000&x-signature=b%2BcDzPBMcH%2BgL10AfOWb6wzha5Y%3D&t=4d5b0474&ps=13740610&shp=81f88b70&shcp=43f4a2f9&idc=my&ftpl=1,,221.8K,daily-life
https://www.tiktok.com/@rdlcqquv9ec/video/7523622436139584823,https://p16-sign.tiktokcdn-us.com/tos-useast5-p-0068-tx/o8cLzICKIzjkx3LB1eeopIo1Qv6RfGwP0CIAAH~tplv-photomode-zoomcover:720:720.jpeg?dr=14555&x-expires=1752840000&x-signature=YWwPc%2FP8SSTH%2Fg5bBVHz1sy73qo%3D&t=4d5b0474&ps=13740610&shp=81f88b70&shcp=43f4a2f9&idc=my&ftpl=1,,605.6K,daily-life
https://www.tiktok.com/@dieulinhh2612/video/7525356789634829575,https://p16-sign-sg.tiktokcdn.com/tos-alisg-p-0037/oMgga0cPAkAE32UoRn4BBoSyCEQ0IHFvfpVbfD~tplv-photomode-zoomcover:720:720.jpeg?dr=14555&x-expires=1752840000&x-signature=D6%2FH4BcC2pwj0luBsGcSp%2Bqg45Y%3D&t=4d5b0474&ps=13740610&shp=81f88b70&shcp=43f4a2f9&idc=my&ftpl=1,,124.2K,daily-life
https://www.tiktok.com/@diemquynh_2907/video/7524741830529781000,https://p9-sign-sg.tiktokcdn.com/tos-alisg-p-0037/oEs0r3AXaA9yKI1hwIiuNQqBnfrskNqiACA9tI~tplv-photomode-zoomcover:720:720.jpeg?dr=14555&x-expires=1752840000&x-signature=ptV3WyRHbHDhAKb09IKlM%2FgUtAg%3D&t=4d5b0474&ps=13740610&shp=81f88b70&shcp=43f4a2f9&idc=my&ftpl=1,,214.1K,daily-life
https://www.tiktok.com/@klook_vietnam/video/7523970105886149906,https://p16-sign-sg.tiktokcdn.com/tos-alisg-p-0037/o4lioAaCtIGAYMD72yEAA0PGAAqjiiBBg8lqI~tplv-photomode-zoomcover:720:720.jpeg?dr=14555&x-expires=1752840000&x-signature=1m8Q4QevbBTJQyKwfnq2VvQdHKo%3D&t=4d5b0474&ps=13740610&shp=81f88b70&shcp=43f4a2f9&idc=my&ftpl=1,,159.3K,daily-life
https://www.tiktok.com/@hieuhihi8805/video/7524182546012261639,https://p16-sign-sg.tiktokcdn.com/tos-alisg-p-0037/oQsr1JMEL2RKEIDIWBFoARFDglUgzBlDf0aEFf~tplv-photomode-zoomcover:720:720.jpeg?dr=14555&x-expires=1752840000&x-signature=cIqcmHn8CLPqWWidZ86vuU9zbYs%3D&t=4d5b0474&ps=13740610&shp=81f88b70&shcp=43f4a2f9&idc=my&ftpl=1,,334.5K,daily-life
https://www.tiktok.com/@tuantudo86/video/7525002500018031880,https://p16-sign-sg.tiktokcdn.com/tos-alisg-p-0037/o4BA4lPbaslhDIYGAAEAiu5laAOva6wLABy6i~tplv-photomode-zoomcover:720:720.jpeg?dr=14555&x-expires=1752840000&x-signature=QlV9Y%2FhMgIZhbNv%2Fyqwin3awQbw%3D&t=4d5b0474&ps=13740610&shp=81f88b70&shcp=43f4a2f9&idc=my&ftpl=1,,144.9K,daily-life
https://www.tiktok.com/@mechunchinoii/video/7526089417442774290,https://p16-sign-sg.tiktokcdn.com/tos-alisg-p-0037/oMAByFlzpc9nDCBZRffBgoE0gUERBdwIuoRGId~tplv-photomode-zoomcover:720:720.jpeg?dr=14555&x-expires=1752840000&x-signature=cPbqFppMMi7fA8DqkO4eFpRMqU0%3D&t=4d5b0474&ps=13740610&shp=81f88b70&shcp=43f4a2f9&idc=my&ftpl=1,,14K,daily-life
https://www.tiktok.com/@excellent.idea/video/7524897330550607159,https://p16-sign.tiktokcdn-us.com/tos-useast5-p-0068-tx/oErEd5FbNIDrIlBA54fgfxEAotQqRRxDSxkczB~tplv-photomode-zoomcover:720:720.jpeg?dr=14555&x-expires=1752840000&x-signature=d%2FUqlt71LB65hBbAikvT33KgDtM%3D&t=4d5b0474&ps=13740610&shp=81f88b70&shcp=43f4a2f9&idc=my&ftpl=1,,99.9K,daily-life
https://www.tiktok.com/@uymoi97/video/7523937505012419847,https://p16-sign-sg.tiktokcdn.com/tos-alisg-p-0037/oQFICGE6iiAGRNCwIIkBqIsGTRZnI90qtABfAV~tplv-photomode-zoomcover:720:720.jpeg?dr=14555&x-expires=1752840000&x-signature=2esXQSljqNtwn3rlLW9Ssbgj0nQ%3D&t=4d5b0474&ps=13740610&shp=81f88b70&shcp=43f4a2f9&idc=my&ftpl=1,,478.7K,daily-life
https://www.tiktok.com/@congviennuocvwnt/video/7526427775238950162,https://p16-sign-sg.tiktokcdn.com/tos-alisg-p-0037/oUMV4zIL5iZA9jYqBNvPdMdHI3iBd9BCFaAvE~tplv-photomode-zoomcover:720:720.jpeg?dr=14555&x-expires=1752840000&x-signature=a9rfXMc50wJKvdmeedPwn9R6FKs%3D&t=4d5b0474&ps=13740610&shp=81f88b70&shcp=43f4a2f9&idc=my&ftpl=1,,70.5K,daily-life
https://www.tiktok.com/@trochoimongoland/video/7524294249655864594,https://p16-sign-sg.tiktokcdn.com/tos-alisg-p-0037/ogIIwRNEvtaqAW0O1idPCyiWrBxcfVAAICARtq~tplv-photomode-zoomcover:720:720.jpeg?dr=14555&x-expires=1752840000&x-signature=wRah3TKSe2PV7XXKXOdRVKJN16c%3D&t=4d5b0474&ps=13740610&shp=81f88b70&shcp=43f4a2f9&idc=my&ftpl=1,,84.2K,daily-life
https://www.tiktok.com/@quanganhsurprise/video/7520880920870522130,https://p16-sign-sg.tiktokcdn.com/tos-alisg-p-0037/oEzFqEB4QzRUqiZz4fwMfQ42oWLiQDPTXVEgAB~tplv-photomode-zoomcover:720:720.jpeg?dr=14555&x-expires=1752840000&x-signature=T5bHOxjoAh7iIQ%2BXV5OnkWHr7ck%3D&t=4d5b0474&ps=13740610&shp=81f88b70&shcp=43f4a2f9&idc=my&ftpl=1,,147.3K,daily-life
https://www.tiktok.com/@gulkhanabukhan/video/7526142718343433478,https://p16-sign-va.tiktokcdn.com/tos-maliva-p-0068/oAvSRyIxqiRQ6vUqB8MOdIaHIyiBbQ8rBaAvE~tplv-photomode-zoomcover:720:720.jpeg?dr=14555&x-expires=1752840000&x-signature=PYINoLMoc7nw%2FEIZa%2BObFUSuKs0%3D&t=4d5b0474&ps=13740610&shp=81f88b70&shcp=43f4a2f9&idc=my&ftpl=1,,5.3M,daily-life
https://www.tiktok.com/@atvy229/video/7523241458573266194,https://p16-sign-sg.tiktokcdn.com/tos-alisg-p-0037/osffBBBU8eiAReUsQAozeiABMZfgYhlMMfYUeEi~tplv-photomode-zoomcover:720:720.jpeg?dr=14555&x-expires=1752840000&x-signature=zmB8v93X99%2FFUNYd74j22Zrfyl8%3D&t=4d5b0474&ps=13740610&shp=81f88b70&shcp=43f4a2f9&idc=my&ftpl=1,,281.1K,daily-life
https://www.tiktok.com/@naseebkaitah1/video/7524770156736744710,https://p16-sign-va.tiktokcdn.com/tos-maliva-p-0068/oYobxfnWIPVRBCBEETvtCBAJBRFp2JfvPQlDqE~tplv-photomode-zoomcover:720:720.jpeg?dr=14555&x-expires=1752840000&x-signature=P7rdgEYBMcQ8LRvah9ogwN6CYzI%3D&t=4d5b0474&ps=13740610&shp=81f88b70&shcp=43f4a2f9&idc=my&ftpl=1,,202.2K,daily-life
https://www.tiktok.com/@totomuzy/video/7523625257442348344,https://p16-sign-va.tiktokcdn.com/tos-maliva-p-0068/owAA4LSAQiIQBKapAaBIUivJMlyGAlOTAioEK~tplv-photomode-zoomcover:720:720.jpeg?dr=14555&x-expires=1752840000&x-signature=CQf3V%2BsZ0uTiNbdKsFZUwDkegL0%3D&t=4d5b0474&ps=13740610&shp=81f88b70&shcp=43f4a2f9&idc=my&ftpl=1,,817.7K,daily-life
https://www.tiktok.com/@amazingfunny643/video/7516608363057122574,https://p19-sign.tiktokcdn-us.com/tos-useast5-p-0068-tx/owWofL0IIIxEA3ozLQeYhiHAjBUjQGkfHBi5CP~tplv-photomode-zoomcover:720:720.jpeg?dr=14555&x-expires=1752840000&x-signature=H89YsaVQd8ymZdXBjajW04jUqmk%3D&t=4d5b0474&ps=13740610&shp=81f88b70&shcp=43f4a2f9&idc=my&ftpl=1,,9.1M,daily-life
https://www.tiktok.com/@duongtrieuvuu/video/7523780863876713736,https://p16-sign-sg.tiktokcdn.com/tos-alisg-p-0037/oMiZEhfagalRAQFboNQ7VUFpEFBTUdfrBjNyDz~tplv-photomode-zoomcover:720:720.jpeg?dr=14555&x-expires=1752840000&x-signature=7SanyHd6%2BfwBOOw10erehElT96c%3D&t=4d5b0474&ps=13740610&shp=81f88b70&shcp=43f4a2f9&idc=my&ftpl=1,,66.8K,daily-life
https://www.tiktok.com/@ngoc_2761/video/7524570927552630036,https://p16-sign-sg.tiktokcdn.com/tos-alisg-p-0037/oofGKQwOs8oA0uLpraECBFbERBXDmgUUjQf9tl~tplv-photomode-zoomcover:720:720.jpeg?dr=14555&x-expires=1752840000&x-signature=5FcsPix3l5WUdaqOs9QQLGu%2BBvI%3D&t=4d5b0474&ps=13740610&shp=81f88b70&shcp=43f4a2f9&idc=my&ftpl=1,,21.7K,daily-life
https://www.tiktok.com/@huy20db/video/7524366582538128661,https://p16-sign-sg.tiktokcdn.com/tos-alisg-p-0037/ogNIEsg9iiAhaaDgIRzBUip0fv6jW9orlBzfB5~tplv-photomode-zoomcover:720:720.jpeg?dr=14555&x-expires=1752840000&x-signature=fc4hU%2BqJotCQFQvuPVCz%2BppnpKA%3D&t=4d5b0474&ps=13740610&shp=81f88b70&shcp=43f4a2f9&idc=sg1&ftpl=1,,32.4K,beauty-care
https://www.tiktok.com/@ghinaae/video/7523087638153186566,https://p16-sign-va.tiktokcdn.com/tos-maliva-p-0068/owengKBEAYRWAIBENCFoAYBDQ7JFABdGf2ZEqx~tplv-photomode-zoomcover:720:720.jpeg?dr=14555&x-expires=1752840000&x-signature=lEtVVtT0CdM5lPHR6gJNlxIfD2U%3D&t=4d5b0474&ps=13740610&shp=81f88b70&shcp=43f4a2f9&idc=sg1&ftpl=1,,2.7M,beauty-care
https://www.tiktok.com/@cheducanh04/video/7526156422602624264,https://p9-sign-sg.tiktokcdn.com/tos-alisg-p-0037/oQ2YRaiEyh3yIxAKmACYBJVBSEHJI3q1iBtdP~tplv-photomode-zoomcover:720:720.jpeg?dr=14555&x-expires=1752840000&x-signature=TVS4kv43sdhpgoKht%2FNU5v9TOuU%3D&t=4d5b0474&ps=13740610&shp=81f88b70&shcp=43f4a2f9&idc=sg1&ftpl=1,,216.2K,beauty-care
https://www.tiktok.com/@dangthuhaf/video/7525449973115178248,https://p16-sign-sg.tiktokcdn.com/tos-alisg-p-0037/oUYSEBUDoBxy30xFEWa8AAEJEBZvfbVgeRIOJw~tplv-photomode-zoomcover:720:720.jpeg?dr=14555&x-expires=1752840000&x-signature=6d4kM0ENgdg7R7YF5cclgHZBdiQ%3D&t=4d5b0474&ps=13740610&shp=81f88b70&shcp=43f4a2f9&idc=sg1&ftpl=1,,167.7K,beauty-care
https://www.tiktok.com/@1900hairsalon.official/video/7524148638478519559,https://p16-sign-sg.tiktokcdn.com/tos-alisg-p-0037/oQgreLAII7GA1o7LkHCKRQJkkPeDjIJ6ISVoes~tplv-photomode-zoomcover:720:720.jpeg?dr=14555&x-expires=1752840000&x-signature=usQT34dPAkRwrQRpcjWg5hRhIJY%3D&t=4d5b0474&ps=13740610&shp=81f88b70&shcp=43f4a2f9&idc=sg1&ftpl=1,,159.8K,beauty-care
https://www.tiktok.com/@giaovienc3/video/7526426152697711890,https://p9-sign-sg.tiktokcdn.com/tos-alisg-p-0037/ocBYIHELA0zYTcDMGBoP9VAVi8aPXgYB7iHIE~tplv-photomode-zoomcover:720:720.jpeg?dr=14555&x-expires=1752840000&x-signature=HI64pSvVChK5RWS0m86Kdqw%2FOjA%3D&t=4d5b0474&ps=13740610&shp=81f88b70&shcp=43f4a2f9&idc=sg1&ftpl=1,,55.1K,beauty-care
https://www.tiktok.com/@oanhtieudong_td/video/7524237260389240071,https://p16-sign-sg.tiktokcdn.com/tos-alisg-p-0037/o0ejgIto8n5fGkHtyICogJy1AILeDQAu1dGokI~tplv-photomode-zoomcover:720:720.jpeg?dr=14555&x-expires=1752840000&x-signature=jzhuxA%2BelnoGMRGyFTnA5%2Fg%2B98o%3D&t=4d5b0474&ps=13740610&shp=81f88b70&shcp=43f4a2f9&idc=sg1&ftpl=1,,174.3K,beauty-care
https://www.tiktok.com/@tdk2barbershop/video/7524508689080782081,https://p16-sign-sg.tiktokcdn.com/tos-alisg-p-0037/oIybDfy6EE3UQNbLCEogFBDsQURGAQ609BkeDv~tplv-photomode-zoomcover:720:720.jpeg?dr=14555&x-expires=1752840000&x-signature=w8LaFrK1rAtaMsOICBLAYvPw3JY%3D&t=4d5b0474&ps=13740610&shp=81f88b70&shcp=43f4a2f9&idc=sg1&ftpl=1,,422.9K,beauty-care
https://www.tiktok.com/@du_duong_tap_phoi_do/video/7525819506845928711,https://p16-sign-sg.tiktokcdn.com/tos-alisg-p-0037/oIAnLIiVQDX5FExLAGC0xpS4LFnIoIejPIfex5~tplv-photomode-zoomcover:720:720.jpeg?dr=14555&x-expires=1752840000&x-signature=ThcS2gnoPVLTj2x2brKifAATmXc%3D&t=4d5b0474&ps=13740610&shp=81f88b70&shcp=43f4a2f9&idc=sg1&ftpl=1,,90.7K,beauty-care
https://www.tiktok.com/@nhakhoaduyngoc_5ae/video/7521766544028847380,https://p16-sign-sg.tiktokcdn.com/tos-alisg-p-0037/o8AvwuBd8iBIEYVOE15xjiO1OBtGriIaAKX0T~tplv-photomode-zoomcover:720:720.jpeg?dr=14555&x-expires=1752840000&x-signature=gTD6rnmX2YV7Jg6ZOPz8Nq24bik%3D&t=4d5b0474&ps=13740610&shp=81f88b70&shcp=43f4a2f9&idc=sg1&ftpl=1,,201.4K,beauty-care
https://www.tiktok.com/@rinabeauty859/video/7525787943995280658,https://p16-sign-sg.tiktokcdn.com/tos-alisg-p-0037/okbQgUcQcKx8BZoWrFPpEeE4hDsJfTAwREBYDQ~tplv-photomode-zoomcover:720:720.jpeg?dr=14555&x-expires=1752840000&x-signature=IBDFL1ocjJ6fkaQBT2VL86t9JYA%3D&t=4d5b0474&ps=13740610&shp=81f88b70&shcp=43f4a2f9&idc=sg1&ftpl=1,,68.9K,beauty-care
https://www.tiktok.com/@giohanhphuc9/video/7525452296201784577,https://p9-sign-sg.tiktokcdn.com/tos-alisg-p-0037/o8ErIAVCEBAfgIBvAoAgJfj6QCFYSxbD89SKyi~tplv-photomode-zoomcover:720:720.jpeg?dr=14555&x-expires=1752840000&x-signature=HQuabmXMmKN5TBV%2BJQ%2FO9A4OpTI%3D&t=4d5b0474&ps=13740610&shp=81f88b70&shcp=43f4a2f9&idc=sg1&ftpl=1,,70.9K,beauty-care
https://www.tiktok.com/@dailywithbong/video/7523162526582836488,https://p16-sign-sg.tiktokcdn.com/tos-alisg-p-0037/o4opHCj90lA7pH2nA6iiwhBqCMAIcvEIIvvZqe~tplv-photomode-zoomcover:720:720.jpeg?dr=14555&x-expires=1752840000&x-signature=fPiLU5NNup0te4nwlqMy7JkTqRs%3D&t=4d5b0474&ps=13740610&shp=81f88b70&shcp=43f4a2f9&idc=sg1&ftpl=1,,245.5K,beauty-care
https://www.tiktok.com/@truongbarber89hy/video/7522459442684775698,https://p16-sign-sg.tiktokcdn.com/tos-alisg-p-0037/o8GQQzAnBDJZMUblsQF5gTQERAgjJAEfEfBoxS~tplv-photomode-zoomcover:720:720.jpeg?dr=14555&x-expires=1752840000&x-signature=m%2F8lER5Qcqnbult4rgL%2Bfyvz4Z0%3D&t=4d5b0474&ps=13740610&shp=81f88b70&shcp=43f4a2f9&idc=sg1&ftpl=1,,63.7K,beauty-care
https://www.tiktok.com/@dqlam147/video/7524698995474779400,https://p16-sign-sg.tiktokcdn.com/tos-alisg-p-0037/oQF2M8fbIQSgQ8MmvIQAWCaaQfjjAXaejDlQ9s~tplv-photomode-zoomcover:720:720.jpeg?dr=14555&x-expires=1752840000&x-signature=o0Hlb8UWH9swEeJ%2BN5G1GAnt14Q%3D&t=4d5b0474&ps=13740610&shp=81f88b70&shcp=43f4a2f9&idc=sg1&ftpl=1,,67.8K,beauty-care
https://www.tiktok.com/@tiktokcreators_vn/video/7522480608015092999,https://p16-sign-sg.tiktokcdn.com/tos-alisg-p-0037/oQYhYAUDoCcsIe5FEAATMAIFEBFKfZngbRQIDE~tplv-photomode-zoomcover:720:720.jpeg?dr=14555&x-expires=1752840000&x-signature=xHJOeuczetGgC5ZETUgCz0o3JF0%3D&t=4d5b0474&ps=13740610&shp=81f88b70&shcp=43f4a2f9&idc=sg1&ftpl=1,,20.5K,beauty-care
https://www.tiktok.com/@panh15.10/video/7526156261176495378,https://p16-sign-sg.tiktokcdn.com/tos-alisg-p-0037/ocAiAlIHyABbHRYAAEH7QTB0PDACJD9BwyaEi~tplv-photomode-zoomcover:720:720.jpeg?dr=14555&x-expires=1752840000&x-signature=v5ziLZA3TgJKystGB029XJhV6u0%3D&t=4d5b0474&ps=13740610&shp=81f88b70&shcp=43f4a2f9&idc=sg1&ftpl=1,,86.5K,beauty-care
https://www.tiktok.com/@meymeyxink28/video/7524250330641550599,https://p16-sign-sg.tiktokcdn.com/tos-alisg-p-0037/o0ErIAGsGghrAVGhQLFDemqfmWwRfI6AQfgdFk~tplv-photomode-zoomcover:720:720.jpeg?dr=14555&x-expires=1752840000&x-signature=l8hep1p4pWq8C6UW3ZTMlTOAf2Q%3D&t=4d5b0474&ps=13740610&shp=81f88b70&shcp=43f4a2f9&idc=sg1&ftpl=1,,42.7K,beauty-care
https://www.tiktok.com/@caimewgivay._/video/7523831986167876871,https://p16-sign-sg.tiktokcdn.com/tos-alisg-p-0037/oQmTaCUDoBBf3trFEZqgiAINEB2qfazgdRIVZX~tplv-photomode-zoomcover:720:720.jpeg?dr=14555&x-expires=1752840000&x-signature=g0vlfDnMu%2FIjcU9X%2BLyEs11Nl6g%3D&t=4d5b0474&ps=13740610&shp=81f88b70&shcp=43f4a2f9&idc=sg1&ftpl=1,,27.3K,beauty-care
https://www.tiktok.com/@eimichann/video/7523234147070971144,https://p16-sign-sg.tiktokcdn.com/tos-alisg-p-0037/oUyI3EMDAbAECWGFfAQjDAAzIOPHzzQeeckDIo~tplv-photomode-zoomcover:720:720.jpeg?dr=14555&x-expires=1752840000&x-signature=%2B5SdDe9xZzchWpB551a80ZtWry4%3D&t=4d5b0474&ps=13740610&shp=81f88b70&shcp=43f4a2f9&idc=sg1&ftpl=1,,43.4K,beauty-care
https://www.tiktok.com/@taitc2000/video/7524632233605451016,https://p16-sign-sg.tiktokcdn.com/tos-alisg-p-0037/okhQIemAQXApE2GAQjoMoxJebm3ao7Qs7Df8CT~tplv-photomode-zoomcover:720:720.jpeg?dr=14555&x-expires=1752840000&x-signature=2hsxSOaoBv5mHv3qxd6jEdulKmg%3D&t=4d5b0474&ps=13740610&shp=81f88b70&shcp=43f4a2f9&idc=my&ftpl=1,,182.3K,games
https://www.tiktok.com/@bequynhff21.2/video/7525722706474536210,https://p16-sign-sg.tiktokcdn.com/tos-alisg-p-0037/oQBV8VVmdFEiNAwC3DvvyIABHIaPP6i4ZA5OY~tplv-photomode-zoomcover:720:720.jpeg?dr=14555&x-expires=1752840000&x-signature=KuKsVa5ICvqaD2uZ2pWUjcMfijM%3D&t=4d5b0474&ps=13740610&shp=81f88b70&shcp=43f4a2f9&idc=my&ftpl=1,,135.9K,games
https://www.tiktok.com/@thaodangyeuuu04/video/7525777550413565202,https://p16-sign-sg.tiktokcdn.com/tos-alisg-p-0037/occDFCFaXE6AQDiqIAAVEfmrU8deoQA7bBcRg9~tplv-photomode-zoomcover:720:720.jpeg?dr=14555&x-expires=1752840000&x-signature=2dxQhWQ9DFgcew7%2FOyVjVnQDLJo%3D&t=4d5b0474&ps=13740610&shp=81f88b70&shcp=43f4a2f9&idc=my&ftpl=1,,127.6K,games
https://www.tiktok.com/@jeeker97/video/7524654995124374805,https://p16-sign-sg.tiktokcdn.com/tos-alisg-p-0037/oQIRZLh1eJAnGeG0Qe6yAQAAIe4DusdNJDPAG8~tplv-photomode-zoomcover:720:720.jpeg?dr=14555&x-expires=1752840000&x-signature=Zbv1bYj9Ja8%2FpKmLOmx4LS0l5Tk%3D&t=4d5b0474&ps=13740610&shp=81f88b70&shcp=43f4a2f9&idc=my&ftpl=1,,236.2K,games
https://www.tiktok.com/@garancg/video/7525050974017228052,https://p9-sign-sg.tiktokcdn.com/tos-alisg-p-0037/oUfWhCZVo5BwycMuBhFEgmD8EbAR3VSIIrfdUl~tplv-photomode-zoomcover:720:720.jpeg?dr=14555&x-expires=1752840000&x-signature=2KvFieVp92DODig4xllh7ot2DDo%3D&t=4d5b0474&ps=13740610&shp=81f88b70&shcp=43f4a2f9&idc=my&ftpl=1,,58.3K,games
https://www.tiktok.com/@phanlocdz69/video/7525623429735779591,https://p16-sign-sg.tiktokcdn.com/tos-alisg-p-0037/ocMwSVwOfAEWKFBlABI0YqBtYiAKiCA6GDAIG6~tplv-photomode-zoomcover:720:720.jpeg?dr=14555&x-expires=1752840000&x-signature=f%2BeuA7mDUffM71KhJglg1JQWlaY%3D&t=4d5b0474&ps=13740610&shp=81f88b70&shcp=43f4a2f9&idc=my&ftpl=1,,276.7K,games
https://www.tiktok.com/@huyenranchu/video/7524990447937129746,https://p9-sign-sg.tiktokcdn.com/tos-alisg-p-0037/oICbgKIwqHAisixIFgIP3Nf0gDBZAARI7Dv0Wu~tplv-photomode-zoomcover:720:720.jpeg?dr=14555&x-expires=1752840000&x-signature=zWE4pbHfvtq%2FTkUzRmAzGss%2BWIU%3D&t=4d5b0474&ps=13740610&shp=81f88b70&shcp=43f4a2f9&idc=my&ftpl=1,,97.9K,games
https://www.tiktok.com/@daquavis_mc/video/7525228829271543054,https://p16-sign.tiktokcdn-us.com/tos-useast5-p-0068-tx/oMhuD6j9QmfeFL4RQBidTOAIFGLeWIeWXAGGYI~tplv-photomode-zoomcover:720:720.jpeg?dr=14555&x-expires=1752840000&x-signature=gCAICIPfzRb0gBoJqtzP7z%2Ftprk%3D&t=4d5b0474&ps=13740610&shp=81f88b70&shcp=43f4a2f9&idc=my&ftpl=1,,870.3K,games
https://www.tiktok.com/@boboo7720/video/7525405357661834503,https://p16-sign-sg.tiktokcdn.com/tos-alisg-p-0037/o8IEvioP5BKaBWB2IfhIGUHgilncLb5e0RuARF~tplv-photomode-zoomcover:720:720.jpeg?dr=14555&x-expires=1752840000&x-signature=yvaRkOvFTBOBrQD7goBcFE78%2BuA%3D&t=4d5b0474&ps=13740610&shp=81f88b70&shcp=43f4a2f9&idc=my&ftpl=1,,206.3K,games
https://www.tiktok.com/@reallongr/video/7524625342338780434,https://p9-sign-sg.tiktokcdn.com/tos-alisg-p-0037/okAiAlI25AAFMzYAAEGBc2BHv5IwzuRB7sali~tplv-photomode-zoomcover:720:720.jpeg?dr=14555&x-expires=1752840000&x-signature=VqZxOxPLEYD735KTa1UKaqx0ha8%3D&t=4d5b0474&ps=13740610&shp=81f88b70&shcp=43f4a2f9&idc=my&ftpl=1,,100.2K,games
https://www.tiktok.com/@bequynhff21.2/video/7524675856975809810,https://p16-sign-sg.tiktokcdn.com/tos-alisg-p-0037/o0DxabfSIbxQoFUEUerBA4UUEbQBCQngR37odP~tplv-photomode-zoomcover:720:720.jpeg?dr=14555&x-expires=1752840000&x-signature=tNq%2BI5W0NQ6UO1qI6iVTeWB2Os0%3D&t=4d5b0474&ps=13740610&shp=81f88b70&shcp=43f4a2f9&idc=my&ftpl=1,,137.3K,games
https://www.tiktok.com/@peo151012_25/video/7525640734586752263,https://p16-sign-sg.tiktokcdn.com/tos-alisg-p-0037/okIaI4veOmDEeEIjvc4QsALQTT6GDRADA0eRwC~tplv-photomode-zoomcover:720:720.jpeg?dr=14555&x-expires=1752840000&x-signature=kZzq7j0%2BIKFEcuoRlF3ru5NxYyY%3D&t=4d5b0474&ps=13740610&shp=81f88b70&shcp=43f4a2f9&idc=my&ftpl=1,,179.7K,games
https://www.tiktok.com/@garancg/video/7525796288667946261,https://p16-sign-sg.tiktokcdn.com/tos-alisg-p-0037/oc3gi3QUguAZghPAgN8YgPfIfofn55DD9Mf4Ke~tplv-photomode-zoomcover:720:720.jpeg?dr=14555&x-expires=1752840000&x-signature=8qnd%2FqQBQbhYUsUyf2GrdYT1aAE%3D&t=4d5b0474&ps=13740610&shp=81f88b70&shcp=43f4a2f9&idc=my&ftpl=1,,45.8K,games
https://www.tiktok.com/@hanissey.baohan/video/7519737030625070343,https://p16-sign-sg.tiktokcdn.com/tos-alisg-p-0037/o8FjQL0oWAtlBWyHExo3aReBUX2fQ0zlEoygQD~tplv-photomode-zoomcover:720:720.jpeg?dr=14555&x-expires=1752840000&x-signature=rbJsvwaNhMm4IPziXvCFQK5RjfU%3D&t=4d5b0474&ps=13740610&shp=81f88b70&shcp=43f4a2f9&idc=my&ftpl=1,,92.1K,games
https://www.tiktok.com/@dautay196_/video/7525498100991937812,https://p16-sign-sg.tiktokcdn.com/tos-alisg-p-0037/ogBQ3BDdEDCEmNewfIAAI3ZFNfv4couAKj8jo8~tplv-photomode-zoomcover:720:720.jpeg?dr=14555&x-expires=1752840000&x-signature=Vtr%2F3rqVd3lOjdsB8bcIxpfz6Lc%3D&t=4d5b0474&ps=13740610&shp=81f88b70&shcp=43f4a2f9&idc=my&ftpl=1,,149.9K,games
https://www.tiktok.com/@lienquanmobile_garena/video/7524240530704796946,https://p16-sign-sg.tiktokcdn.com/tos-alisg-p-0037/o4DaUIXQDEKZ3C7ugEfKAeAAlFLvAoBCWs6VIW~tplv-photomode-zoomcover:720:720.jpeg?dr=14555&x-expires=1752840000&x-signature=w6qedHPzF71cAqpXsm%2BvqhbL2sQ%3D&t=4d5b0474&ps=13740610&shp=81f88b70&shcp=43f4a2f9&idc=my&ftpl=1,,189.5K,games
https://www.tiktok.com/@hongle9911/video/7524219215927266567,https://p16-sign-sg.tiktokcdn.com/tos-alisg-p-0037/oEkva2FYxItIVjiGcAEisgarr9jBlA4cBBYZ2~tplv-photomode-zoomcover:720:720.jpeg?dr=14555&x-expires=1752840000&x-signature=Mt99cVbntD0gpvrqQeDqXv5UokY%3D&t=4d5b0474&ps=13740610&shp=81f88b70&shcp=43f4a2f9&idc=my&ftpl=1,,39.7K,games
https://www.tiktok.com/@bequynhff21.2/video/7526014256748301575,https://p16-sign-sg.tiktokcdn.com/tos-alisg-p-0037/ocDd4Q4CfSvIIPLjJJQFyHAo4xAe23pxet4QiG~tplv-photomode-zoomcover:720:720.jpeg?dr=14555&x-expires=1752840000&x-signature=FeRVsygD9xZi0t2vUMSAo9tDBfQ%3D&t=4d5b0474&ps=13740610&shp=81f88b70&shcp=43f4a2f9&idc=my&ftpl=1,,82.4K,games
https://www.tiktok.com/@2roakatrung/video/7525387356157824264,https://p16-sign-sg.tiktokcdn.com/tos-alisg-p-0037/oYfhTqfBiAJEMGi4AgXAvFQMD85gbfiQGRFmfg~tplv-photomode-zoomcover:720:720.jpeg?dr=14555&x-expires=1752840000&x-signature=GLjZ%2FAstmfOj9Np9AGcsIgd%2FIpc%3D&t=4d5b0474&ps=13740610&shp=81f88b70&shcp=43f4a2f9&idc=my&ftpl=1,,65.2K,games
https://www.tiktok.com/@garancg/video/7523935148983782664,https://p16-sign-sg.tiktokcdn.com/tos-alisg-p-0037/o4NI0NixSN03QqqzCIGQYwwIBfAniAC6RAp0TI~tplv-photomode-zoomcover:720:720.jpeg?dr=14555&x-expires=1752840000&x-signature=EhXzuUQVbDMITUHBvoxfsU5s%2B%2BU%3D&t=4d5b0474&ps=13740610&shp=81f88b70&shcp=43f4a2f9&idc=my&ftpl=1,,102K,games
https://www.tiktok.com/@cothitv18/video/7524945852046019848,https://p16-sign-sg.tiktokcdn.com/tos-alisg-p-0037/o8YmpjAmIEG3YUADfeQIbDmE2QrWo3AfAAbFDj~tplv-photomode-zoomcover:720:720.jpeg?dr=14555&x-expires=1752840000&x-signature=zCdGo7OQ6W5jhMOeHH8BPhPTDKE%3D&t=4d5b0474&ps=13740610&shp=81f88b70&shcp=43f4a2f9&idc=my&ftpl=1,,78.2K,games
https://www.tiktok.com/@thaodangyeuuu04/video/7525762541436374290,https://p16-sign-sg.tiktokcdn.com/tos-alisg-p-0037/ockiDAUDoC8tVeaFEAAXYAIVEBbqfdMgoRQSDR~tplv-photomode-zoomcover:720:720.jpeg?dr=14555&x-expires=1752840000&x-signature=f0CLaPI%2BO2GTgpJKKHxxprYu8ng%3D&t=4d5b0474&ps=13740610&shp=81f88b70&shcp=43f4a2f9&idc=my&ftpl=1,,57.2K,games
