user_title,user_subtitle,avatar_url,counts,bio,links,username
huongstore.06,Kem che khuyết điểm 🐰,,"{'following': '15', 'followers': '45.8K', 'likes': '3.4M'}","Kem che khuyết điểm ở đây
@Hương fashion 🐰","[{'url': 'https://www.tiktok.com/link/v2?aid=1988&lang=en&scene=bio_url&target=https%3A%2F%2Fwww.facebook.com%2Fshare%2F1ZzKSrBJ7f%2F%3Fmibextid%3DwwXIfr', 'text': 'www.facebook.com/share/1ZzKSrBJ7f/?mibextid=wwXIfr'}]",huongstore.06
ngcuong379,Bố Bé Mỡ,https://p16-sign-sg.tiktokcdn.com/tos-alisg-avt-0068/ba486e3faa5ece959575ced93a47213c~tplv-tiktokx-cropcenter:1080:1080.jpeg?dr=14579&refresh_token=0ba4b3e3&x-expires=1752840000&x-signature=q4UdDJaoyXX07OmnJdMkbN26tKU%3D&t=4d5b0474&ps=13740610&shp=a5d48078&shcp=81f88b70&idc=my,"{'following': '498', 'followers': '17K', 'likes': '1.2M'}",No bio yet.,[],ngcuong379
dipquanne,Dịp Quân,https://p9-sign-sg.tiktokcdn.com/tos-alisg-avt-0068/655f0ba196709796326df7fe35e76b4d~tplv-tiktokx-cropcenter:1080:1080.jpeg?dr=14579&refresh_token=515228a8&x-expires=1752840000&x-signature=8yEikLi2cc3Xmas39zzp%2FKQYkVE%3D&t=4d5b0474&ps=13740610&shp=a5d48078&shcp=81f88b70&idc=my,"{'following': '6', 'followers': '51.9K', 'likes': '5.9M'}","Hành trình iu nhau của chúng mình 💙
@Ngọc Diệpp 
For work: dipquanne_ (IG)","[{'url': 'https://www.tiktok.com/link/v2?aid=1988&lang=en&scene=bio_url&target=https%3A%2F%2Fbeacons.ai%2Fdipquanne', 'text': 'beacons.ai/dipquanne'}]",dipquanne
phuonganhle305,Phanh nè🌸,https://p16-sign-sg.tiktokcdn.com/tos-alisg-avt-0068/bc4e26c63bcd87b682bc461c8abfbc5a~tplv-tiktokx-cropcenter:1080:1080.jpeg?dr=14579&refresh_token=ef5822fa&x-expires=1752840000&x-signature=2F2Hb2Fg5kB2CIF6byJsIfRXPvw%3D&t=4d5b0474&ps=13740610&shp=a5d48078&shcp=81f88b70&idc=my,"{'following': '44', 'followers': '685.2K', 'likes': '37.1M'}","Dr for work 📨
IG: phuonganh8677

acc phụ: @phanhday06","[{'url': 'https://www.tiktok.com/link/v2?aid=1988&lang=en&scene=bio_url&target=https%3A%2F%2Fphuonganh23502.passio.eco', 'text': 'phuonganh23502.passio.eco'}]",phuonganhle305
luky889889,Hoàng Tử Đau đẻ,https://p16-sign-sg.tiktokcdn.com/tos-alisg-avt-0068/a0d5422851aa238d217b68b6f0423855~tplv-tiktokx-cropcenter:1080:1080.jpeg?dr=14579&refresh_token=6ffa02c9&x-expires=1752840000&x-signature=Rz%2BwlSjCULkYwSiFaY%2FIhFGZTts%3D&t=4d5b0474&ps=13740610&shp=a5d48078&shcp=81f88b70&idc=my,"{'following': '16', 'followers': '15.4K', 'likes': '890.2K'}",Muốn Khởi nghiệp với máy đau đẻ :08694chín ko tám 8️⃣ hai,[],luky889889
