[
    {
        "category_slug": "all",
        "display": "All",
        "total_video_crawlled": 0,
        "timestamp": "2025-07-16T17:03:26.436534+07:00",
        "status": "crawled_list_video"
    },
    {
        "category_slug": "singing-and-dancing",
        "display": "Singing & Dancing",
        "total_video_crawlled": 0,
        "timestamp": "2025-07-16T17:03:41.622090+07:00",
        "status": "crawled_list_video"
    },
    {
        "category_slug": "comedy",
        "display": "Comedy",
        "total_video_crawlled": 0,
        "timestamp": "2025-07-16T17:03:56.312953+07:00",
        "status": "crawled_list_video"
    },
    {
        "category_slug": "sports",
        "display": "Sports",
        "total_video_crawlled": 0,
        "timestamp": "2025-07-16T17:04:12.445903+07:00",
        "status": "crawled_list_video"
    },
    {
        "category_slug": "anime-and-comics",
        "display": "Anime & Comics",
        "total_video_crawlled": 0,
        "timestamp": "2025-07-16T17:04:28.320228+07:00",
        "status": "crawled_list_video"
    },
    {
        "category_slug": "relationship",
        "display": "Relationship",
        "total_video_crawlled": 0,
        "timestamp": "2025-07-16T17:04:42.991312+07:00",
        "status": "crawled_list_video"
    },
    {
        "category_slug": "shows",
        "display": "Shows",
        "total_video_crawlled": 0,
        "timestamp": "2025-07-16T17:04:59.121136+07:00",
        "status": "crawled_list_video"
    },
    {
        "category_slug": "lipsync",
        "display": "Lipsync",
        "total_video_crawlled": 0,
        "timestamp": "2025-07-16T17:05:15.133022+07:00",
        "status": "crawled_list_video"
    },
    {
        "category_slug": "daily-life",
        "display": "Daily Life",
        "total_video_crawlled": 0,
        "timestamp": "2025-07-16T17:05:30.311560+07:00",
        "status": "crawled_list_video"
    },
    {
        "category_slug": "beauty-care",
        "display": "Beauty Care",
        "total_video_crawlled": 0,
        "timestamp": "2025-07-16T17:05:46.498842+07:00",
        "status": "crawled_list_video"
    },
    {
        "category_slug": "games",
        "display": "Games",
        "total_video_crawlled": 0,
        "timestamp": "2025-07-16T17:06:02.126296+07:00",
        "status": "crawled_list_video"
    },
    {
        "category_slug": "society",
        "display": "Society",
        "total_video_crawlled": 0,
        "timestamp": "2025-07-16T17:06:30.007524+07:00",
        "status": "crawled_list_video"
    },
    {
        "category_slug": "outfit",
        "display": "Outfit",
        "total_video_crawlled": 0,
        "timestamp": "2025-07-16T17:06:30.007737+07:00",
        "status": "crawling_list_video"
    },
    {
        "category_slug": "cars",
        "display": "Cars",
        "total_video_crawlled": 0,
        "timestamp": "2025-07-16T17:07:37.149161+07:00",
        "status": "crawled_list_video"
    },
    {
        "category_slug": "food",
        "display": "Food",
        "total_video_crawlled": 0,
        "timestamp": "2025-07-16T17:08:03.370041+07:00",
        "status": "crawled_list_video"
    },
    {
        "category_slug": "animals",
        "display": "Animals",
        "total_video_crawlled": 0,
        "timestamp": "2025-07-16T17:08:30.067538+07:00",
        "status": "crawled_list_video"
    },
    {
        "category_slug": "family",
        "display": "Family",
        "total_video_crawlled": 0,
        "timestamp": "2025-07-16T17:08:57.036021+07:00",
        "status": "crawled_list_video"
    },
    {
        "category_slug": "drama",
        "display": "Drama",
        "total_video_crawlled": 0,
        "timestamp": "2025-07-16T17:09:23.941058+07:00",
        "status": "crawled_list_video"
    },
    {
        "category_slug": "fitness-and-health",
        "display": "Fitness & Health",
        "total_video_crawlled": 0,
        "timestamp": "2025-07-16T17:09:23.941298+07:00",
        "status": "crawling_list_video"
    },
    {
        "category_slug": "education",
        "display": "Education",
        "total_video_crawlled": 0,
        "timestamp": "2025-07-16T17:10:28.157379+07:00",
        "status": "crawled_list_video"
    },
    {
        "category_slug": "technology",
        "display": "Technology",
        "total_video_crawlled": 0,
        "timestamp": "2025-07-16T17:10:55.597994+07:00",
        "status": "crawled_list_video"
    }
]