author,time_published,description,hashtags,music,engagement,video_url
"{'username': 'huongstore.06', 'nickname': 'Kem che khuyết điểm 🐰'}",5d ago,Bùn vậy,"['#kemchekhuyetdiem', '#chekhuyetdiemxuatsac', '#kemtrangda', '#xuhuongtiktok', '#chekhuyetdiem', '#kemchexam', '#nangtone']","{'title': 'Hoa Sa Đéc - 𝓑𝓸̂𝓷𝓰  🌻', 'link': '/music/Hoa-Sa-Đéc-6998407967250975514'}","{'likes': '727.4K', 'comments': '8233', 'shares': '27.5K'}",https://www.tiktok.com/@huongstore.06/video/7525692408676224272
"{'username': 'ngcuong379', 'nickname': 'Bố Bé Mỡ'}",1w ago,,['@Hà Phượng'],"{'title': 'nhạc nền - Too và những chiếc quần 👖 - Tô Nam Anh 🍀', 'link': '/music/nhạc-nền-Too-và-những-chiếc-quần-👖-7102354851752971035'}","{'likes': '1M', 'comments': '12.6K', 'shares': '468K'}",https://www.tiktok.com/@ngcuong379/video/7524911077809786128
"{'username': 'dipquanne', 'nickname': 'Dịp Quân'}",7-8,Né cái tay gặp ngay cái cột,['#couple'],"{'title': 'nhạc nền  - Dịp Quân', 'link': '/music/nhạc-nền-Dịp-Quân-7524545593814469392'}","{'likes': '492.8K', 'comments': '8261', 'shares': '148.2K'}",https://www.tiktok.com/@dipquanne/video/7524545567163256082
"{'username': 'phuonganhle305', 'nickname': 'Phanh nè🌸'}",6d ago,Ai đó hỏi 1 năm qua tôi đã cố gắng như nào 😙,['#fyp'],"{'title': 'nhạc nền  - Phanh nè🌸', 'link': '/music/nhạc-nền-Phanh-nè🌸-7525266232291904257'}","{'likes': '835.4K', 'comments': '3357', 'shares': '50.6K'}",https://www.tiktok.com/@phuonganhle305/video/7525261051865304338
