url,thumbnail,description,likes,category
https://www.tiktok.com/@huongstore.06/video/7525692408676224272,https://p16-sign-sg.tiktokcdn.com/tos-alisg-p-0037/oM1hGowYEg9KAFzD7AUIAgBQeEAcCID0EQwfRT~tplv-photomode-zoomcover:720:720.jpeg?dr=14555&x-expires=1752832800&x-signature=dJk8kcVEHpjAZ438Q%2Bu7YvgRPUo%3D&t=4d5b0474&ps=13740610&shp=81f88b70&shcp=43f4a2f9&idc=my&ftpl=1,,727.4K,all
https://www.tiktok.com/@ngcuong379/video/7524911077809786128,https://p16-sign-sg.tiktokcdn.com/tos-alisg-p-0037/o8FEV2ItIThEUHbBetCDfBzRqnAFBIdgEbEoIZ~tplv-photomode-zoomcover:720:720.jpeg?dr=14555&x-expires=1752832800&x-signature=j1jVA7c0zJHC1UolTMdZgh5RSAI%3D&t=4d5b0474&ps=13740610&shp=81f88b70&shcp=43f4a2f9&idc=my&ftpl=1,,1M,all
https://www.tiktok.com/@dipquanne/video/7524545567163256082,https://p16-sign-sg.tiktokcdn.com/tos-alisg-p-0037/oYiPlEWANIYNAAlB9RAOrAFiBGByaBjlijJEs~tplv-photomode-zoomcover:720:720.jpeg?dr=14555&x-expires=1752832800&x-signature=tOixeuEEgqPJcVK%2FPv8rO6c3fgY%3D&t=4d5b0474&ps=13740610&shp=81f88b70&shcp=43f4a2f9&idc=my&ftpl=1,,492.7K,all
https://www.tiktok.com/@phuonganhle305/video/7525261051865304338,https://p16-sign-sg.tiktokcdn.com/tos-alisg-p-0037/o0x8i3pNwx3IAIGR0zIx6WiFCGAvq4fGAZBmBS~tplv-photomode-zoomcover:720:720.jpeg?dr=14555&x-expires=1752832800&x-signature=G3NG9yWsgBWcXSlY9V6pjmhyibE%3D&t=4d5b0474&ps=13740610&shp=81f88b70&shcp=43f4a2f9&idc=my&ftpl=1,,835.3K,all
https://www.tiktok.com/@luky889889/video/7525659423247846663,https://p16-sign-sg.tiktokcdn.com/tos-alisg-p-0037/oUDwAUBjICxcfEEV2fRgENyB2NZXIgkpAMAAFo~tplv-photomode-zoomcover:720:720.jpeg?dr=14555&x-expires=1752832800&x-signature=LuIFKSADTaVN9KAVh1STwhmmnNI%3D&t=4d5b0474&ps=13740610&shp=81f88b70&shcp=43f4a2f9&idc=my&ftpl=1,,454.4K,all
https://www.tiktok.com/@haisanthanhvan/video/7525425296992963847,https://p16-sign-sg.tiktokcdn.com/tos-alisg-p-0037/oownfAeeo3IEzrjdIlA0EILImSXLkQvnGyD1CG~tplv-photomode-zoomcover:720:720.jpeg?dr=14555&x-expires=1752832800&x-signature=KnF1fZ0PrLJCWFMmvWdd48Ew6rg%3D&t=4d5b0474&ps=13740610&shp=81f88b70&shcp=43f4a2f9&idc=my&ftpl=1,,268.1K,all
https://www.tiktok.com/@plxhvn2/video/7524219031616900366,https://p19-sign.tiktokcdn-us.com/tos-useast5-p-0068-tx/oYwDAVoQWgzDeCCygtSt2fEWFCAVDAawu6mVAI~tplv-photomode-zoomcover:720:720.jpeg?dr=14555&x-expires=1752832800&x-signature=IUIxGgGUs0N4j4lnj3QSAsORi%2Fs%3D&t=4d5b0474&ps=13740610&shp=81f88b70&shcp=43f4a2f9&idc=my&ftpl=1,,138.2K,all
https://www.tiktok.com/@nottuman/video/7524969271366077704,https://p16-sign-sg.tiktokcdn.com/tos-alisg-p-0037/oYfQIMjFIgD3xucEZDF5fI37DRC8IAClBwDofA~tplv-photomode-zoomcover:720:720.jpeg?dr=14555&x-expires=1752832800&x-signature=vIUPwVQ%2BbdbT6LNG%2BeaqMeNKUpU%3D&t=4d5b0474&ps=13740610&shp=81f88b70&shcp=43f4a2f9&idc=my&ftpl=1,,579K,all
https://www.tiktok.com/@sapgaobaobao/video/7523908343476325650,https://p16-sign-sg.tiktokcdn.com/tos-alisg-p-0037/oYWjv1EDjAdNaUofIHf2nOAIDfAHFDAl1EAQJQ~tplv-photomode-zoomcover:720:720.jpeg?dr=14555&x-expires=1752832800&x-signature=%2BgJOOggNGmGE6JO33aLtezPjcTY%3D&t=4d5b0474&ps=13740610&shp=81f88b70&shcp=43f4a2f9&idc=my&ftpl=1,,328.2K,all
https://www.tiktok.com/@plxhvn2/video/7525476265239891255,https://p19-sign.tiktokcdn-us.com/tos-useast5-p-0068-tx/okEBvi01fBA4BYBBIPQnAJAwij3ipN9gSBcAKI~tplv-photomode-zoomcover:720:720.jpeg?dr=14555&x-expires=1752832800&x-signature=y1Tvi8dV0tZwe4SLzXUs9x3BwOg%3D&t=4d5b0474&ps=13740610&shp=81f88b70&shcp=43f4a2f9&idc=my&ftpl=1,,56.9K,all
https://www.tiktok.com/@chanhvivu/video/7525009772878236944,https://p16-sign-sg.tiktokcdn.com/tos-alisg-p-0037/oE5AoJBUismfNNuYvIYQAAgC516IIqIPw0xPvi~tplv-photomode-zoomcover:720:720.jpeg?dr=14555&x-expires=1752832800&x-signature=nJChBZEDmZX8ug%2F5gWdogAs18ho%3D&t=4d5b0474&ps=13740610&shp=81f88b70&shcp=43f4a2f9&idc=my&ftpl=1,,1.3M,all
https://www.tiktok.com/@dramin.vn/video/7524640519792708882,https://p16-sign-sg.tiktokcdn.com/tos-alisg-p-0037/o4YlPxNIALkiBkz3l56sGAaiiAB0sKADBEAAA~tplv-photomode-zoomcover:720:720.jpeg?dr=14555&x-expires=1752832800&x-signature=SKNL27a4w8qLknGZH08bEWPbOR8%3D&t=4d5b0474&ps=13740610&shp=81f88b70&shcp=43f4a2f9&idc=my&ftpl=1,,200K,all
https://www.tiktok.com/@dangvuongne/video/7524945396729138440,https://p16-sign-sg.tiktokcdn.com/tos-alisg-p-0037/osAMAeWNGGDhLAgJLbIefQIEtJQQf0qAFUWyCA~tplv-photomode-zoomcover:720:720.jpeg?dr=14555&x-expires=1752832800&x-signature=%2FAxEm3CnEhO%2Fpn%2Ff4K7CHLynsNg%3D&t=4d5b0474&ps=13740610&shp=81f88b70&shcp=43f4a2f9&idc=my&ftpl=1,,380.3K,all
https://www.tiktok.com/@gianghomang247/video/7526530375674268936,https://p16-sign-sg.tiktokcdn.com/tos-alisg-p-0037/oAEzKc780EKABAAxmBOi1B2iIRBA43ALOwfvxp~tplv-photomode-zoomcover:720:720.jpeg?dr=14555&x-expires=1752832800&x-signature=OvCWcc1q%2Fk%2BiqKVm5usy01VDEl4%3D&t=4d5b0474&ps=13740610&shp=81f88b70&shcp=43f4a2f9&idc=my&ftpl=1,,267.1K,all
https://www.tiktok.com/@peter_mai_/video/7524019342153878806,https://p16-pu-sign-no.tiktokcdn-eu.com/tos-no1a-p-0037-no/oEXVQLQ04IG3AZAzIsTID7fVuILmj1OIlBeze2~tplv-photomode-zoomcover:720:720.jpeg?dr=14555&x-expires=1752832800&x-signature=n2jQfihEtdxHp08HyQ1ucfUOs8w%3D&t=4d5b0474&ps=13740610&shp=81f88b70&shcp=43f4a2f9&idc=my&ftpl=1,,20.4M,all
https://www.tiktok.com/@pth_.69/video/7519361838459391239,https://p16-sign-sg.tiktokcdn.com/tos-alisg-p-0037/ocAGAwiof7hg8JpArFMIIQHoQajGQeXAAekR0e~tplv-photomode-zoomcover:720:720.jpeg?dr=14555&x-expires=1752832800&x-signature=S8eXYR7MvRsROLSNcSWLTUhuK9c%3D&t=4d5b0474&ps=13740610&shp=81f88b70&shcp=43f4a2f9&idc=my&ftpl=1,,430.1K,all
https://www.tiktok.com/@cobedotdiem/video/7525628277034126610,https://p16-sign-sg.tiktokcdn.com/tos-alisg-p-0037/oM6PaQ9xjEBIVniHZAEiWTTEwJkBBAwFBBYZL~tplv-photomode-zoomcover:720:720.jpeg?dr=14555&x-expires=1752832800&x-signature=6%2FZbvltc3CNyg%2FeACsbTT2wjt0o%3D&t=4d5b0474&ps=13740610&shp=81f88b70&shcp=43f4a2f9&idc=my&ftpl=1,,111K,all
https://www.tiktok.com/@phucsyno96/video/7525323493693607175,https://p16-sign-sg.tiktokcdn.com/tos-alisg-p-0037/owmwoQMGeAC9n0GTIeteORgAsLjMq3KNdoIgDE~tplv-photomode-zoomcover:720:720.jpeg?dr=14555&x-expires=1752832800&x-signature=NaIiqFrlmEd7CWf%2FIwlKmVzLdcg%3D&t=4d5b0474&ps=13740610&shp=81f88b70&shcp=43f4a2f9&idc=my&ftpl=1,,438.5K,all
https://www.tiktok.com/@dienvienmanhtruong/video/7524568092278607122,https://p16-sign-sg.tiktokcdn.com/tos-alisg-p-0037/oQbDMbMXXeQB2RZefjjhACBIHotBAo08AQU7DQ~tplv-photomode-zoomcover:720:720.jpeg?dr=14555&x-expires=1752832800&x-signature=tI5pP4%2FVN43t8cIN0%2FvaC%2BRAoPE%3D&t=4d5b0474&ps=13740610&shp=81f88b70&shcp=43f4a2f9&idc=my&ftpl=1,,396.2K,all
https://www.tiktok.com/@manxuatgia/video/7526055974730222856,https://p9-sign-sg.tiktokcdn.com/tos-alisg-p-0037/oM4AvCE9BiDojVAEH1LWFSxDf1oDZQII7gIee4~tplv-photomode-zoomcover:720:720.jpeg?dr=14555&x-expires=1752832800&x-signature=l4JA8uX1ElkvWm1X15YQXCW2kJ0%3D&t=4d5b0474&ps=13740610&shp=81f88b70&shcp=43f4a2f9&idc=my&ftpl=1,,357.8K,all
https://www.tiktok.com/@tranghieu0211/video/7526051115180264712,https://p16-sign-sg.tiktokcdn.com/tos-alisg-p-0037/oIAz0QnYQrDeyHujCnFEAbDSI4AjWhzQQPfCoe~tplv-photomode-zoomcover:720:720.jpeg?dr=14555&x-expires=1752832800&x-signature=kNEvIqhSqhJzQ9CqWbqRqYtPqxM%3D&t=4d5b0474&ps=13740610&shp=81f88b70&shcp=43f4a2f9&idc=my&ftpl=1,,408.6K,all
https://www.tiktok.com/@plxhvn2/video/7526262124897701133,https://p19-sign.tiktokcdn-us.com/tos-useast5-p-0068-tx/oQsJBAyiKJdfVPBOpwAVkIAOEAA0N8BmRE4BiB~tplv-photomode-zoomcover:720:720.jpeg?dr=14555&x-expires=1752832800&x-signature=%2BqvSKC%2FyARD21jkEKxYkS3aOioQ%3D&t=4d5b0474&ps=13740610&shp=81f88b70&shcp=43f4a2f9&idc=my&ftpl=1,,70.4K,all
https://www.tiktok.com/@taisuan/video/7518015637038435592,https://p16-sign-sg.tiktokcdn.com/tos-alisg-p-0037/o4ntIUyxiDA2W9fbzVFmBRoBFEbg6BEVQgfiVE~tplv-photomode-zoomcover:720:720.jpeg?dr=14555&x-expires=1752832800&x-signature=BjLCVbj8OmIUYce%2FFNPliTYZKWM%3D&t=4d5b0474&ps=13740610&shp=81f88b70&shcp=43f4a2f9&idc=my&ftpl=1,,465.8K,all
