user_title,user_subtitle,avatar_url,counts,bio,links,username
huongstore.06,Kem che khuyết điểm 🐰,,"{'following': '15', 'followers': '45.5K', 'likes': '3.4M'}","Kem che khuyết điểm ở đây
@Hương fashion 🐰","[{'url': 'https://www.tiktok.com/link/v2?aid=1988&lang=en&scene=bio_url&target=https%3A%2F%2Fwww.facebook.com%2Fshare%2F1ZzKSrBJ7f%2F%3Fmibextid%3DwwXIfr', 'text': 'www.facebook.com/share/1ZzKSrBJ7f/?mibextid=wwXIfr'}]",huongstore.06
ngcuong379,Bố Bé Mỡ,https://p16-sign-sg.tiktokcdn.com/tos-alisg-avt-0068/ba486e3faa5ece959575ced93a47213c~tplv-tiktokx-cropcenter:1080:1080.jpeg?dr=14579&refresh_token=c7f7b298&x-expires=1752832800&x-signature=qfAiuKvX42QkZuRdVflUYZ6%2FWJE%3D&t=4d5b0474&ps=13740610&shp=a5d48078&shcp=81f88b70&idc=my,"{'following': '498', 'followers': '16.9K', 'likes': '1.2M'}",No bio yet.,[],ngcuong379
dipquanne,Dịp Quân,https://p16-sign-sg.tiktokcdn.com/tos-alisg-avt-0068/655f0ba196709796326df7fe35e76b4d~tplv-tiktokx-cropcenter:1080:1080.jpeg?dr=14579&refresh_token=64ae43da&x-expires=1752832800&x-signature=bzL3KbOEaq8%2BXNcufJKIm5Nio24%3D&t=4d5b0474&ps=13740610&shp=a5d48078&shcp=81f88b70&idc=my,"{'following': '6', 'followers': '51.9K', 'likes': '5.9M'}","Hành trình iu nhau của chúng mình 💙
@Ngọc Diệpp 
For work: dipquanne_ (IG)","[{'url': 'https://www.tiktok.com/link/v2?aid=1988&lang=en&scene=bio_url&target=https%3A%2F%2Fbeacons.ai%2Fdipquanne', 'text': 'beacons.ai/dipquanne'}]",dipquanne
phuonganhle305,Phanh nè🌸,https://p9-sign-sg.tiktokcdn.com/tos-alisg-avt-0068/bc4e26c63bcd87b682bc461c8abfbc5a~tplv-tiktokx-cropcenter:1080:1080.jpeg?dr=14579&refresh_token=68271f53&x-expires=1752832800&x-signature=3I2RQfD6ur6AvfCb%2F8Q8i7dq%2FSM%3D&t=4d5b0474&ps=13740610&shp=a5d48078&shcp=81f88b70&idc=my,"{'following': '44', 'followers': '685.1K', 'likes': '37.1M'}","Dr for work 📨
IG: phuonganh8677

acc phụ: @phanhday06","[{'url': 'https://www.tiktok.com/link/v2?aid=1988&lang=en&scene=bio_url&target=https%3A%2F%2Fphuonganh23502.passio.eco', 'text': 'phuonganh23502.passio.eco'}]",phuonganhle305
luky889889,Hoàng Tử Đau đẻ,https://p16-sign-sg.tiktokcdn.com/tos-alisg-avt-0068/a0d5422851aa238d217b68b6f0423855~tplv-tiktokx-cropcenter:1080:1080.jpeg?dr=14579&refresh_token=8238073e&x-expires=1752832800&x-signature=7ir3whE0uxj6hvoklX%2BeEstkeNA%3D&t=4d5b0474&ps=13740610&shp=a5d48078&shcp=81f88b70&idc=my,"{'following': '16', 'followers': '15.3K', 'likes': '887.8K'}",Muốn Khởi nghiệp với máy đau đẻ :08694chín ko tám 8️⃣ hai,[],luky889889
haisanthanhvan,haisanthanhvan,https://p16-sign-sg.tiktokcdn.com/tos-alisg-avt-0068/1121a34111a295f61e8bf80a75804acb~tplv-tiktokx-cropcenter:1080:1080.jpeg?dr=14579&refresh_token=3fdb250b&x-expires=1752832800&x-signature=MQYAsQLfWE40v7Oy3KJafYc7xLA%3D&t=4d5b0474&ps=13740610&shp=a5d48078&shcp=81f88b70&idc=my,"{'following': '746', 'followers': '3993', 'likes': '320.8K'}",https://www.facebook.com/share/1AbWitnhGA/?mibextid=wwXIfr,[],haisanthanhvan
plxhvn2,Tin Nóng Hàng Ngày,https://p16-sign-va.tiktokcdn.com/tos-maliva-avt-0068/dac88c1ce9d059dcc70d7144dfde9553~tplv-tiktokx-cropcenter:1080:1080.jpeg?dr=14579&refresh_token=3715acc6&x-expires=1752832800&x-signature=IBrXmXNJNOOHI2yOJsItjiy4YrU%3D&t=4d5b0474&ps=13740610&shp=a5d48078&shcp=81f88b70&idc=my,"{'following': '0', 'followers': '246.4K', 'likes': '13.1M'}","Cập nhật tin tức pháp luật xã hội mới nhất, tin nóng thời sự hàng ngày #plxhvn",[],plxhvn2
nottuman,Thập cẩm,https://p16-sign-va.tiktokcdn.com/tos-maliva-avt-0068/95dc58a158702c49401d18bcf43e0b20~tplv-tiktokx-cropcenter:1080:1080.jpeg?dr=14579&refresh_token=5ecf974d&x-expires=1752832800&x-signature=dEwun1QHiARdB0cDWbkbEzIPJEs%3D&t=4d5b0474&ps=13740610&shp=a5d48078&shcp=81f88b70&idc=my,"{'following': '165', 'followers': '4176', 'likes': '703.6K'}","136 Sương Nguyệt Anh Phường Bến Thành 

Ig: sna.hood",[],nottuman
sapgaobaobao,Sạp Gạo Bảo Bảo,https://p16-sign-sg.tiktokcdn.com/tos-alisg-avt-0068/5974e9d59c48bbea8176609532523a45~tplv-tiktokx-cropcenter:1080:1080.jpeg?dr=14579&refresh_token=9d56fbd0&x-expires=1752832800&x-signature=xQnlAp7LKONfxW1elMuzJ1Y%2F41A%3D&t=4d5b0474&ps=13740610&shp=a5d48078&shcp=81f88b70&idc=my,"{'following': '63', 'followers': '13.3K', 'likes': '401.6K'}","I love tiktok
Tiktok is the best
Sáng quay phim
Tối bán gạo",[],sapgaobaobao
plxhvn2,Tin Nóng Hàng Ngày,https://p16-sign-va.tiktokcdn.com/tos-maliva-avt-0068/dac88c1ce9d059dcc70d7144dfde9553~tplv-tiktokx-cropcenter:1080:1080.jpeg?dr=14579&refresh_token=3715acc6&x-expires=1752832800&x-signature=IBrXmXNJNOOHI2yOJsItjiy4YrU%3D&t=4d5b0474&ps=13740610&shp=a5d48078&shcp=81f88b70&idc=my,"{'following': '0', 'followers': '246.4K', 'likes': '13.1M'}","Cập nhật tin tức pháp luật xã hội mới nhất, tin nóng thời sự hàng ngày #plxhvn",[],plxhvn2
chanhvivu,Chanh Vivu,https://p16-sign-sg.tiktokcdn.com/tos-alisg-avt-0068/8b31ee3c6a333ccc7f0ed268905f85ee~tplv-tiktokx-cropcenter:1080:1080.jpeg?dr=14579&refresh_token=aea4059b&x-expires=1752832800&x-signature=%2FBy%2FsOeQ79kCA7mK8h4cawBH%2BvA%3D&t=4d5b0474&ps=13740610&shp=a5d48078&shcp=81f88b70&idc=my,"{'following': '39', 'followers': '517.6K', 'likes': '9.9M'}","Contact for work 
booking.chanh@gmail.com
@Chanh Daily",[],chanhvivu
dramin.vn,DRAMIN,https://p16-sign-sg.tiktokcdn.com/tos-alisg-avt-0068/945527b2bf4251b24fbd34f33d66880a~tplv-tiktokx-cropcenter:1080:1080.jpeg?dr=14579&refresh_token=3eea08c2&x-expires=1752832800&x-signature=0%2B%2FdVmD%2BXfPAoiZ3%2BBiJlAESEBQ%3D&t=4d5b0474&ps=13740610&shp=a5d48078&shcp=81f88b70&idc=my,"{'following': '18', 'followers': '217K', 'likes': '23.8M'}","Thiếu gì thì thiếu, đừng thiếu Vitamin Drama mỗi ngày
ZALO: 085 775 9559",[],dramin.vn
dangvuongne,Đăng Vương.,https://p16-sign-sg.tiktokcdn.com/tos-alisg-avt-0068/62896939f5b5730b61ce0b8f9441ffb4~tplv-tiktokx-cropcenter:1080:1080.jpeg?dr=14579&refresh_token=02a6414e&x-expires=1752832800&x-signature=dveGUQ0KzSYzMOpyVu0xrKYMJzU%3D&t=4d5b0474&ps=13740610&shp=a5d48078&shcp=81f88b70&idc=my,"{'following': '5', 'followers': '8291', 'likes': '945.3K'}","Contact For Work: 0967.088.950☎️☎️☎️
Đồ mình dùng ở dưới 👇","[{'url': 'https://www.tiktok.com/link/v2?aid=1988&lang=en&scene=bio_url&target=https%3A%2F%2Fbeacons.ai%2Fdangvuong12', 'text': 'beacons.ai/dangvuong12'}]",dangvuongne
gianghomang247,GIANG HỒ MẠNG,https://p16-sign-sg.tiktokcdn.com/tos-alisg-avt-0068/f6489c9c9d9d98d22740d5c04343e697~tplv-tiktokx-cropcenter:1080:1080.jpeg?dr=14579&refresh_token=3b934869&x-expires=1752832800&x-signature=Q92cSA5R27T%2BRwaxCBUcGf6bnGc%3D&t=4d5b0474&ps=13740610&shp=a5d48078&shcp=81f88b70&idc=my,"{'following': '0', 'followers': '75.5K', 'likes': '2.4M'}",No bio yet.,[],gianghomang247
peter_mai_,peter_mai_,https://p77-sign-va.tiktokcdn.com/tos-maliva-avt-0068/ad1907ea97c875180f17fef351e0a06e~tplv-tiktokx-cropcenter:1080:1080.jpeg?dr=14579&refresh_token=e5090f02&x-expires=1752832800&x-signature=zb370Zl1OyWVT1sx%2Fe%2BsSA2WlEc%3D&t=4d5b0474&ps=13740610&shp=a5d48078&shcp=81f88b70&idc=my,"{'following': '0', 'followers': '848.3K', 'likes': '40.5M'}","mountain boy 🏔️🇦🇹
adventures
this is a happy place
peter@mostwantedmodels.com",[],peter_mai_
pth_.69,Fuong Thah,,"{'following': '342', 'followers': '50.7K', 'likes': '4.4M'}","ig: ftah_.69 
acc phụ: @pth69_ 
@6 con hàu sữa
📩👇🏿","[{'url': 'https://www.tiktok.com/link/v2?aid=1988&lang=en&scene=bio_url&target=6conhausua1256910%40gmail.com', 'text': '6conhausua1256910@gmail.com'}]",pth_.69
cobedotdiem,Chúa tể đồ,https://p16-sign-useast2a.tiktokcdn.com/tos-useast2a-avt-0068-giso/6ccf86250f92de46176d7ef343a951f8~tplv-tiktokx-cropcenter:1080:1080.jpeg?dr=14579&refresh_token=0df20c0f&x-expires=1752832800&x-signature=UaPCV%2BEeiEo9PpTPL%2F7vNH4c0VI%3D&t=4d5b0474&ps=13740610&shp=a5d48078&shcp=81f88b70&idc=my,"{'following': '0', 'followers': '618.7K', 'likes': '45M'}",Mấy món đồ trong trang mình đây nè,"[{'url': 'https://www.tiktok.com/link/v2?aid=1988&lang=en&scene=bio_url&target=https%3A%2F%2Flinktr.ee%2Fchuatedo', 'text': 'linktr.ee/chuatedo'}]",cobedotdiem
phucsyno96,Phúc Syno,https://p16-sign-useast2a.tiktokcdn.com/tos-useast2a-avt-0068-euttp/7316872561013784608~tplv-tiktokx-cropcenter:1080:1080.jpeg?dr=14579&refresh_token=0230cda5&x-expires=1752832800&x-signature=9dpbSIrpaQfYc4raVJwRi7MHGDA%3D&t=4d5b0474&ps=13740610&shp=a5d48078&shcp=81f88b70&idc=my,"{'following': '23', 'followers': '1.2M', 'likes': '18.8M'}","Kênh Cảm Động Không Có Hề
👉 Lh Review - Xây kênh: 0896.405.582","[{'url': 'https://www.tiktok.com/link/v2?aid=1988&lang=en&scene=bio_url&target=https%3A%2F%2Fbeacons.page%2Fphucsyno', 'text': 'beacons.page/phucsyno'}]",phucsyno96
dienvienmanhtruong,Nguyen Manh Truong,https://p9-sign-sg.tiktokcdn.com/tos-alisg-avt-0068/7336587215788572673~tplv-tiktokx-cropcenter:1080:1080.jpeg?dr=14579&refresh_token=76a0c263&x-expires=1752832800&x-signature=opxfujN9yeiQqlD8fIm17NtpKnY%3D&t=4d5b0474&ps=13740610&shp=a5d48078&shcp=81f88b70&idc=my,"{'following': '2', 'followers': '292.7K', 'likes': '3M'}",https://vt.tiktok.com/ZSMdnckmn/,[],dienvienmanhtruong
manxuatgia,Minh Anh Vương,https://p16-sign-sg.tiktokcdn.com/tos-alisg-avt-0068/1d726499c9eef7dd2562131a6a89cfbe~tplv-tiktokx-cropcenter:1080:1080.jpeg?dr=14579&refresh_token=1f4a65b4&x-expires=1752832800&x-signature=P3JV%2FsoZSSQVNo31g581Cmdu%2Bz0%3D&t=4d5b0474&ps=13740610&shp=a5d48078&shcp=81f88b70&idc=my,"{'following': '34', 'followers': '7562', 'likes': '457.2K'}","Nhân phẩm của ẩm thực 😎
"" Kênh chính chủ duy nhất ""✅",[],manxuatgia
tranghieu0211,Chang Híu,https://p16-sign-va.tiktokcdn.com/tos-maliva-avt-0068/6cff5a328011cbec47a71dc088d63c2e~tplv-tiktokx-cropcenter:1080:1080.jpeg?dr=14579&refresh_token=16c5b8a1&x-expires=1752832800&x-signature=Px7A%2FU%2F7s7PMGtBbR6W5LbfuXFc%3D&t=4d5b0474&ps=13740610&shp=a5d48078&shcp=81f88b70&idc=my2,"{'following': '84', 'followers': '469K', 'likes': '23.7M'}","Chuyện tình iêu 7 năm 💕 IG: changhiuu
@usso.studio 
📩changhiu.work@gmail.com","[{'url': 'https://www.tiktok.com/link/v2?aid=1988&lang=en&scene=bio_url&target=https%3A%2F%2Fbeacons.ai%2Fchanghiu', 'text': 'beacons.ai/changhiu'}]",tranghieu0211
plxhvn2,Tin Nóng Hàng Ngày,https://p16-sign-va.tiktokcdn.com/tos-maliva-avt-0068/dac88c1ce9d059dcc70d7144dfde9553~tplv-tiktokx-cropcenter:1080:1080.jpeg?dr=14579&refresh_token=3715acc6&x-expires=1752832800&x-signature=IBrXmXNJNOOHI2yOJsItjiy4YrU%3D&t=4d5b0474&ps=13740610&shp=a5d48078&shcp=81f88b70&idc=my2,"{'following': '0', 'followers': '246.4K', 'likes': '13.1M'}","Cập nhật tin tức pháp luật xã hội mới nhất, tin nóng thời sự hàng ngày #plxhvn",[],plxhvn2
taisuan,Tài Xưng,https://p9-sign-sg.tiktokcdn.com/tos-alisg-avt-0068/cb605da0169990d08c95ba05c27393be~tplv-tiktokx-cropcenter:1080:1080.jpeg?dr=14579&refresh_token=38fa006d&x-expires=1752832800&x-signature=7srKc36V79ZDMtWlIHGqs%2B1iWNU%3D&t=4d5b0474&ps=13740610&shp=a5d48078&shcp=81f88b70&idc=my2,"{'following': '765', 'followers': '294.1K', 'likes': '36.9M'}","ig:taine_009
Cv : xuantai4499@gmail.com",[],taisuan
