[
    {
        "category_slug": "all",
        "display": "All",
        "total_video_crawlled": 0,
        "timestamp": "2025-07-26T15:05:39.312820+07:00",
        "status": "crawling_details_video"
    },
    {
        "category_slug": "singing-and-dancing",
        "display": "Singing & Dancing",
        "total_video_crawlled": 0,
        "timestamp": "2025-07-26T15:01:54.400287+07:00",
        "status": "crawling_user_info"
    },
    {
        "category_slug": "comedy",
        "display": "Comedy",
        "total_video_crawlled": 0,
        "timestamp": "2025-07-26T15:05:03.911487+07:00",
        "status": "crawling_user_info"
    }
]