author,time_published,description,hashtags,music,engagement,video_url
"{'username': 'ducduy_official', 'nickname': 'ĐỨC DUY'}",,19 tuổi xin ba mẹ căn nhà ở riêng,"['#ducduy_official', '#vlog']","{'title': 'nhạc nền  - ĐỨC DUY', 'link': '/music/nhạc-nền-ĐỨC-DUY-7528757614118374145'}","{'likes': '640.5K', 'comments': '3193', 'shares': '22.5K'}",https://www.tiktok.com/@ducduy_official/video/7528757591443377415
"{'username': 'tunvabong', 'nickname': 'Tún và Bống đây!'}",,Xin lỗi được chưa?,['#tunvabong'],"{'title': 'nhạc nền  - Bin Yet quãi đạn 📸', 'link': '/music/nhạc-nền-Bin-Yet-quãi-đạn-📸-7518000305552804625'}","{'likes': '621.9K', 'comments': '7812', 'shares': '198.2K'}",https://www.tiktok.com/@tunvabong/video/7528075024377449746
"{'username': 'plxhvn2', 'nickname': 'Tin Nóng Hàng Ngày'}",,Bà vợ thua Pol Pot mỗi cái quốc tịch 😂,"['#giadinh', '#hanhphuc', '#vuive', '#haihuoc', '#cuocsong', '#plxhvn', '#phapluatxahoi']","{'title': 'nhạc nền  - Tin Nóng Hàng Ngày', 'link': '/music/nhạc-nền-Tin-Nóng-Hàng-Ngày-7528429296617704205'}","{'likes': '235.4K', 'comments': '3543', 'shares': '57.1K'}",https://www.tiktok.com/@plxhvn2/video/7528429064336493879
"{'username': 'b.d.thuan', 'nickname': 'Thùn Thùn 😶\u200d🌫️'}",,Chào đón bữa cơm bằng cơn bão,['#bãowhipa'],"{'title': 'nhạc nền - Đì Va Quanh Ta', 'link': '/music/nhạc-nền-7508227626058730257'}","{'likes': '426.6K', 'comments': '10.1K', 'shares': '400.2K'}",https://www.tiktok.com/@b.d.thuan/video/7528761894656658696
