url,thumbnail,description,likes,category
https://www.tiktok.com/@bng.bng1998/video/7528398426355043591,https://p16-sign-sg.tiktokcdn.com/tos-alisg-p-0037/oMPjQDIz3DDGASAjIEpICB06uoFojeJEnm5ffw~tplv-photomode-zoomcover:720:720.jpeg?dr=14555&x-expires=1753689600&x-signature=N9Ngxhxr%2BhNaVASIgs0BlCJcmVA%3D&t=4d5b0474&ps=13740610&shp=81f88b70&shcp=43f4a2f9&idc=my2&ftpl=1,,242.2K,all
https://www.tiktok.com/@tu.anh.tr/video/7528721367395585298,https://p16-sign-sg.tiktokcdn.com/tos-alisg-p-0037/oAD8EeFaPE4dpxN7DBDAIPelj5QAZCpIy2EXfS~tplv-photomode-zoomcover:720:720.jpeg?dr=14555&x-expires=1753689600&x-signature=aEhW1kOqtruuj8Pt%2FTiIH%2BHVnxQ%3D&t=4d5b0474&ps=13740610&shp=81f88b70&shcp=43f4a2f9&idc=my2&ftpl=1,,622.4K,all
https://www.tiktok.com/@bmi.thuongw/video/7527885667859205394,https://p16-sign-sg.tiktokcdn.com/tos-alisg-p-0037/okr4yVsEMfjcQInIyCFQAb1DA0oxBDACfGeIz0~tplv-photomode-zoomcover:720:720.jpeg?dr=14555&x-expires=1753689600&x-signature=mCiJiQ88SlPj5BxBanNYbGl9%2F60%3D&t=4d5b0474&ps=13740610&shp=81f88b70&shcp=43f4a2f9&idc=my2&ftpl=1,,276.6K,all
https://www.tiktok.com/@quy99999999996/video/7528412069486415120,https://p16-sign-sg.tiktokcdn.com/tos-alisg-p-0037/o4YlIo4uHDAwSy9AZkF4DjQHJIfAcCHeINf76E~tplv-photomode-zoomcover:720:720.jpeg?dr=14555&x-expires=1753689600&x-signature=%2Fg%2Bp%2FiEZba7DH7pNprP7PFKN1Us%3D&t=4d5b0474&ps=13740610&shp=81f88b70&shcp=43f4a2f9&idc=my2&ftpl=1,,866.1K,all
https://www.tiktok.com/@plxhvn2/video/7529622328800513335,https://p16-sign.tiktokcdn-us.com/tos-useast5-p-0068-tx/oUSJApwfDeMhFOAsIe7sWljDAE6JICAqx7f7QA~tplv-photomode-zoomcover:720:720.jpeg?dr=14555&x-expires=1753689600&x-signature=jqTVKsnP%2BtXwpPUZ9QGZLbp%2B7hk%3D&t=4d5b0474&ps=13740610&shp=81f88b70&shcp=43f4a2f9&idc=my2&ftpl=1,,154.1K,all
https://www.tiktok.com/@maitrithuc2020/video/7528384799535320327,https://p16-sign-sg.tiktokcdn.com/tos-alisg-p-0037/okyH0DfEZAeDQRyoWQCIj1AWAhQfFMIQD4TjZ0~tplv-photomode-zoomcover:720:720.jpeg?dr=14555&x-expires=1753689600&x-signature=bVxDz7XZcL%2FTBELN4zetCZqCz78%3D&t=4d5b0474&ps=13740610&shp=81f88b70&shcp=43f4a2f9&idc=my2&ftpl=1,,608.7K,all
https://www.tiktok.com/@dongvathoangda66/video/7528453733894606098,https://p16-sign-sg.tiktokcdn.com/tos-alisg-p-0037/oAnXoFDSjIDw6IJ5d6EEsCCAcCnAMfr7eQfqCp~tplv-photomode-zoomcover:720:720.jpeg?dr=14555&x-expires=1753689600&x-signature=R1oF0WxEvQ%2FuHEbQ%2FIwub0T3sps%3D&t=4d5b0474&ps=13740610&shp=81f88b70&shcp=43f4a2f9&idc=my2&ftpl=1,,42.3K,all
https://www.tiktok.com/@plxhvn2/video/7530341499037437197,https://p16-sign.tiktokcdn-us.com/tos-useast5-p-0068-tx/oUc0ExF3AjSNrksBDADAIXgfVWogJCCCASEUf5~tplv-photomode-zoomcover:720:720.jpeg?dr=14555&x-expires=1753689600&x-signature=Zr7RqN5Vs5QlTE%2Bf0tM9PpCOD6o%3D&t=4d5b0474&ps=13740610&shp=81f88b70&shcp=43f4a2f9&idc=my2&ftpl=1,,63.3K,all
https://www.tiktok.com/@thibanglaixemaycaptoc/video/7528795852819680520,https://p16-sign-sg.tiktokcdn.com/tos-alisg-p-0037/owPQAEvFjfyIQATf3rc9T0fruQTDICFhoBWDw1~tplv-photomode-zoomcover:720:720.jpeg?dr=14555&x-expires=1753689600&x-signature=nqFPLtwwn42oG13q6q2zSIiwEdc%3D&t=4d5b0474&ps=13740610&shp=81f88b70&shcp=43f4a2f9&idc=my2&ftpl=1,,65.2K,all
https://www.tiktok.com/@hina_14299/video/7528287066803735816,https://p16-sign-sg.tiktokcdn.com/tos-alisg-p-0037/o8sji8ItPLe5m5oTIkHh2gAIGeAzLDFvfCkQ7I~tplv-photomode-zoomcover:720:720.jpeg?dr=14555&x-expires=1753689600&x-signature=mJF%2FQIdROjxjRmnIoKWoxQfRmxw%3D&t=4d5b0474&ps=13740610&shp=81f88b70&shcp=43f4a2f9&idc=my2&ftpl=1,,243.1K,all
https://www.tiktok.com/@review.trung.quoc/video/7529532752165637383,https://p16-sign-sg.tiktokcdn.com/tos-alisg-p-0037/ogLwEiihfAXhGfRBIwJILGjFQf8eQwhNRUiAIG~tplv-photomode-zoomcover:720:720.jpeg?dr=14555&x-expires=1753689600&x-signature=oFjNOe1bF58MVkrdMrTfT%2F0wu0c%3D&t=4d5b0474&ps=13740610&shp=81f88b70&shcp=43f4a2f9&idc=my2&ftpl=1,,91.4K,all
https://www.tiktok.com/@ngdiuthen/video/7528298689610255623,https://p9-sign-sg.tiktokcdn.com/tos-alisg-p-0037/oMX8AHABAh7E5AvizpAaiBlEyj90YSin4BI7l~tplv-photomode-zoomcover:720:720.jpeg?dr=14555&x-expires=1753689600&x-signature=HtcrWMS5lbo1nxDqfG63gsusUis%3D&t=4d5b0474&ps=13740610&shp=81f88b70&shcp=43f4a2f9&idc=my2&ftpl=1,,305.8K,all
https://www.tiktok.com/@caonho/video/7528808025717476615,https://p16-sign-sg.tiktokcdn.com/tos-alisg-p-0037/okBaaYuUB7zlAwAtiiRPHIEM5wsrAFBBzAEgA~tplv-photomode-zoomcover:720:720.jpeg?dr=14555&x-expires=1753689600&x-signature=kUoTNOczLJvIdNHoKUzV8BL%2FaxA%3D&t=4d5b0474&ps=13740610&shp=81f88b70&shcp=43f4a2f9&idc=my2&ftpl=1,,543.8K,all
https://www.tiktok.com/@nhipsongonline/video/7529523739763952904,https://p16-sign-sg.tiktokcdn.com/tos-alisg-p-0037/oEQR4LhEHJARGzGTgeYuAQAAI1e8AfXpMHvAGf~tplv-photomode-zoomcover:720:720.jpeg?dr=14555&x-expires=1753689600&x-signature=L9ba8hlXs0KHhz%2BwiaxTcuI02GU%3D&t=4d5b0474&ps=13740610&shp=81f88b70&shcp=43f4a2f9&idc=my2&ftpl=1,,164.8K,all
