url,thumbnail,description,likes,category
https://www.tiktok.com/@fullwarp/video/7528285925915348246,https://p16-pu-sign-no.tiktokcdn-eu.com/tos-no1a-p-0037-no/okIDeGZA7dsD4JgeCOVjIxfgIOLFzsEQAIgQ9q~tplv-photomode-zoomcover:720:720.jpeg?dr=14555&x-expires=1753689600&x-signature=uAFzRIwm2ciumYXdzlO9AfPjp2Q%3D&t=4d5b0474&ps=13740610&shp=81f88b70&shcp=43f4a2f9&idc=my2&ftpl=1,,9.1M,all
https://www.tiktok.com/@ducduy_official/video/7528757591443377415,https://p16-sign-sg.tiktokcdn.com/tos-alisg-p-0037/ocAAcIAT790AACch4GiABiPCIASBCwKKLEfB8M~tplv-photomode-zoomcover:720:720.jpeg?dr=14555&x-expires=1753689600&x-signature=zd3sD14ZBhp1hZ4py61jRtUUVX8%3D&t=4d5b0474&ps=13740610&shp=81f88b70&shcp=43f4a2f9&idc=my2&ftpl=1,,640.4K,all
https://www.tiktok.com/@tunvabong/video/7528075024377449746,https://p16-sign-sg.tiktokcdn.com/tos-alisg-p-0037/oMYFpBIR5HjPlYbauEIVaAiGkPAEIcP6FiG4B~tplv-photomode-zoomcover:720:720.jpeg?dr=14555&x-expires=1753689600&x-signature=WADQkQ2AwmIxIz9e%2BByUqv4w%2Bhg%3D&t=4d5b0474&ps=13740610&shp=81f88b70&shcp=43f4a2f9&idc=my2&ftpl=1,,621.8K,all
https://www.tiktok.com/@plxhvn2/video/7528429064336493879,https://p16-sign.tiktokcdn-us.com/tos-useast5-p-0068-tx/ocvzWSeJPBBiokSEAIzAzAAohH0wn0IEBBK6iB~tplv-photomode-zoomcover:720:720.jpeg?dr=14555&x-expires=1753689600&x-signature=6S3WYGLCVGd4KjP18IO5LQbGKms%3D&t=4d5b0474&ps=13740610&shp=81f88b70&shcp=43f4a2f9&idc=my2&ftpl=1,,235.4K,all
https://www.tiktok.com/@b.d.thuan/video/7528761894656658696,https://p16-sign-sg.tiktokcdn.com/tos-alisg-p-0037/o4vWqYBaoBiL90RB0UEII7zSXXuZoHAiCIcAi~tplv-photomode-zoomcover:720:720.jpeg?dr=14555&x-expires=1753689600&x-signature=TMMoI025q%2FSdyXz%2B7nk7VZSfnxA%3D&t=4d5b0474&ps=13740610&shp=81f88b70&shcp=43f4a2f9&idc=my2&ftpl=1,,426.6K,all
https://www.tiktok.com/@tramtruong175/video/7529020195206188306,https://p16-sign-sg.tiktokcdn.com/tos-alisg-p-0037/o8yzF4X4BdmiaiaExZYAkuIs8IdBFOAAHrDAv~tplv-photomode-zoomcover:720:720.jpeg?dr=14555&x-expires=1753689600&x-signature=V5pCypzLrxWle%2FHXm2cRfRZl1Z8%3D&t=4d5b0474&ps=13740610&shp=81f88b70&shcp=43f4a2f9&idc=my2&ftpl=1,,309.3K,all
https://www.tiktok.com/@quannguyenpuleofficial/video/7528613552211512593,https://p9-sign-sg.tiktokcdn.com/tos-alisg-p-0037/o0FINpLQeAfwDV1UE0WwTjBCgz2fQV1WIZ0AQD~tplv-photomode-zoomcover:720:720.jpeg?dr=14555&x-expires=1753689600&x-signature=RCBzqcyo6oc8bUTeXNA8%2BZWKC1Q%3D&t=4d5b0474&ps=13740610&shp=81f88b70&shcp=43f4a2f9&idc=my2&ftpl=1,,665.5K,all
https://www.tiktok.com/@cahebietnhayy/video/7528270506282274055,https://p16-sign-sg.tiktokcdn.com/tos-alisg-p-0037/oUfldLjJcQrSIAEOyigFIIpDCBZeeIj5otoAED~tplv-photomode-zoomcover:720:720.jpeg?dr=14555&x-expires=1753689600&x-signature=609yZXDENBzfWmrbzRyysjENwCg%3D&t=4d5b0474&ps=13740610&shp=81f88b70&shcp=43f4a2f9&idc=my2&ftpl=1,,397.7K,all
https://www.tiktok.com/@bng.bng1998/video/7528398426355043591,https://p16-sign-sg.tiktokcdn.com/tos-alisg-p-0037/oMPjQDIz3DDGASAjIEpICB06uoFojeJEnm5ffw~tplv-photomode-zoomcover:720:720.jpeg?dr=14555&x-expires=1753689600&x-signature=N9Ngxhxr%2BhNaVASIgs0BlCJcmVA%3D&t=4d5b0474&ps=13740610&shp=81f88b70&shcp=43f4a2f9&idc=my2&ftpl=1,,242.2K,all
https://www.tiktok.com/@tu.anh.tr/video/7528721367395585298,https://p16-sign-sg.tiktokcdn.com/tos-alisg-p-0037/oAD8EeFaPE4dpxN7DBDAIPelj5QAZCpIy2EXfS~tplv-photomode-zoomcover:720:720.jpeg?dr=14555&x-expires=1753689600&x-signature=aEhW1kOqtruuj8Pt%2FTiIH%2BHVnxQ%3D&t=4d5b0474&ps=13740610&shp=81f88b70&shcp=43f4a2f9&idc=my2&ftpl=1,,622.4K,all
https://www.tiktok.com/@bmi.thuongw/video/7527885667859205394,https://p16-sign-sg.tiktokcdn.com/tos-alisg-p-0037/okr4yVsEMfjcQInIyCFQAb1DA0oxBDACfGeIz0~tplv-photomode-zoomcover:720:720.jpeg?dr=14555&x-expires=1753689600&x-signature=mCiJiQ88SlPj5BxBanNYbGl9%2F60%3D&t=4d5b0474&ps=13740610&shp=81f88b70&shcp=43f4a2f9&idc=my2&ftpl=1,,276.5K,all
https://www.tiktok.com/@quy99999999996/video/7528412069486415120,https://p16-sign-sg.tiktokcdn.com/tos-alisg-p-0037/o4YlIo4uHDAwSy9AZkF4DjQHJIfAcCHeINf76E~tplv-photomode-zoomcover:720:720.jpeg?dr=14555&x-expires=1753689600&x-signature=%2Fg%2Bp%2FiEZba7DH7pNprP7PFKN1Us%3D&t=4d5b0474&ps=13740610&shp=81f88b70&shcp=43f4a2f9&idc=my2&ftpl=1,,865.9K,all
https://www.tiktok.com/@plxhvn2/video/7529622328800513335,https://p16-sign.tiktokcdn-us.com/tos-useast5-p-0068-tx/oUSJApwfDeMhFOAsIe7sWljDAE6JICAqx7f7QA~tplv-photomode-zoomcover:720:720.jpeg?dr=14555&x-expires=1753689600&x-signature=jqTVKsnP%2BtXwpPUZ9QGZLbp%2B7hk%3D&t=4d5b0474&ps=13740610&shp=81f88b70&shcp=43f4a2f9&idc=my2&ftpl=1,,154.1K,all
https://www.tiktok.com/@maitrithuc2020/video/7528384799535320327,https://p16-sign-sg.tiktokcdn.com/tos-alisg-p-0037/okyH0DfEZAeDQRyoWQCIj1AWAhQfFMIQD4TjZ0~tplv-photomode-zoomcover:720:720.jpeg?dr=14555&x-expires=1753689600&x-signature=bVxDz7XZcL%2FTBELN4zetCZqCz78%3D&t=4d5b0474&ps=13740610&shp=81f88b70&shcp=43f4a2f9&idc=my2&ftpl=1,,608.6K,all
https://www.tiktok.com/@dongvathoangda66/video/7528453733894606098,https://p16-sign-sg.tiktokcdn.com/tos-alisg-p-0037/oAnXoFDSjIDw6IJ5d6EEsCCAcCnAMfr7eQfqCp~tplv-photomode-zoomcover:720:720.jpeg?dr=14555&x-expires=1753689600&x-signature=R1oF0WxEvQ%2FuHEbQ%2FIwub0T3sps%3D&t=4d5b0474&ps=13740610&shp=81f88b70&shcp=43f4a2f9&idc=my2&ftpl=1,,42.3K,all
https://www.tiktok.com/@plxhvn2/video/7530341499037437197,https://p16-sign.tiktokcdn-us.com/tos-useast5-p-0068-tx/oUc0ExF3AjSNrksBDADAIXgfVWogJCCCASEUf5~tplv-photomode-zoomcover:720:720.jpeg?dr=14555&x-expires=1753689600&x-signature=Zr7RqN5Vs5QlTE%2Bf0tM9PpCOD6o%3D&t=4d5b0474&ps=13740610&shp=81f88b70&shcp=43f4a2f9&idc=my2&ftpl=1,,63.3K,all
https://www.tiktok.com/@thibanglaixemaycaptoc/video/7528795852819680520,https://p16-sign-sg.tiktokcdn.com/tos-alisg-p-0037/owPQAEvFjfyIQATf3rc9T0fruQTDICFhoBWDw1~tplv-photomode-zoomcover:720:720.jpeg?dr=14555&x-expires=1753689600&x-signature=nqFPLtwwn42oG13q6q2zSIiwEdc%3D&t=4d5b0474&ps=13740610&shp=81f88b70&shcp=43f4a2f9&idc=my2&ftpl=1,,65.2K,all
https://www.tiktok.com/@hina_14299/video/7528287066803735816,https://p9-sign-sg.tiktokcdn.com/tos-alisg-p-0037/o8sji8ItPLe5m5oTIkHh2gAIGeAzLDFvfCkQ7I~tplv-photomode-zoomcover:720:720.jpeg?dr=14555&x-expires=1753689600&x-signature=syQHrzW%2FEpq%2BKGY%2BbeL1NStryRE%3D&t=4d5b0474&ps=13740610&shp=81f88b70&shcp=43f4a2f9&idc=my2&ftpl=1,,243.1K,all
https://www.tiktok.com/@review.trung.quoc/video/7529532752165637383,https://p16-sign-sg.tiktokcdn.com/tos-alisg-p-0037/ogLwEiihfAXhGfRBIwJILGjFQf8eQwhNRUiAIG~tplv-photomode-zoomcover:720:720.jpeg?dr=14555&x-expires=1753689600&x-signature=oFjNOe1bF58MVkrdMrTfT%2F0wu0c%3D&t=4d5b0474&ps=13740610&shp=81f88b70&shcp=43f4a2f9&idc=my2&ftpl=1,,91.4K,all
https://www.tiktok.com/@ngdiuthen/video/7528298689610255623,https://p16-sign-sg.tiktokcdn.com/tos-alisg-p-0037/oMX8AHABAh7E5AvizpAaiBlEyj90YSin4BI7l~tplv-photomode-zoomcover:720:720.jpeg?dr=14555&x-expires=1753689600&x-signature=zd3L14uO%2FtpZu8qsX9jcezZDPbc%3D&t=4d5b0474&ps=13740610&shp=81f88b70&shcp=43f4a2f9&idc=my2&ftpl=1,,305.8K,all
https://www.tiktok.com/@caonho/video/7528808025717476615,https://p16-sign-sg.tiktokcdn.com/tos-alisg-p-0037/okBaaYuUB7zlAwAtiiRPHIEM5wsrAFBBzAEgA~tplv-photomode-zoomcover:720:720.jpeg?dr=14555&x-expires=1753689600&x-signature=kUoTNOczLJvIdNHoKUzV8BL%2FaxA%3D&t=4d5b0474&ps=13740610&shp=81f88b70&shcp=43f4a2f9&idc=my2&ftpl=1,,543.8K,all
https://www.tiktok.com/@nhipsongonline/video/7529523739763952904,https://p16-sign-sg.tiktokcdn.com/tos-alisg-p-0037/oEQR4LhEHJARGzGTgeYuAQAAI1e8AfXpMHvAGf~tplv-photomode-zoomcover:720:720.jpeg?dr=14555&x-expires=1753689600&x-signature=L9ba8hlXs0KHhz%2BwiaxTcuI02GU%3D&t=4d5b0474&ps=13740610&shp=81f88b70&shcp=43f4a2f9&idc=my2&ftpl=1,,164.8K,all
https://www.tiktok.com/@hoanglananh31/video/7527524812747574536,https://p16-sign-sg.tiktokcdn.com/tos-alisg-p-0037/oAZDK8heMGnhWXqRvcQjIfge3FQg0kJAU8GkeA~tplv-photomode-zoomcover:720:720.jpeg?dr=14555&x-expires=1753689600&x-signature=82UEnqtcW%2FO%2F2zVfKR0xl0M70Zk%3D&t=4d5b0474&ps=13740610&shp=81f88b70&shcp=43f4a2f9&idc=my2&ftpl=1,,658.1K,singing-and-dancing
https://www.tiktok.com/@dong.200301_/video/7528259272522878216,https://p16-sign-sg.tiktokcdn.com/tos-alisg-p-0037/oQFDAgV5KvPN5RvdBhgYse4xAMeeA5xqGQTneG~tplv-photomode-zoomcover:720:720.jpeg?dr=14555&x-expires=1753689600&x-signature=OCqvE81YVeRc8pfjaNYTPevbW3E%3D&t=4d5b0474&ps=13740610&shp=81f88b70&shcp=43f4a2f9&idc=my2&ftpl=1,,325.7K,singing-and-dancing
https://www.tiktok.com/@changyangg_/video/7528078028367236370,https://p16-sign-sg.tiktokcdn.com/tos-alisg-p-0037/o0CvANk8ZLDseIjAIQIGrieaQM6eAXudDoy37j~tplv-photomode-zoomcover:720:720.jpeg?dr=14555&x-expires=1753689600&x-signature=1Ysc%2FUkxuiJ4RSVCvPLXQzTmBpA%3D&t=4d5b0474&ps=13740610&shp=81f88b70&shcp=43f4a2f9&idc=my2&ftpl=1,,167.6K,singing-and-dancing
https://www.tiktok.com/@hieudinhgroupx/video/7529784184227777799,https://p9-sign-sg.tiktokcdn.com/tos-alisg-p-0037/oQyQCfgzEHtFETKAkACQfYWojqC3DDGlIf5Qxo~tplv-photomode-zoomcover:720:720.jpeg?dr=14555&x-expires=1753689600&x-signature=rPCPY7dHthgjPHqm%2Bv3fpPOgh%2Bo%3D&t=4d5b0474&ps=13740610&shp=81f88b70&shcp=43f4a2f9&idc=my2&ftpl=1,,93.6K,singing-and-dancing
https://www.tiktok.com/@bepbepkute/video/7528751466354380050,https://p9-sign-sg.tiktokcdn.com/tos-alisg-p-0037/ocHD8yGfL0Xh9ft9ajDoACKIWpsQgoFeAQvqjI~tplv-photomode-zoomcover:720:720.jpeg?dr=14555&x-expires=1753689600&x-signature=2%2BPBZtEnW22%2Bs2RBM8H%2FJ06YMh4%3D&t=4d5b0474&ps=13740610&shp=81f88b70&shcp=43f4a2f9&idc=my2&ftpl=1,,244.9K,singing-and-dancing
https://www.tiktok.com/@duongxuantruong29/video/7527998605534235911,https://p16-sign-sg.tiktokcdn.com/tos-alisg-p-0037/o8ADGtj49VQIfChs9FBMFIgwoe0jifiAK3YIc5~tplv-photomode-zoomcover:720:720.jpeg?dr=14555&x-expires=1753689600&x-signature=y%2BNu4jEn1I%2FWiY3SBVoumoFRXjg%3D&t=4d5b0474&ps=13740610&shp=81f88b70&shcp=43f4a2f9&idc=my2&ftpl=1,,135.1K,singing-and-dancing
https://www.tiktok.com/@vang.thi.xoa0/video/7528646359881157896,https://p16-sign-sg.tiktokcdn.com/tos-alisg-p-0037/ogV2BGeIAvLHGspeRAB2eQhfPzGS7ADSIQ6FBt~tplv-photomode-zoomcover:720:720.jpeg?dr=14555&x-expires=1753689600&x-signature=sYqIQAlnedtN67fzJR9Gj%2F2nX7w%3D&t=4d5b0474&ps=13740610&shp=81f88b70&shcp=43f4a2f9&idc=my2&ftpl=1,,109.8K,singing-and-dancing
https://www.tiktok.com/@ig.khalac248/video/7522129406744104199,https://p9-sign-sg.tiktokcdn.com/tos-alisg-p-0037/oYbRuefHMAuGGfOQCOfIANFQ8GjLIllWhxCZPz~tplv-photomode-zoomcover:720:720.jpeg?dr=14555&x-expires=1753689600&x-signature=Dc3XnVo0OnNfPNq88TFHOtlSggc%3D&t=4d5b0474&ps=13740610&shp=81f88b70&shcp=43f4a2f9&idc=my2&ftpl=1,,706.9K,singing-and-dancing
https://www.tiktok.com/@khanhlinhtran02/video/7528273897096039688,https://p16-sign-sg.tiktokcdn.com/tos-alisg-p-0037/okIABnzPNAAi8vAEaPn7HBE5zliENTAYsBVJo~tplv-photomode-zoomcover:720:720.jpeg?dr=14555&x-expires=1753689600&x-signature=Qr2BGDYw%2FSNiYvx7a8xtT%2Fl%2FumQ%3D&t=4d5b0474&ps=13740610&shp=81f88b70&shcp=43f4a2f9&idc=my2&ftpl=1,,158.4K,singing-and-dancing
https://www.tiktok.com/@phamhong.chipchip05/video/7529379379915328786,https://p16-sign-sg.tiktokcdn.com/tos-alisg-p-0037/oEaDBAHN2bByiruIC693YAwHEDuIAPiYWXRk7~tplv-photomode-zoomcover:720:720.jpeg?dr=14555&x-expires=1753689600&x-signature=Tuog8ONzi3CPuiKixG5G5RQPzqc%3D&t=4d5b0474&ps=13740610&shp=81f88b70&shcp=43f4a2f9&idc=my2&ftpl=1,,116.7K,singing-and-dancing
https://www.tiktok.com/@that201025/video/7528013560476077319,https://p9-sign-sg.tiktokcdn.com/tos-alisg-p-0037/o0IfCJGRQGAeOQDxJhrAkCeOQFLB6w4G400fHh~tplv-photomode-zoomcover:720:720.jpeg?dr=14555&x-expires=1753689600&x-signature=FuUf0OBkQJNcYIOjANhFBIwrU78%3D&t=4d5b0474&ps=13740610&shp=81f88b70&shcp=43f4a2f9&idc=my2&ftpl=1,,157.9K,singing-and-dancing
https://www.tiktok.com/@_halinhtran_/video/7522839109811932423,https://p16-sign-sg.tiktokcdn.com/tos-alisg-p-0037/og9sdM4EnVQ3ZdloAoEQRf7F1fLYadEUBDOBgc~tplv-photomode-zoomcover:720:720.jpeg?dr=14555&x-expires=1753689600&x-signature=LLaNh5O4foW6hY3rAmKmmiUk%2BTM%3D&t=4d5b0474&ps=13740610&shp=81f88b70&shcp=43f4a2f9&idc=my2&ftpl=1,,640.5K,singing-and-dancing
https://www.tiktok.com/@bbibeo_o/video/7520902501504126215,https://p16-sign-sg.tiktokcdn.com/tos-alisg-p-0037/oc0QQsURQEM57qDSBngFJXQHQfn2oJEBoDylfA~tplv-photomode-zoomcover:720:720.jpeg?dr=14555&x-expires=1753689600&x-signature=kpWW6k%2Ft2WJmhuBvwMUoRQVym8c%3D&t=4d5b0474&ps=13740610&shp=81f88b70&shcp=43f4a2f9&idc=my2&ftpl=1,,191.9K,singing-and-dancing
https://www.tiktok.com/@vang.thi.xoa0/video/7527176618607987975,https://p9-sign-sg.tiktokcdn.com/tos-alisg-p-0037/oM1oC0cIjIgA0oWffJEAMvDQbVmFEDneCAbc56~tplv-photomode-zoomcover:720:720.jpeg?dr=14555&x-expires=1753689600&x-signature=6fokedC0URTE4ArWD6Mf6Otrt18%3D&t=4d5b0474&ps=13740610&shp=81f88b70&shcp=43f4a2f9&idc=my2&ftpl=1,,113.4K,singing-and-dancing
https://www.tiktok.com/@kyduyn997/video/7528379534673038610,https://p16-sign-sg.tiktokcdn.com/tos-alisg-p-0037/oQ7IgZL9eIG0ZeGAoa5AeZIvQ6IXjD0DoYVFLC~tplv-photomode-zoomcover:720:720.jpeg?dr=14555&x-expires=1753689600&x-signature=g6s4t9LQaRj5dnd2UQRk4QNOYjU%3D&t=4d5b0474&ps=13740610&shp=81f88b70&shcp=43f4a2f9&idc=my2&ftpl=1,,228.3K,singing-and-dancing
https://www.tiktok.com/@kimanhne_36/video/7527893070055066888,https://p16-sign-sg.tiktokcdn.com/tos-alisg-p-0037/o8Bw6bKERQjjDQiIACFQA5bDAwoe7DkcfHeIau~tplv-photomode-zoomcover:720:720.jpeg?dr=14555&x-expires=1753689600&x-signature=H3%2BE3chv50f7R2itToDiNBd9pr0%3D&t=4d5b0474&ps=13740610&shp=81f88b70&shcp=43f4a2f9&idc=my2&ftpl=1,,149.4K,singing-and-dancing
https://www.tiktok.com/@vanhanh.guhair/video/7529759339121315073,https://p16-sign-sg.tiktokcdn.com/tos-alisg-p-0037/oM5DTOQ1GFjPE5YIFxALwQQDfAnof35C6nfdG2~tplv-photomode-zoomcover:720:720.jpeg?dr=14555&x-expires=1753689600&x-signature=lghqh%2F6ZlylJkjZ4vGn%2FXDwdYFg%3D&t=4d5b0474&ps=13740610&shp=81f88b70&shcp=43f4a2f9&idc=my2&ftpl=1,,436.6K,singing-and-dancing
https://www.tiktok.com/@ngocxinkk47/video/7530478449773907218,https://p16-sign-sg.tiktokcdn.com/tos-alisg-p-0037/ogoKIBOEADE7igPJXoTBfFkfIBUTlI4PRago2G~tplv-photomode-zoomcover:720:720.jpeg?dr=14555&x-expires=1753689600&x-signature=eDQwJ4Y5F7xiO9UhH7S69S5nZkU%3D&t=4d5b0474&ps=13740610&shp=81f88b70&shcp=43f4a2f9&idc=my2&ftpl=1,,158K,singing-and-dancing
https://www.tiktok.com/@_halinhtran_/video/7528741401027202322,https://p16-sign-sg.tiktokcdn.com/tos-alisg-p-0037/ogVICLEtiiA3FPCwII9BqdEmb2drs107OA3fAn~tplv-photomode-zoomcover:720:720.jpeg?dr=14555&x-expires=1753689600&x-signature=nxk2WQWgRfiNDQzJx0%2FPedkae2A%3D&t=4d5b0474&ps=13740610&shp=81f88b70&shcp=43f4a2f9&idc=my2&ftpl=1,,156.4K,singing-and-dancing
https://www.tiktok.com/@ebexinhqtrr/video/7528584184223288584,https://p9-sign-sg.tiktokcdn.com/tos-alisg-p-0037/oYR9VfIAQiALeI55VSGke6eG6zG4GFyIkC3hd6~tplv-photomode-zoomcover:720:720.jpeg?dr=14555&x-expires=1753689600&x-signature=UhW5Le40x%2BBFrB31qxtgu1Eclxs%3D&t=4d5b0474&ps=13740610&shp=81f88b70&shcp=43f4a2f9&idc=my2&ftpl=1,,121.8K,singing-and-dancing
https://www.tiktok.com/@khanhlinhtran02/video/7526916270738918663,https://p16-sign-sg.tiktokcdn.com/tos-alisg-p-0037/o8ABAnhpvjoQfCjA7DDPjI7tUdeREpFgAbQEkV~tplv-photomode-zoomcover:720:720.jpeg?dr=14555&x-expires=1753689600&x-signature=pDY%2BuxMURzIMkl3xF74VhdqfeIo%3D&t=4d5b0474&ps=13740610&shp=81f88b70&shcp=43f4a2f9&idc=my2&ftpl=1,,189.1K,singing-and-dancing
https://www.tiktok.com/@lehoa1297/video/7523433742342294802,https://p16-sign-sg.tiktokcdn.com/tos-alisg-p-0037/okBr9i8A1ImN1iACvqWfNHmyP1ugAIwUo0EEAA~tplv-photomode-zoomcover:720:720.jpeg?dr=14555&x-expires=1753689600&x-signature=PCsiRMPw%2Blg0kPNxg0EoIcldb8s%3D&t=4d5b0474&ps=13740610&shp=81f88b70&shcp=43f4a2f9&idc=my2&ftpl=1,,200.6K,singing-and-dancing
https://www.tiktok.com/@rant_uth_ah/video/7528092655352319239,https://p16-sign-sg.tiktokcdn.com/tos-alisg-p-0037/o4NIifkycATjDhBQG3oEAaC4UD8FQf9BQFfzOj~tplv-photomode-zoomcover:720:720.jpeg?dr=14555&x-expires=1753689600&x-signature=zW%2FEuHpQ7l8bsRWbuwIbY2VExNs%3D&t=4d5b0474&ps=13740610&shp=81f88b70&shcp=43f4a2f9&idc=my2&ftpl=1,,333.9K,singing-and-dancing
https://www.tiktok.com/@babixoxo__/video/7529527426330807553,https://p16-sign-sg.tiktokcdn.com/tos-alisg-p-0037/oUJGAQefOLDA4RIAIhIGLWeWQA4DAL3nGQed4G~tplv-photomode-zoomcover:720:720.jpeg?dr=14555&x-expires=1753689600&x-signature=%2BUsQQnacU6e%2BhmGcTZ93lsMSL4I%3D&t=4d5b0474&ps=13740610&shp=81f88b70&shcp=43f4a2f9&idc=sg1&ftpl=1,,444.7K,comedy
https://www.tiktok.com/@giangcuman29/video/7529893706673966343,https://p9-sign-sg.tiktokcdn.com/tos-alisg-p-0037/owIfQAGAWjgfATGhfLDweCF5qyZJJIAAQ7xkJG~tplv-photomode-zoomcover:720:720.jpeg?dr=14555&x-expires=1753689600&x-signature=leAC%2FHuKTiQ8LOAWlW6vUTybOVk%3D&t=4d5b0474&ps=13740610&shp=81f88b70&shcp=43f4a2f9&idc=sg1&ftpl=1,,305.2K,comedy
https://www.tiktok.com/@ttinflyou/video/7529767320281959698,https://p16-sign-sg.tiktokcdn.com/tos-alisg-p-0037/o4AAYgGJAeVRjAQhGbAFGr1S4IQwICLfTbhfeG~tplv-photomode-zoomcover:720:720.jpeg?dr=14555&x-expires=1753689600&x-signature=7Wal%2Bdfzs6Ji5toP5D5mQeigDCg%3D&t=4d5b0474&ps=13740610&shp=81f88b70&shcp=43f4a2f9&idc=sg1&ftpl=1,,302.3K,comedy
https://www.tiktok.com/@tuan_than_den_ha_noi/video/7529500030021979400,https://p16-sign-sg.tiktokcdn.com/tos-alisg-p-0037/ooJvBogfjQEMroDNC8DeGgFi1GKfAAtQSiKYQI~tplv-photomode-zoomcover:720:720.jpeg?dr=14555&x-expires=1753689600&x-signature=wZUW2feDjjp5pIt3%2BGX5a%2Foe6B8%3D&t=4d5b0474&ps=13740610&shp=81f88b70&shcp=43f4a2f9&idc=sg1&ftpl=1,,147.5K,comedy
https://www.tiktok.com/@lolifamily9496/video/7529858808051436808,https://p9-sign-sg.tiktokcdn.com/tos-alisg-p-0037/oYtJrfADoLmkAJQAehKDWhAA0IIJeGnGQfboFd~tplv-photomode-zoomcover:720:720.jpeg?dr=14555&x-expires=1753689600&x-signature=H8A7qP%2BcfraIVt9Iz9c22skW7xw%3D&t=4d5b0474&ps=13740610&shp=81f88b70&shcp=43f4a2f9&idc=sg1&ftpl=1,,51.9K,comedy
https://www.tiktok.com/@th.khane/video/7528819433364573447,https://p16-sign-sg.tiktokcdn.com/tos-alisg-p-0037/oAvsJzEqiY1HBjdaPM19iEY9V7WuAIWIAaBGy~tplv-photomode-zoomcover:720:720.jpeg?dr=14555&x-expires=1753689600&x-signature=rVLoRHFm2%2FgZGDxJA4fbe8pvNLM%3D&t=4d5b0474&ps=13740610&shp=81f88b70&shcp=43f4a2f9&idc=sg1&ftpl=1,,427.2K,comedy
https://www.tiktok.com/@food9946/video/7529020140709563655,https://p16-sign-sg.tiktokcdn.com/tos-alisg-p-0037/oYfjIIPru4csrxC4OiCPQNx5ABFfDQAHfjDoXE~tplv-photomode-zoomcover:720:720.jpeg?dr=14555&x-expires=1753689600&x-signature=NSspIC3JD3Cy65pM%2B0ZetDuEz8Y%3D&t=4d5b0474&ps=13740610&shp=81f88b70&shcp=43f4a2f9&idc=sg1&ftpl=1,,200.7K,comedy
https://www.tiktok.com/@hylick3105/video/7528049985267551508,https://p16-sign-sg.tiktokcdn.com/tos-alisg-p-0037/oAAaDIzQoIVDvjuQJcyeCLA8rGCengQNtQfbHA~tplv-photomode-zoomcover:720:720.jpeg?dr=14555&x-expires=1753689600&x-signature=JmSsKCc%2FVTL%2B%2BxY%2BUX2DbyTQ4iI%3D&t=4d5b0474&ps=13740610&shp=81f88b70&shcp=43f4a2f9&idc=sg1&ftpl=1,,142.6K,comedy
https://www.tiktok.com/@quanghien.ne/video/7527895713087360263,https://p16-sign-sg.tiktokcdn.com/tos-alisg-p-0037/o00AIk4zkBCEDAiI4ARIbUmAAPC8wEfBWqdBi8~tplv-photomode-zoomcover:720:720.jpeg?dr=14555&x-expires=1753689600&x-signature=jxMAULfoTbu89dvdbUPS3GGSfKI%3D&t=4d5b0474&ps=13740610&shp=81f88b70&shcp=43f4a2f9&idc=sg1&ftpl=1,,79.5K,comedy
https://www.tiktok.com/@itsdunggee/video/7528407549771566354,https://p16-sign-sg.tiktokcdn.com/tos-alisg-p-0037/oMy6N0d6ikHSAi3BAAKEAwARCkAPB3B1CIsfIs~tplv-photomode-zoomcover:720:720.jpeg?dr=14555&x-expires=1753689600&x-signature=EuTt%2BOl2QHn3YyEEz0FTxX1yplY%3D&t=4d5b0474&ps=13740610&shp=81f88b70&shcp=43f4a2f9&idc=sg1&ftpl=1,,168.1K,comedy
https://www.tiktok.com/@phucbinhyenofficial/video/7522339330677902600,https://p16-sign-sg.tiktokcdn.com/tos-alisg-p-0037/ocxtiXtFiBax0AkQYEABxraiSBI1vBSWJI83G~tplv-photomode-zoomcover:720:720.jpeg?dr=14555&x-expires=1753689600&x-signature=xZKTnT8pIhJZBrwgTexFpQGcLHw%3D&t=4d5b0474&ps=13740610&shp=81f88b70&shcp=43f4a2f9&idc=sg1&ftpl=1,,625.6K,comedy
https://www.tiktok.com/@ttinflyou/video/7527897465865932040,https://p16-sign-sg.tiktokcdn.com/tos-alisg-p-0037/ocvuXEBm14Bcx3hB5YAIdiVgAB4XbahEK2HAi~tplv-photomode-zoomcover:720:720.jpeg?dr=14555&x-expires=1753689600&x-signature=dUpbJvXObb25KM7I3qP3ri6YZHQ%3D&t=4d5b0474&ps=13740610&shp=81f88b70&shcp=43f4a2f9&idc=sg1&ftpl=1,,136.2K,comedy
https://www.tiktok.com/@xaydungtamdu/video/7529105146559696136,https://p16-sign-sg.tiktokcdn.com/tos-alisg-p-0037/ogxEqIwZwACqAUyQIifDm0BAItPq4iCnUtCAB8~tplv-photomode-zoomcover:720:720.jpeg?dr=14555&x-expires=1753689600&x-signature=T2ZjgVolwvCecM80KZYSCDdqqJI%3D&t=4d5b0474&ps=13740610&shp=81f88b70&shcp=43f4a2f9&idc=sg1&ftpl=1,,240.4K,comedy
https://www.tiktok.com/@dinhngocdiep11/video/7528410158276545799,https://p16-sign-sg.tiktokcdn.com/tos-alisg-p-0037/oIgAQ3SoAFkIkegQjFyEDoVwSEI9EAF6ABAefD~tplv-photomode-zoomcover:720:720.jpeg?dr=14555&x-expires=1753689600&x-signature=LwPjsicghlka2GwUr%2B9gklksLH8%3D&t=4d5b0474&ps=13740610&shp=81f88b70&shcp=43f4a2f9&idc=sg1&ftpl=1,,100.3K,comedy
https://www.tiktok.com/@nhuhuynh151515/video/7528372113489661202,https://p9-sign-sg.tiktokcdn.com/tos-alisg-p-0037/o0iIeeEFzFbpAC4QzQuJjhARZEIVfDSDI6JpXk~tplv-photomode-zoomcover:720:720.jpeg?dr=14555&x-expires=1753689600&x-signature=Gfz9I61%2F4%2BvmoQWH7BwgjVJnJzw%3D&t=4d5b0474&ps=13740610&shp=81f88b70&shcp=43f4a2f9&idc=sg1&ftpl=1,,70.1K,comedy
https://www.tiktok.com/@bodo.chumchim/video/7530178537135951111,https://p9-sign-sg.tiktokcdn.com/tos-alisg-p-0037/okg0aSibCAX8FIW4wIixQkqBUfUhIZEiACAOAI~tplv-photomode-zoomcover:720:720.jpeg?dr=14555&x-expires=1753689600&x-signature=D6Sq%2BKuKP51XZg9BRjDvpeK9X1o%3D&t=4d5b0474&ps=13740610&shp=81f88b70&shcp=43f4a2f9&idc=sg1&ftpl=1,,99.2K,comedy
https://www.tiktok.com/@haodeptrai92/video/7529472695285599496,https://p9-sign-sg.tiktokcdn.com/tos-alisg-p-0037/oct9QoOzEDAxHTr79gFkDjQLjI4ArCqfQJff8E~tplv-photomode-zoomcover:720:720.jpeg?dr=14555&x-expires=1753689600&x-signature=0IFrX7Wqz27F4ThcTftwwE9%2FuCY%3D&t=4d5b0474&ps=13740610&shp=81f88b70&shcp=43f4a2f9&idc=sg1&ftpl=1,,34.5K,comedy
https://www.tiktok.com/@saigonteu/video/7526121871910243602,https://p9-sign-sg.tiktokcdn.com/tos-alisg-p-0037/o0AJHQ4oBIBvRy49AJiAK5KfRBv50AAEiCwlBO~tplv-photomode-zoomcover:720:720.jpeg?dr=14555&x-expires=1753689600&x-signature=2x%2B7VOwYXdvYi4%2FMVqgU9zcN3Wg%3D&t=4d5b0474&ps=13740610&shp=81f88b70&shcp=43f4a2f9&idc=sg1&ftpl=1,,885.6K,comedy
https://www.tiktok.com/@food9946/video/7527637883449052424,https://p9-sign-sg.tiktokcdn.com/tos-alisg-p-0037/o86UAPo6BAl0i6wCu3iie1EsOAqIB6Gw9mIvKA~tplv-photomode-zoomcover:720:720.jpeg?dr=14555&x-expires=1753689600&x-signature=nn39h%2FUnIgNn%2Bug45SrMOdpkTMg%3D&t=4d5b0474&ps=13740610&shp=81f88b70&shcp=43f4a2f9&idc=sg1&ftpl=1,,89.3K,comedy
https://www.tiktok.com/@teamsadiqcholistani/video/7526453416386694407,https://p16-sign-sg.tiktokcdn.com/tos-alisg-p-0037/oIB6no1B2QKEEsFR8eIBLSAUaVgfJrmzrZcEYD~tplv-photomode-zoomcover:720:720.jpeg?dr=14555&x-expires=1753689600&x-signature=Vq3SBIOiHlyGn2kkCK84lPPlwuk%3D&t=4d5b0474&ps=13740610&shp=81f88b70&shcp=43f4a2f9&idc=sg1&ftpl=1,,1.2M,comedy
https://www.tiktok.com/@hoangthao_dalily/video/7529745847500868882,https://p16-sign-sg.tiktokcdn.com/tos-alisg-p-0037/oUOuuRG5gLA6gPFfgYIQ5CRfGtgaeGqfhnAzAJ~tplv-photomode-zoomcover:720:720.jpeg?dr=14555&x-expires=1753689600&x-signature=ZS7pgH8C51xOU9BV8UaXGySH%2Bg4%3D&t=4d5b0474&ps=13740610&shp=81f88b70&shcp=43f4a2f9&idc=sg1&ftpl=1,,145.1K,comedy
https://www.tiktok.com/@camlien1993/video/7529132293957487888,https://p16-sign-sg.tiktokcdn.com/tos-alisg-p-0037/ogAIwi2AI0iE0A2f8AVPBmgMQTHBCBiFKluA1T~tplv-photomode-zoomcover:720:720.jpeg?dr=14555&x-expires=1753689600&x-signature=URCbIWPEpXwAITit23268uDYBic%3D&t=4d5b0474&ps=13740610&shp=81f88b70&shcp=43f4a2f9&idc=sg1&ftpl=1,,80.6K,comedy
https://www.tiktok.com/@longandaxua/video/7523567962536824082,https://p16-sign-sg.tiktokcdn.com/tos-alisg-p-0037/ocakJBpVIA0Fhi7BzY5EaATi8MaG6pIGlUvHB~tplv-photomode-zoomcover:720:720.jpeg?dr=14555&x-expires=1753689600&x-signature=912HzNKlhvFtDuDjp4%2FtGxt3Fb8%3D&t=4d5b0474&ps=13740610&shp=81f88b70&shcp=43f4a2f9&idc=sg1&ftpl=1,,471.2K,comedy
