user_title,user_subtitle,avatar_url,counts,bio,links,username
fullwarp,fullwarp,https://p16-sign-va.tiktokcdn.com/tos-maliva-avt-0068/59b90e4f8c57cfb79ecb3a53ec435b29~tplv-tiktokx-cropcenter:1080:1080.jpeg?dr=14579&refresh_token=8a912993&x-expires=1753689600&x-signature=KAvjGfeQvdumCKjkMuRu1S2eNCo%3D&t=4d5b0474&ps=13740610&shp=a5d48078&shcp=81f88b70&idc=my2,"{'following': '60', 'followers': '849.2K', 'likes': '43M'}","weird AI experiments

offering AI training / workflow / prompting
⬇️","[{'url': 'https://www.tiktok.com/link/v2?aid=1988&lang=en&scene=bio_url&target=linktr.ee%2Ffullwarp', 'text': 'linktr.ee/fullwarp'}]",fullwarp
ducduy_official,ĐỨC DUY,https://p16-sign-sg.tiktokcdn.com/tos-alisg-avt-0068/56361aa2e8544c6e42b7329c9ca776da~tplv-tiktokx-cropcenter:1080:1080.jpeg?dr=14579&refresh_token=75481ca0&x-expires=1753689600&x-signature=%2BAX%2FJdiYrjZDFCwbpVQku%2FbuHNM%3D&t=4d5b0474&ps=13740610&shp=a5d48078&shcp=81f88b70&idc=my2,"{'following': '220', 'followers': '223.2K', 'likes': '7.3M'}","Xin chào !
contact work: DucDuy59official",[],ducduy_official
tunvabong,Tún và Bống đây!,,"{'following': '19', 'followers': '58.1K', 'likes': '993K'}",No bio yet.,[],tunvabong
plxhvn2,Tin Nóng Hàng Ngày,https://p16-sign-va.tiktokcdn.com/tos-maliva-avt-0068/dac88c1ce9d059dcc70d7144dfde9553~tplv-tiktokx-cropcenter:1080:1080.jpeg?dr=14579&refresh_token=4da488ff&x-expires=1753689600&x-signature=JzN1G50VDelTXslPbzfX4ZKxGVw%3D&t=4d5b0474&ps=13740610&shp=a5d48078&shcp=81f88b70&idc=my2,"{'following': '0', 'followers': '338.5K', 'likes': '18.7M'}","Cập nhật tin tức pháp luật xã hội mới nhất, tin nóng thời sự hàng ngày #plxhvn",[],plxhvn2
b.d.thuan,Thùn Thùn 😶‍🌫️,https://p9-sign-sg.tiktokcdn.com/tos-alisg-avt-0068/50f1faa7c62f47c0ccf6fda641a64618~tplv-tiktokx-cropcenter:1080:1080.jpeg?dr=14579&refresh_token=0ff58a38&x-expires=1753689600&x-signature=s45ce%2BlRBuXcTR50sIUjbKSk%2BWs%3D&t=4d5b0474&ps=13740610&shp=a5d48078&shcp=81f88b70&idc=my2,"{'following': '103', 'followers': '2344', 'likes': '427.9K'}",Nhân sinh trăm vị tuỳ ý là được :)),[],b.d.thuan
tramtruong175,Trâm Trương,https://p9-sign-sg.tiktokcdn.com/tos-alisg-avt-0068/7331769396764868610~tplv-tiktokx-cropcenter:1080:1080.jpeg?dr=14579&refresh_token=192bdcf6&x-expires=1753689600&x-signature=SX1XZtD40K%2BFEvA97CD8CF0V0lw%3D&t=4d5b0474&ps=13740610&shp=a5d48078&shcp=81f88b70&idc=my2,"{'following': '435', 'followers': '18.6K', 'likes': '312.3K'}",No bio yet.,[],tramtruong175
quannguyenpuleofficial,Quân Nguyễn - Pu Lê Official,https://p16-sign-sg.tiktokcdn.com/tos-alisg-avt-0068/0f73b0295dcf70a081fc5d5a8203a7d9~tplv-tiktokx-cropcenter:1080:1080.jpeg?dr=14579&refresh_token=3cdaacf2&x-expires=1753689600&x-signature=of%2Fd2CvsH3BFUMVR4XCOk9ZQx8U%3D&t=4d5b0474&ps=13740610&shp=a5d48078&shcp=81f88b70&idc=my2,"{'following': '1522', 'followers': '644.4K', 'likes': '37.8M'}","🎓 Học viện Quân Nguyễn Pu Lê
💄 Đào tạo Makeup & Hair 
☎️ Hotline: 078 661 464","[{'url': 'https://www.tiktok.com/link/v2?aid=1988&lang=en&scene=bio_url&target=https%3A%2F%2Fbeacons.ai%2Fhocvienquannguyenpule', 'text': 'beacons.ai/hocvienquannguyenpule'}]",quannguyenpuleofficial
cahebietnhayy,Cá hề biết nhảy 🩵,https://p16-sign-sg.tiktokcdn.com/tos-alisg-avt-0068/fde341ee806307535716357b9b01f32b~tplv-tiktokx-cropcenter:1080:1080.jpeg?dr=14579&refresh_token=5785d83d&x-expires=1753689600&x-signature=wfryK3yZdFtDGDu5XdNL1uuHfXo%3D&t=4d5b0474&ps=13740610&shp=a5d48078&shcp=81f88b70&idc=my2,"{'following': '40', 'followers': '1.8M', 'likes': '43.8M'}","MỤC TIÊU 2M FOLLOW 🫶🏻✨
Job : jcorner1311@gmail.com",[],cahebietnhayy
bng.bng1998,Bông Bông☘️,https://p9-sign-sg.tiktokcdn.com/tos-alisg-avt-0068/ba94605579103890de4792559ede874e~tplv-tiktokx-cropcenter:1080:1080.jpeg?dr=14579&refresh_token=abd64bff&x-expires=1753689600&x-signature=IK%2F7nFBn3I1kXHGtGyki324x9PY%3D&t=4d5b0474&ps=13740610&shp=a5d48078&shcp=81f88b70&idc=my2,"{'following': '137', 'followers': '2456', 'likes': '244.3K'}",No bio yet.,[],bng.bng1998
tu.anh.tr,Tú Anh Tr,https://p16-sign-sg.tiktokcdn.com/tos-alisg-avt-0068/f849aac93046807f8968914432eb5a2e~tplv-tiktokx-cropcenter:1080:1080.jpeg?dr=14579&refresh_token=a0c00a15&x-expires=1753689600&x-signature=3h%2Feda6tgsymbsiS8B2U8ytVkqU%3D&t=4d5b0474&ps=13740610&shp=a5d48078&shcp=81f88b70&idc=my2,"{'following': '1339', 'followers': '10.9K', 'likes': '753.8K'}",No bio yet.,[],tu.anh.tr
bmi.thuongw,Thương Bánh Mì,https://p9-sign-sg.tiktokcdn.com/tos-alisg-avt-0068/ef8f29b36d2b70c0e258a6a8fc5fb012~tplv-tiktokx-cropcenter:1080:1080.jpeg?dr=14579&refresh_token=65c44620&x-expires=1753689600&x-signature=yA%2FfcaqlXCuR4XjN9hBEwxX4tGw%3D&t=4d5b0474&ps=13740610&shp=a5d48078&shcp=81f88b70&idc=my2,"{'following': '8', 'followers': '1877', 'likes': '316.7K'}",No bio yet.,[],bmi.thuongw
quy99999999996,Văn Quý,https://p16-sign-sg.tiktokcdn.com/tos-alisg-avt-0068/326bc958286b9bb6f832da9b9b8be39f~tplv-tiktokx-cropcenter:1080:1080.jpeg?dr=14579&refresh_token=ca059fbd&x-expires=1753689600&x-signature=Tequ0AOrmkwz8Zn%2F3Dg27U5diZA%3D&t=4d5b0474&ps=13740610&shp=a5d48078&shcp=81f88b70&idc=my2,"{'following': '43', 'followers': '532.1K', 'likes': '8.8M'}","75-F1

Follow Channel for Me☝️❤️",[],quy99999999996
plxhvn2,Tin Nóng Hàng Ngày,https://p16-sign-va.tiktokcdn.com/tos-maliva-avt-0068/dac88c1ce9d059dcc70d7144dfde9553~tplv-tiktokx-cropcenter:1080:1080.jpeg?dr=14579&refresh_token=4da488ff&x-expires=1753689600&x-signature=JzN1G50VDelTXslPbzfX4ZKxGVw%3D&t=4d5b0474&ps=13740610&shp=a5d48078&shcp=81f88b70&idc=my2,"{'following': '0', 'followers': '338.5K', 'likes': '18.7M'}","Cập nhật tin tức pháp luật xã hội mới nhất, tin nóng thời sự hàng ngày #plxhvn",[],plxhvn2
maitrithuc2020,Mai Trí Thức,,"{'following': '150', 'followers': '490.6K', 'likes': '32.3M'}","Kênh Làm Về Nội Dung Giải Trí, Mang Năng Lượng Tích Cực, LHCV Với Em Ở Đây 👇❤️","[{'url': 'https://www.tiktok.com/link/v2?aid=1988&lang=en&scene=bio_url&target=https%3A%2F%2Flinkbio.co%2F6112808EYlslN', 'text': 'linkbio.co/6112808EYlslN'}]",maitrithuc2020
dongvathoangda66,Watusi SFR,https://p16-sign-sg.tiktokcdn.com/tos-alisg-avt-0068/132194a1c39d08922b69ad15f8e185aa~tplv-tiktokx-cropcenter:1080:1080.jpeg?dr=14579&refresh_token=cade1bc2&x-expires=1753689600&x-signature=bqORCpLhW2bM2mbWV4kkT1WJMHQ%3D&t=4d5b0474&ps=13740610&shp=a5d48078&shcp=81f88b70&idc=my2,"{'following': '40', 'followers': '4477', 'likes': '170.4K'}",No bio yet.,[],dongvathoangda66
plxhvn2,Tin Nóng Hàng Ngày,https://p16-sign-va.tiktokcdn.com/tos-maliva-avt-0068/dac88c1ce9d059dcc70d7144dfde9553~tplv-tiktokx-cropcenter:1080:1080.jpeg?dr=14579&refresh_token=4da488ff&x-expires=1753689600&x-signature=JzN1G50VDelTXslPbzfX4ZKxGVw%3D&t=4d5b0474&ps=13740610&shp=a5d48078&shcp=81f88b70&idc=my2,"{'following': '0', 'followers': '338.5K', 'likes': '18.7M'}","Cập nhật tin tức pháp luật xã hội mới nhất, tin nóng thời sự hàng ngày #plxhvn",[],plxhvn2
thibanglaixemaycaptoc,THÀNH TRUNG AN DƯƠNG A1 A B C1,https://p16-sign-sg.tiktokcdn.com/tos-alisg-avt-0068/473601762959b08c415395e39c28f45b~tplv-tiktokx-cropcenter:1080:1080.jpeg?dr=14579&refresh_token=9874af0f&x-expires=1753689600&x-signature=gEvaC%2Bb2dWp7QPC50xYbWKKEnXE%3D&t=4d5b0474&ps=13740610&shp=a5d48078&shcp=81f88b70&idc=my2,"{'following': '64', 'followers': '2188', 'likes': '69.2K'}","Nhận thi A1-A-B-C1 
0334969842 Trung 
@_ng.thtrungg206 
@trungdaotaolaixeanduong","[{'url': 'https://www.tiktok.com/link/v2?aid=1988&lang=en&scene=bio_url&target=https%3A%2F%2Fwww.facebook.com%2Fshare%2F15k8M7JZHF%2F', 'text': 'www.facebook.com/share/15k8M7JZHF/'}]",thibanglaixemaycaptoc
hina_14299,✨Hina Quỳnh Như✨,https://p16-sign-sg.tiktokcdn.com/tos-alisg-avt-0068/cfe7307cd9cad22cbcccf907956b31b4~tplv-tiktokx-cropcenter:1080:1080.jpeg?dr=14579&refresh_token=89ba31e2&x-expires=1753689600&x-signature=F%2FwKEQmqdiF9hn1jW073HBPIkIU%3D&t=4d5b0474&ps=13740610&shp=a5d48078&shcp=81f88b70&idc=my2,"{'following': '458', 'followers': '1.4M', 'likes': '19.6M'}","Follow kênh Hina Secret nữa nha❤️
ForWork only
hinaquynhnhumukbang@gmail.com",[],hina_14299
review.trung.quoc,Du lịch Trung Quốc,https://p16-sign-sg.tiktokcdn.com/tos-alisg-avt-0068/6bb8d6a3485c1b95ff16be53c0b08cb4~tplv-tiktokx-cropcenter:1080:1080.jpeg?dr=14579&refresh_token=8680ad96&x-expires=1753689600&x-signature=w6EBDEXPPHHd3g8NY2SQ%2BujcuvI%3D&t=4d5b0474&ps=13740610&shp=a5d48078&shcp=81f88b70&idc=my2,"{'following': '2', 'followers': '6350', 'likes': '168K'}","Review, tư vấn mọi thủ tục đi du lịch Trung Quốc uy tín, tận tình. ☎️ 0965826455",[],review.trung.quoc
ngdiuthen,Công Chúa Đá,https://p16-sign-sg.tiktokcdn.com/tos-alisg-avt-0068/7645e88293d1af65edc46931e0f2b54e~tplv-tiktokx-cropcenter:1080:1080.jpeg?dr=14579&refresh_token=167b32a2&x-expires=1753689600&x-signature=E1rXm3bTyszn8vSOFoBghGjNF5M%3D&t=4d5b0474&ps=13740610&shp=a5d48078&shcp=81f88b70&idc=my2,"{'following': '177', 'followers': '555.7K', 'likes': '39.1M'}","📩 Diuthen2000@gmail.com
ig: ngdiuthen","[{'url': 'https://www.tiktok.com/link/v2?aid=1988&lang=en&scene=bio_url&target=https%3A%2F%2Fngdiuthen.passio.eco', 'text': 'ngdiuthen.passio.eco'}]",ngdiuthen
caonho,CÁO NHỎ,https://p9-sign-sg.tiktokcdn.com/tos-alisg-avt-0068/f445b76aed55259856ad98475160cdae~tplv-tiktokx-cropcenter:1080:1080.jpeg?dr=14579&refresh_token=317f123c&x-expires=1753689600&x-signature=Ez%2FBi2ZtfaDaLyEsoKOITx9z5u4%3D&t=4d5b0474&ps=13740610&shp=a5d48078&shcp=81f88b70&idc=my2,"{'following': '2720', 'followers': '4.4M', 'likes': '122M'}","MAIL: nguyenchithien.ds@gmail.com
Nick duy nhất có tick xanh","[{'url': 'https://www.tiktok.com/link/v2?aid=1988&lang=en&scene=bio_url&target=https%3A%2F%2Finfluzee.com%2Fcaonho', 'text': 'influzee.com/caonho'}]",caonho
nhipsongonline,Nhịp Sống Online,https://p16-sign-useast2a.tiktokcdn.com/tos-useast2a-avt-0068-giso/96d78a3d60363a1c0faa6aec01f87df3~tplv-tiktokx-cropcenter:1080:1080.jpeg?dr=14579&refresh_token=aa80eda3&x-expires=1753689600&x-signature=OV%2BUmyXQo2JvW9ku%2FNVLeqI5pEE%3D&t=4d5b0474&ps=13740610&shp=a5d48078&shcp=81f88b70&idc=my2,"{'following': '0', 'followers': '519.3K', 'likes': '26.5M'}","Liên hệ làm việc Gmail: bandoc.nhipsongonline@gmail.com
SĐT/ZL: 0388086784","[{'url': 'https://www.tiktok.com/link/v2?aid=1988&lang=en&scene=bio_url&target=https%3A%2F%2Fnhipsongonline.vn%2F', 'text': 'nhipsongonline.vn/'}]",nhipsongonline
hoanglananh31,Hoàng Lan Anh,,"{'following': '69', 'followers': '3.5M', 'likes': '105.5M'}",FOR JOB: 0902459204 (zl),"[{'url': 'https://www.tiktok.com/link/v2?aid=1988&lang=en&scene=bio_url&target=https%3A%2F%2Fwww.facebook.com%2Fshare%2F16vqcs8eLu%2F%3Fmibextid%3DwwXIfr', 'text': 'www.facebook.com/share/16vqcs8eLu/?mibextid=wwXIfr'}]",hoanglananh31
dong.200301_,Đông Đây,https://p9-sign-sg.tiktokcdn.com/tos-alisg-avt-0068/f785a5e5416be22dfcb29e94db80a987~tplv-tiktokx-cropcenter:1080:1080.jpeg?dr=14579&refresh_token=6db65586&x-expires=1753689600&x-signature=swcFS5pPzhs5VHo7HC2O8WoYsV4%3D&t=4d5b0474&ps=13740610&shp=a5d48078&shcp=81f88b70&idc=my2,"{'following': '78', 'followers': '24.3K', 'likes': '793.1K'}","FB: Phan Đông
Threads & IG :dong.qk4
FL tui để tui có thêm động lực nha các bác",[],dong.200301_
changyangg_,Eser Fang,https://p16-sign-va.tiktokcdn.com/tos-maliva-avt-0068/118f58da12ab15313ed76bdb61069ce1~tplv-tiktokx-cropcenter:1080:1080.jpeg?dr=14579&refresh_token=9fe15e4b&x-expires=1753689600&x-signature=wmVY0vlwrMYKjc8YYKyTsN6qLf8%3D&t=4d5b0474&ps=13740610&shp=a5d48078&shcp=81f88b70&idc=my2,"{'following': '5', 'followers': '156.7K', 'likes': '11M'}",Email work: im.phuonghy24@gmail.com,[],changyangg_
hieudinhgroupx,Hiếu Đình | Groupx,https://p16-sign-sg.tiktokcdn.com/tos-alisg-avt-0068/b6a1465e41f9187853400afe21205110~tplv-tiktokx-cropcenter:1080:1080.jpeg?dr=14579&refresh_token=dd48f929&x-expires=1753689600&x-signature=BAxi6rOu9G5UP%2FblO7Pe05Nm6Qw%3D&t=4d5b0474&ps=13740610&shp=a5d48078&shcp=81f88b70&idc=my2,"{'following': '263', 'followers': '87.5K', 'likes': '757.7K'}","Đăng ký tập online môn StepHi tại nhà 👇👇👇
0398389222","[{'url': 'https://www.tiktok.com/link/v2?aid=1988&lang=en&scene=bio_url&target=https%3A%2F%2Fsteponline.hieudinh.vn%2Fonline', 'text': 'steponline.hieudinh.vn/online'}]",hieudinhgroupx
bepbepkute,Hân Bẹp,https://p16-sign-sg.tiktokcdn.com/tos-alisg-avt-0068/fc5c936870d44b921b97d7a6121284c7~tplv-tiktokx-cropcenter:1080:1080.jpeg?dr=14579&refresh_token=3457cf64&x-expires=1753689600&x-signature=C1cHNeD8a9MYtXKrEob1KEB5tAY%3D&t=4d5b0474&ps=13740610&shp=a5d48078&shcp=81f88b70&idc=my2,"{'following': '33', 'followers': '829.5K', 'likes': '19.4M'}","Công việc ⬇️⬇️⬇️
Acc chính: @Bẹp bẹp
Em trai: @longpham1523","[{'url': 'https://www.tiktok.com/link/v2?aid=1988&lang=en&scene=bio_url&target=facebook.com%2Fbepdiiday', 'text': 'facebook.com/bepdiiday'}]",bepbepkute
duongxuantruong29,Dương Xuân Trường,https://p16-sign-sg.tiktokcdn.com/tos-alisg-avt-0068/6dd08c81766e41021f2cf232db29edbb~tplv-tiktokx-cropcenter:1080:1080.jpeg?dr=14579&refresh_token=354210fa&x-expires=1753689600&x-signature=4EZo2GkjLHawGVy9giwOsjk3%2FCE%3D&t=4d5b0474&ps=13740610&shp=a5d48078&shcp=81f88b70&idc=my2,"{'following': '1316', 'followers': '1.7M', 'likes': '65.4M'}",Trở Lại Với Đam Mê❤️,[],duongxuantruong29
vang.thi.xoa0,Thị xoa .,https://p16-sign-sg.tiktokcdn.com/tos-alisg-avt-0068/91caa13e4ddcd944f5b2b54e147fb06a~tplv-tiktokx-cropcenter:1080:1080.jpeg?dr=14579&refresh_token=5d99dae1&x-expires=1753689600&x-signature=bjgOb9LM42xBWX0wmE8JbVe1MrQ%3D&t=4d5b0474&ps=13740610&shp=a5d48078&shcp=81f88b70&idc=my2,"{'following': '180', 'followers': '37.1K', 'likes': '887.6K'}",".""chỉ hai từ đó là:follo .""
         ♥️🥰",[],vang.thi.xoa0
ig.khalac248,Khả Lạc 🇰🇷,https://p16-sign-sg.tiktokcdn.com/tos-alisg-avt-0068/0290cc79a97801d46f3304f23ab582c4~tplv-tiktokx-cropcenter:1080:1080.jpeg?dr=14579&refresh_token=77adf4b5&x-expires=1753689600&x-signature=E3OHhWAGd%2FCj5XiU8mARI6BuCAU%3D&t=4d5b0474&ps=13740610&shp=a5d48078&shcp=81f88b70&idc=my2,"{'following': '87', 'followers': '1.1M', 'likes': '71.4M'}","For Work : Phamm86253@gmail.com📩
 ig: Khalac_248
KHÔNG ACC PHỤ","[{'url': 'https://www.tiktok.com/link/v2?aid=1988&lang=en&scene=bio_url&target=https%3A%2F%2Flinkbio.co%2F6042419bGfcEs', 'text': 'linkbio.co/6042419bGfcEs'}]",ig.khalac248
khanhlinhtran02,Khánh Linh FF 🎀,https://p16-sign-sg.tiktokcdn.com/tos-alisg-avt-0068/84b80e180b6c71723d7a417a0cc008ac~tplv-tiktokx-cropcenter:1080:1080.jpeg?dr=14579&refresh_token=1bf42ffa&x-expires=1753689600&x-signature=x03c9y6wxwo%2BPbUl02J94lOuif8%3D&t=4d5b0474&ps=13740610&shp=a5d48078&shcp=81f88b70&idc=my2,"{'following': '78', 'followers': '1.2M', 'likes': '17.2M'}","Lhcv: i gờ : Klinh_m
Phụ @Linh Nước Ép 
 Cần acc uy tín giá rẻ vô đây nha👇🏼","[{'url': 'https://www.tiktok.com/link/v2?aid=1988&lang=en&scene=bio_url&target=https%3A%2F%2Fbeacons.ai%2Fkhanhlinhfff', 'text': 'beacons.ai/khanhlinhfff'}]",khanhlinhtran02
phamhong.chipchip05,Phạm Minh Hồng,,"{'following': '160', 'followers': '161.7K', 'likes': '5.3M'}",@Minh Hồng công chúa,"[{'url': 'https://www.tiktok.com/link/v2?aid=1988&lang=en&scene=bio_url&target=https%3A%2F%2Fwww.facebook.com%2Fshare%2F15EA5KHYph%2F%3Fmibextid%3DwwXIfr', 'text': 'www.facebook.com/share/15EA5KHYph/?mibextid=wwXIfr'}]",phamhong.chipchip05
that201025,T H Ấ T 🍂🔥,https://p16-sign-sg.tiktokcdn.com/tos-alisg-avt-0068/501af3c9addf40c6948045593d872ef1~tplv-tiktokx-cropcenter:1080:1080.jpeg?dr=14579&refresh_token=59376e1d&x-expires=1753689600&x-signature=P3ZkWTmlicpnZb3NQcWdMkOwtKE%3D&t=4d5b0474&ps=13740610&shp=a5d48078&shcp=81f88b70&idc=my2,"{'following': '26', 'followers': '75.7K', 'likes': '1.3M'}",fl acc phụ voii mn oii @THẤT💗 tén kìu🤗😘,[],that201025
_halinhtran_,Trần Hà Linh 🐰,https://p16-sign-sg.tiktokcdn.com/tos-alisg-avt-0068/9d4b25227ef8bf3c3a438dec013230ef~tplv-tiktokx-cropcenter:1080:1080.jpeg?dr=14579&refresh_token=591fd581&x-expires=1753689600&x-signature=2eVujZ7yd8%2F7IAzwJu5VkaBb%2F%2BU%3D&t=4d5b0474&ps=13740610&shp=a5d48078&shcp=81f88b70&idc=my2,"{'following': '86', 'followers': '2.2M', 'likes': '74M'}","Nhận job liên hệ các mxh dưới
không sử dụng ig
@Đặc Vụ Meo Meo","[{'url': 'https://www.tiktok.com/link/v2?aid=1988&lang=en&scene=bio_url&target=https%3A%2F%2Fbeacons.ai%2Fhalinhxinhxinh', 'text': 'beacons.ai/halinhxinhxinh'}]",_halinhtran_
bbibeo_o,có ngy thì đổi tên,,"{'following': '34', 'followers': '608', 'likes': '192.4K'}",ig: lullabywine,[],bbibeo_o
vang.thi.xoa0,Thị xoa .,https://p16-sign-sg.tiktokcdn.com/tos-alisg-avt-0068/91caa13e4ddcd944f5b2b54e147fb06a~tplv-tiktokx-cropcenter:1080:1080.jpeg?dr=14579&refresh_token=5d99dae1&x-expires=1753689600&x-signature=bjgOb9LM42xBWX0wmE8JbVe1MrQ%3D&t=4d5b0474&ps=13740610&shp=a5d48078&shcp=81f88b70&idc=my2,"{'following': '180', 'followers': '37.1K', 'likes': '887.6K'}",".""chỉ hai từ đó là:follo .""
         ♥️🥰",[],vang.thi.xoa0
kyduyn997,La Hoàng Kỳ Duyên,,"{'following': '103', 'followers': '1.3M', 'likes': '85.8M'}","direct 4 work 
zl 0.3.5.7.4.8.7.7.1.7
ig: kyduyn997
@Acc phụ Đka","[{'url': 'https://www.tiktok.com/link/v2?aid=1988&lang=en&scene=bio_url&target=https%3A%2F%2Fbeacons.ai%2Flahoangkyduyen', 'text': 'beacons.ai/lahoangkyduyen'}]",kyduyn997
kimanhne_36,𝐊𝐚𝐧𝐡 𝐃𝐚̂𝐮𝐮 🍓,,"{'following': '229', 'followers': '1.2M', 'likes': '54.7M'}","Contact for work 
Ig: Kanh.xinhh36 (0 có quản lý)
@𝓚𝓲𝓶 𝓐𝓷𝓱 🎀",[],kimanhne_36
vanhanh.guhair,Văn Hạnh Guhair Quận 3,https://p9-sign-sg.tiktokcdn.com/tos-alisg-avt-0068/146ca25931e6ebcea9431785b3b2d389~tplv-tiktokx-cropcenter:1080:1080.jpeg?dr=14579&refresh_token=648ead24&x-expires=1753689600&x-signature=JSTdda0CAwGAFDrJfmNqT%2FjdF0w%3D&t=4d5b0474&ps=13740610&shp=a5d48078&shcp=81f88b70&idc=my2,"{'following': '105', 'followers': '39.4K', 'likes': '1.8M'}","(fb: Văn Hạnh (guhair))
zalo/call 0347014321
ig:vanhanh.guhair","[{'url': 'https://www.tiktok.com/link/v2?aid=1988&lang=en&scene=bio_url&target=https%3A%2F%2Fwww.facebook.com%2Fshare%2F19tJgp4hCG%2F%3Fmibextid%3DwwXIfr', 'text': 'www.facebook.com/share/19tJgp4hCG/?mibextid=wwXIfr'}]",vanhanh.guhair
ngocxinkk47,Hồng Ngọc ⭐️,https://p16-common-sign-useastred.tiktokcdn-eu.com/tos-useast2a-avt-0068-euttp/7310192864124895265~tplv-tiktokx-cropcenter:1080:1080.jpeg?dr=14579&refresh_token=71c6aa67&x-expires=1753689600&x-signature=U9r4Dqg3o5G1%2FCb4yG5g3fi7FYY%3D&t=4d5b0474&ps=13740610&shp=a5d48078&shcp=81f88b70&idc=my2,"{'following': '61', 'followers': '2.2M', 'likes': '60.6M'}","🤙🏻IG: hongngoc.47 
phở bò👇🏻👇🏻
https://linkbio.co/Hongngoctaynguyen47","[{'url': 'https://www.tiktok.com/link/v2?aid=1988&lang=en&scene=bio_url&target=https%3A%2F%2Flinkbio.co%2FHongngoctaynguyen47', 'text': 'linkbio.co/Hongngoctaynguyen47'}]",ngocxinkk47
_halinhtran_,Trần Hà Linh 🐰,https://p16-sign-sg.tiktokcdn.com/tos-alisg-avt-0068/9d4b25227ef8bf3c3a438dec013230ef~tplv-tiktokx-cropcenter:1080:1080.jpeg?dr=14579&refresh_token=591fd581&x-expires=1753689600&x-signature=2eVujZ7yd8%2F7IAzwJu5VkaBb%2F%2BU%3D&t=4d5b0474&ps=13740610&shp=a5d48078&shcp=81f88b70&idc=my2,"{'following': '86', 'followers': '2.2M', 'likes': '74M'}","Nhận job liên hệ các mxh dưới
không sử dụng ig
@Đặc Vụ Meo Meo","[{'url': 'https://www.tiktok.com/link/v2?aid=1988&lang=en&scene=bio_url&target=https%3A%2F%2Fbeacons.ai%2Fhalinhxinhxinh', 'text': 'beacons.ai/halinhxinhxinh'}]",_halinhtran_
ebexinhqtrr,tlinhh🙃,,"{'following': '9460', 'followers': '42.3K', 'likes': '1.4M'}","Phô lô dii
Acc8:@Sống vì ngkac.. 
Tlinhh😚
Mt:45N flo
★ωατεɾɧαδγτεαɱ★🌊- boss 9",[],ebexinhqtrr
