[
    {
        "category_slug": "all",
        "display": "All",
        "total_video_crawlled": 0,
        "timestamp": "2025-07-15T22:43:57.185341+07:00",
        "status": "crawled_list_video"
    },
    {
        "category_slug": "singing-and-dancing",
        "display": "Singing & Dancing",
        "total_video_crawlled": 0,
        "timestamp": "2025-07-15T22:44:13.171109+07:00",
        "status": "crawled_list_video"
    },
    {
        "category_slug": "comedy",
        "display": "Comedy",
        "total_video_crawlled": 0,
        "timestamp": "2025-07-15T22:44:29.520449+07:00",
        "status": "crawled_list_video"
    },
    {
        "category_slug": "sports",
        "display": "Sports",
        "total_video_crawlled": 0,
        "timestamp": "2025-07-15T22:44:42.621076+07:00",
        "status": "crawled_list_video"
    },
    {
        "category_slug": "anime-and-comics",
        "display": "Anime & Comics",
        "total_video_crawlled": 0,
        "timestamp": "2025-07-15T22:44:57.805474+07:00",
        "status": "crawled_list_video"
    },
    {
        "category_slug": "relationship",
        "display": "Relationship",
        "total_video_crawlled": 0,
        "timestamp": "2025-07-15T22:45:13.530692+07:00",
        "status": "crawled_list_video"
    },
    {
        "category_slug": "shows",
        "display": "Shows",
        "total_video_crawlled": 0,
        "timestamp": "2025-07-15T22:45:28.846682+07:00",
        "status": "crawled_list_video"
    },
    {
        "category_slug": "lipsync",
        "display": "Lipsync",
        "total_video_crawlled": 0,
        "timestamp": "2025-07-15T22:45:44.262100+07:00",
        "status": "crawled_list_video"
    },
    {
        "category_slug": "daily-life",
        "display": "Daily Life",
        "total_video_crawlled": 0,
        "timestamp": "2025-07-15T22:45:59.669411+07:00",
        "status": "crawled_list_video"
    },
    {
        "category_slug": "beauty-care",
        "display": "Beauty Care",
        "total_video_crawlled": 0,
        "timestamp": "2025-07-15T22:46:14.767838+07:00",
        "status": "crawled_list_video"
    },
    {
        "category_slug": "games",
        "display": "Games",
        "total_video_crawlled": 0,
        "timestamp": "2025-07-15T22:46:29.983812+07:00",
        "status": "crawled_list_video"
    },
    {
        "category_slug": "society",
        "display": "Society",
        "total_video_crawlled": 0,
        "timestamp": "2025-07-15T22:46:57.136849+07:00",
        "status": "crawled_list_video"
    },
    {
        "category_slug": "outfit",
        "display": "Outfit",
        "total_video_crawlled": 0,
        "timestamp": "2025-07-15T22:47:25.411696+07:00",
        "status": "crawled_list_video"
    },
    {
        "category_slug": "cars",
        "display": "Cars",
        "total_video_crawlled": 0,
        "timestamp": "2025-07-15T22:47:53.088913+07:00",
        "status": "crawled_list_video"
    },
    {
        "category_slug": "food",
        "display": "Food",
        "total_video_crawlled": 0,
        "timestamp": "2025-07-15T22:48:19.407317+07:00",
        "status": "crawled_list_video"
    },
    {
        "category_slug": "animals",
        "display": "Animals",
        "total_video_crawlled": 0,
        "timestamp": "2025-07-15T22:48:46.945452+07:00",
        "status": "crawled_list_video"
    },
    {
        "category_slug": "family",
        "display": "Family",
        "total_video_crawlled": 0,
        "timestamp": "2025-07-15T22:49:15.299779+07:00",
        "status": "crawled_list_video"
    },
    {
        "category_slug": "drama",
        "display": "Drama",
        "total_video_crawlled": 0,
        "timestamp": "2025-07-15T22:49:42.896041+07:00",
        "status": "crawled_list_video"
    },
    {
        "category_slug": "fitness-and-health",
        "display": "Fitness & Health",
        "total_video_crawlled": 0,
        "timestamp": "2025-07-15T22:50:10.418604+07:00",
        "status": "crawled_list_video"
    },
    {
        "category_slug": "education",
        "display": "Education",
        "total_video_crawlled": 0,
        "timestamp": "2025-07-15T22:50:37.942466+07:00",
        "status": "crawled_list_video"
    },
    {
        "category_slug": "technology",
        "display": "Technology",
        "total_video_crawlled": 0,
        "timestamp": "2025-07-15T22:51:07.507036+07:00",
        "status": "crawled_list_video"
    }
]