author,description,hashtags,music,engagement,video_url
"{'username': 'sapgaobaobao', 'nickname': 'Sạp Gạo Bảo Bảo'}",Trả lời,"['@thuquynh887', '#phatla', '#degrey', '#vualidon']","{'title': 'nhạc nền  - Sạp Gạo Bảo Bảo', 'link': '/music/nhạc-nền-Sạp-Gạo-Bảo-Bảo-7523913522577705744'}","{'likes': '325K', 'comments': '4806', 'shares': '61.6K'}",https://www.tiktok.com/@sapgaobaobao/video/7523908343476325650
"{'username': 'plxhvn2', 'nickname': 'Tin Nóng Hàng Ngày'}",Xe 04 đẳng cấp thật 😂,"['#giaothong', '#thibanglaixemay', '#phunu', '#haihuoc', '#vuive', '#vuinhon', '#haha', '#plxhvn', '#phapluatxahoi']","{'title': 'nhạc nền  - Tin Nóng Hàng Ngày', 'link': '/music/nhạc-nền-Tin-Nóng-Hàng-Ngày-7524219161837407031'}","{'likes': '138.1K', 'comments': '2003', 'shares': '19.2K'}",https://www.tiktok.com/@plxhvn2/video/7524219031616900366
"{'username': 'ngcuong379', 'nickname': 'Bố Bé Mỡ'}",,['@Hà Phượng'],"{'title': 'nhạc nền - Too và những chiếc quần 👖 - Tô Nam Anh 🍀', 'link': '/music/nhạc-nền-Too-và-những-chiếc-quần-👖-7102354851752971035'}","{'likes': '984.4K', 'comments': '12.4K', 'shares': '461.8K'}",https://www.tiktok.com/@ngcuong379/video/7524911077809786128
"{'username': 'huongstore.06', 'nickname': 'Kem che khuyết điểm 🐰'}",Bùn vậy,"['#kemchekhuyetdiem', '#chekhuyetdiemxuatsac', '#kemtrangda', '#xuhuongtiktok', '#chekhuyetdiem', '#kemchexam', '#nangtone']","{'title': 'Hoa Sa Đéc - 𝓑𝓸̂𝓷𝓰  🌻', 'link': '/music/Hoa-Sa-Đéc-6998407967250975514'}","{'likes': '694.8K', 'comments': '7839', 'shares': '26K'}",https://www.tiktok.com/@huongstore.06/video/7525692408676224272
"{'username': 'dipquanne', 'nickname': 'Dịp Quân'}",Né cái tay gặp ngay cái cột,['#couple'],"{'title': 'nhạc nền  - Dịp Quân', 'link': '/music/nhạc-nền-Dịp-Quân-7524545593814469392'}","{'likes': '487.4K', 'comments': '8187', 'shares': '146.8K'}",https://www.tiktok.com/@dipquanne/video/7524545567163256082
"{'username': 'sapgaobaobao', 'nickname': 'Sạp Gạo Bảo Bảo'}",Trả lời,"['@thuquynh887', '#phatla', '#degrey', '#vualidon']","{'title': 'nhạc nền  - Sạp Gạo Bảo Bảo', 'link': '/music/nhạc-nền-Sạp-Gạo-Bảo-Bảo-7523913522577705744'}","{'likes': '325.1K', 'comments': '4806', 'shares': '61.6K'}",https://www.tiktok.com/@sapgaobaobao/video/7523908343476325650
"{'username': 'plxhvn2', 'nickname': 'Tin Nóng Hàng Ngày'}",Xe 04 đẳng cấp thật 😂,"['#giaothong', '#thibanglaixemay', '#phunu', '#haihuoc', '#vuive', '#vuinhon', '#haha', '#plxhvn', '#phapluatxahoi']","{'title': 'nhạc nền  - Tin Nóng Hàng Ngày', 'link': '/music/nhạc-nền-Tin-Nóng-Hàng-Ngày-7524219161837407031'}","{'likes': '138.1K', 'comments': '2003', 'shares': '19.3K'}",https://www.tiktok.com/@plxhvn2/video/7524219031616900366
"{'username': 'ngcuong379', 'nickname': 'Bố Bé Mỡ'}",,['@Hà Phượng'],"{'title': 'nhạc nền - Too và những chiếc quần 👖 - Tô Nam Anh 🍀', 'link': '/music/nhạc-nền-Too-và-những-chiếc-quần-👖-7102354851752971035'}","{'likes': '984.5K', 'comments': '12.4K', 'shares': '461.8K'}",https://www.tiktok.com/@ngcuong379/video/7524911077809786128
"{'username': 'huongstore.06', 'nickname': 'Kem che khuyết điểm 🐰'}",Bùn vậy,"['#kemchekhuyetdiem', '#chekhuyetdiemxuatsac', '#kemtrangda', '#xuhuongtiktok', '#chekhuyetdiem', '#kemchexam', '#nangtone']","{'title': 'Hoa Sa Đéc - 𝓑𝓸̂𝓷𝓰  🌻', 'link': '/music/Hoa-Sa-Đéc-6998407967250975514'}","{'likes': '695K', 'comments': '7841', 'shares': '26K'}",https://www.tiktok.com/@huongstore.06/video/7525692408676224272
"{'username': 'dipquanne', 'nickname': 'Dịp Quân'}",Né cái tay gặp ngay cái cột,['#couple'],"{'title': 'nhạc nền  - Dịp Quân', 'link': '/music/nhạc-nền-Dịp-Quân-7524545593814469392'}","{'likes': '487.4K', 'comments': '8188', 'shares': '146.8K'}",https://www.tiktok.com/@dipquanne/video/7524545567163256082
"{'username': 'haisanthanhvan', 'nickname': 'haisanthanhvan'}",Quá kinh khủng chưa đầy 15 dây,['#giôngbão'],"{'title': '最新事件紧急播报新闻紧张气氛战争 - 伴奏 - 大事件短视频新闻 背景音乐', 'link': '/music/最新事件紧急播报新闻紧张气氛战争-伴奏-7361704778831169552'}","{'likes': '265.7K', 'comments': '5737', 'shares': '24.7K'}",https://www.tiktok.com/@haisanthanhvan/video/7525425296992963847
"{'username': 'phuonganhle305', 'nickname': 'Phanh nè🌸'}",Ai đó hỏi 1 năm qua tôi đã cố gắng như nào 😙,['#fyp'],"{'title': 'nhạc nền  - Phanh nè🌸', 'link': '/music/nhạc-nền-Phanh-nè🌸-7525266232291904257'}","{'likes': '806.8K', 'comments': '3237', 'shares': '48.9K'}",https://www.tiktok.com/@phuonganhle305/video/7525261051865304338
"{'username': 'luky889889', 'nickname': 'Hoàng Tử Đau đẻ'}",trải nghiệm cảm giác đau đẻ tại chợ đêm sapa,[],"{'title': 'nhạc nền - 𝓐𝓒𝓱𝓲 🍀 - Khéo tay hay làm 🐿', 'link': '/music/nhạc-nền-𝓐𝓒𝓱𝓲-🍀-7275724550921718529'}","{'likes': '446.8K', 'comments': '11.3K', 'shares': '216.8K'}",https://www.tiktok.com/@luky889889/video/7525659423247846663
"{'username': 'plxhvn2', 'nickname': 'Tin Nóng Hàng Ngày'}",Thợ làm cửa ẩu quá 😨,"['#tainan', '#mayman', '#tintuc', '#plxhvn', '#phapluatxahoi']","{'title': 'nhạc nền  - Tin Nóng Hàng Ngày', 'link': '/music/nhạc-nền-Tin-Nóng-Hàng-Ngày-7524805609854700343'}","{'likes': '48.2K', 'comments': '1085', 'shares': '2155'}",https://www.tiktok.com/@plxhvn2/video/7524805462311636238
"{'username': 'nottuman', 'nickname': 'Thập cẩm'}",Bơ dừa cà hê 🫰🏽🫰🏽,"['#xuhuong', '#dilamcogivui', '#viral', '#nhanvien', '#congcaphe', '#quan1angi', '#caphe', '#2025', '#fyp']","{'title': 'nhạc nền - Còn thở là content - Rì Viu Cho Vui', 'link': '/music/nhạc-nền-Còn-thở-là-content-7484853097924201232'}","{'likes': '575.9K', 'comments': '5953', 'shares': '433.8K'}",https://www.tiktok.com/@nottuman/video/7524969271366077704
"{'username': 'pth_.69', 'nickname': 'Fuong Thah'}",dạ khó quá chị,"['#blockblast', '#hungrystudio', '#blockblastlove']","{'title': 'nhạc nền - Tóc dài niền răn - Tuấn nuôi tóc dài lại', 'link': '/music/nhạc-nền-Tóc-dài-niền-răn-7491221944923147025'}","{'likes': '420.6K', 'comments': '1766', 'shares': '77.2K'}",https://www.tiktok.com/@pth_.69/video/7519361838459391239
"{'username': 'dramin.vn', 'nickname': 'DRAMIN'}",Nguyên tắc của người đàn ông giả gái: Mỗi khi khách đến nhà chơi đều phải xách theo một món quà nhỏ,['#khaunghiep'],"{'title': 'nhạc nền  - DRAMIN', 'link': '/music/nhạc-nền-DRAMIN-7524640562919459600'}","{'likes': '198.6K', 'comments': '3911', 'shares': '64K'}",https://www.tiktok.com/@dramin.vn/video/7524640519792708882
"{'username': 'new.york.mystery', 'nickname': 'New York Mystery'}",,['#fyp'],"{'title': 'original sound - Neema Pun', 'link': '/music/original-sound-7070755673193089818'}","{'likes': '729.6K', 'comments': '2777', 'shares': '10.8K'}",https://www.tiktok.com/@new.york.mystery/video/7523748982988737806
"{'username': 'chanhvivu', 'nickname': 'Chanh Vivu'}",Nghĩ thôi đã buồn rồi,['#chanhvivu'],"{'title': 'nhạc nền  - Chanh Vivu', 'link': '/music/nhạc-nền-Chanh-Vivu-7525009836984044289'}","{'likes': '1.2M', 'comments': '14.9K', 'shares': '409.2K'}",https://www.tiktok.com/@chanhvivu/video/7525009772878236944
"{'username': 'ttcppmc.tdtc', 'nickname': 'CỤC DIỆN THẾ GIỚI TDTC'}",PHÚ QUỐC VĨNH VIỄN LÀ CỦA VIỆT NAM – CAMPUCHIA KHÔNG THỂ ĐỤNG ĐẾN #chinhtri #bangtinquocte #chinhtrithailan #hunSen #cuocgoidinhmenh #tinquocte #quydinhngoaigiao #tinnong24h #phantichchinhtri #chinhtridongnama #trungquoc #tapcanbinh #thailan #campuchia,[],"{'title': 'nhạc nền - CỤC DIỆN THẾ GIỚI - CỤC DIỆN THẾ GIỚI TDTC', 'link': '/music/nhạc-nền-CỤC-DIỆN-THẾ-GIỚI-7524204998105467665'}","{'likes': '264.3K', 'comments': '14.2K', 'shares': '22.3K'}",https://www.tiktok.com/@ttcppmc.tdtc/video/7524204945382329607
"{'username': 'plxhvn2', 'nickname': 'Tin Nóng Hàng Ngày'}",Em bước xuống xe tự tin như 1 nữ thần 😂,"['#giaothong', '#phunu', '#vanhoagiaothong', '#luatgiaothong', '#plxhvn', '#phapluatxahoi']","{'title': 'nhạc nền  - Tin Nóng Hàng Ngày', 'link': '/music/nhạc-nền-Tin-Nóng-Hàng-Ngày-7525684353989446414'}","{'likes': '89.2K', 'comments': '3482', 'shares': '2907'}",https://www.tiktok.com/@plxhvn2/video/7525684266093612302
"{'username': 'dangvuongne', 'nickname': 'Đăng Vương.'}",Mũi khoan tình yêu,"['#dangvuong', '#couple', '#xuhuong', '#fyp']","{'title': 'nhạc nền  - Đăng Vương.', 'link': '/music/nhạc-nền-Đăng-Vương-7524945423748975361'}","{'likes': '363.8K', 'comments': '4366', 'shares': '146.9K'}",https://www.tiktok.com/@dangvuongne/video/7524945396729138440
