url,thumbnail,description,likes,category
https://www.tiktok.com/@sapgaobaobao/video/7523908343476325650,https://p16-sign-sg.tiktokcdn.com/tos-alisg-p-0037/oYWjv1EDjAdNaUofIHf2nOAIDfAHFDAl1EAQJQ~tplv-photomode-zoomcover:720:720.jpeg?dr=14555&x-expires=1752764400&x-signature=gZ6rVES6ldrheFdEW3bM7xqqKi8%3D&t=4d5b0474&ps=13740610&shp=81f88b70&shcp=43f4a2f9&idc=my&ftpl=1,,325K,all
https://www.tiktok.com/@plxhvn2/video/7524219031616900366,https://p19-sign.tiktokcdn-us.com/tos-useast5-p-0068-tx/oYwDAVoQWgzDeCCygtSt2fEWFCAVDAawu6mVAI~tplv-photomode-zoomcover:720:720.jpeg?dr=14555&x-expires=1752764400&x-signature=PG2wiPOga3830gE9%2BZwLau3l1kk%3D&t=4d5b0474&ps=13740610&shp=81f88b70&shcp=43f4a2f9&idc=my&ftpl=1,,138.1K,all
https://www.tiktok.com/@ngcuong379/video/7524911077809786128,https://p16-sign-sg.tiktokcdn.com/tos-alisg-p-0037/o8FEV2ItIThEUHbBetCDfBzRqnAFBIdgEbEoIZ~tplv-photomode-zoomcover:720:720.jpeg?dr=14555&x-expires=1752764400&x-signature=4oTB2McyteOjuA%2FLtPgf9iLmcKE%3D&t=4d5b0474&ps=13740610&shp=81f88b70&shcp=43f4a2f9&idc=my&ftpl=1,,984.1K,all
https://www.tiktok.com/@huongstore.06/video/7525692408676224272,https://p16-sign-sg.tiktokcdn.com/tos-alisg-p-0037/oM1hGowYEg9KAFzD7AUIAgBQeEAcCID0EQwfRT~tplv-photomode-zoomcover:720:720.jpeg?dr=14555&x-expires=1752764400&x-signature=WSBf%2BGT8NfCctjpkaTgpj5vPVMI%3D&t=4d5b0474&ps=13740610&shp=81f88b70&shcp=43f4a2f9&idc=my&ftpl=1,,693.2K,all
https://www.tiktok.com/@dipquanne/video/7524545567163256082,https://p16-sign-sg.tiktokcdn.com/tos-alisg-p-0037/oYiPlEWANIYNAAlB9RAOrAFiBGByaBjlijJEs~tplv-photomode-zoomcover:720:720.jpeg?dr=14555&x-expires=1752764400&x-signature=mdXDbYwP9F8cR6VbW7k1x3TGTdw%3D&t=4d5b0474&ps=13740610&shp=81f88b70&shcp=43f4a2f9&idc=my&ftpl=1,,487.2K,all
https://www.tiktok.com/@haisanthanhvan/video/7525425296992963847,https://p16-sign-sg.tiktokcdn.com/tos-alisg-p-0037/oownfAeeo3IEzrjdIlA0EILImSXLkQvnGyD1CG~tplv-photomode-zoomcover:720:720.jpeg?dr=14555&x-expires=1752764400&x-signature=Gbg2QmZVvyOQ8%2FmdF3DYF%2F7TbWE%3D&t=4d5b0474&ps=13740610&shp=81f88b70&shcp=43f4a2f9&idc=my&ftpl=1,,265.4K,all
https://www.tiktok.com/@phuonganhle305/video/7525261051865304338,https://p16-sign-sg.tiktokcdn.com/tos-alisg-p-0037/o0x8i3pNwx3IAIGR0zIx6WiFCGAvq4fGAZBmBS~tplv-photomode-zoomcover:720:720.jpeg?dr=14555&x-expires=1752764400&x-signature=tR5fBJb%2BJE841ty6PB%2FLxXr9h%2BI%3D&t=4d5b0474&ps=13740610&shp=81f88b70&shcp=43f4a2f9&idc=my&ftpl=1,,805.7K,all
https://www.tiktok.com/@luky889889/video/7525659423247846663,https://p9-sign-sg.tiktokcdn.com/tos-alisg-p-0037/oUDwAUBjICxcfEEV2fRgENyB2NZXIgkpAMAAFo~tplv-photomode-zoomcover:720:720.jpeg?dr=14555&x-expires=1752764400&x-signature=FC%2BsfaKQPCi5URx6qtkH20bsOqc%3D&t=4d5b0474&ps=13740610&shp=81f88b70&shcp=43f4a2f9&idc=my&ftpl=1,,446K,all
https://www.tiktok.com/@peter_mai_/video/7524019342153878806,https://p16-pu-sign-no.tiktokcdn-eu.com/tos-no1a-p-0037-no/oEXVQLQ04IG3AZAzIsTID7fVuILmj1OIlBeze2~tplv-photomode-zoomcover:720:720.jpeg?dr=14555&x-expires=1752764400&x-signature=7WnluIebdE1e7RkO%2BuraIKPb%2Fmw%3D&t=4d5b0474&ps=13740610&shp=81f88b70&shcp=43f4a2f9&idc=my&ftpl=1,,20.4M,all
https://www.tiktok.com/@plxhvn2/video/7524805462311636238,https://p19-sign.tiktokcdn-us.com/tos-useast5-p-0068-tx/oEXCabADnFSMACSAOog5VDgAqEISfDpDQaernU~tplv-photomode-zoomcover:720:720.jpeg?dr=14555&x-expires=1752764400&x-signature=bw2%2BoPFZnchfrHSX79xYbFGmKwU%3D&t=4d5b0474&ps=13740610&shp=81f88b70&shcp=43f4a2f9&idc=my&ftpl=1,,48.1K,all
https://www.tiktok.com/@nottuman/video/7524969271366077704,https://p9-sign-sg.tiktokcdn.com/tos-alisg-p-0037/oYfQIMjFIgD3xucEZDF5fI37DRC8IAClBwDofA~tplv-photomode-zoomcover:720:720.jpeg?dr=14555&x-expires=1752764400&x-signature=fT44%2Fisv4Yr3teXfkOoPH9I4Wq4%3D&t=4d5b0474&ps=13740610&shp=81f88b70&shcp=43f4a2f9&idc=my&ftpl=1,,575.7K,all
https://www.tiktok.com/@pth_.69/video/7519361838459391239,https://p16-sign-sg.tiktokcdn.com/tos-alisg-p-0037/ocAGAwiof7hg8JpArFMIIQHoQajGQeXAAekR0e~tplv-photomode-zoomcover:720:720.jpeg?dr=14555&x-expires=1752764400&x-signature=NVId%2BoA5KV3Bh5cRLJGoLHj5Gj8%3D&t=4d5b0474&ps=13740610&shp=81f88b70&shcp=43f4a2f9&idc=my&ftpl=1,,420.6K,all
https://www.tiktok.com/@dramin.vn/video/7524640519792708882,https://p16-sign-sg.tiktokcdn.com/tos-alisg-p-0037/o4YlPxNIALkiBkz3l56sGAaiiAB0sKADBEAAA~tplv-photomode-zoomcover:720:720.jpeg?dr=14555&x-expires=1752764400&x-signature=r1JNEOFXYMsmXQRRy4EgrHMljHU%3D&t=4d5b0474&ps=13740610&shp=81f88b70&shcp=43f4a2f9&idc=my&ftpl=1,,198.6K,all
https://www.tiktok.com/@new.york.mystery/video/7523748982988737806,https://p16-sign.tiktokcdn-us.com/tos-useast5-p-0068-tx/oInaDfhnEEpSQfclVDogFBDTIHRbA6U0zDb1Xt~tplv-photomode-zoomcover:720:720.jpeg?dr=14555&x-expires=1752764400&x-signature=07qQJdT5aWd2%2Bcb5xKBqomcCK1E%3D&t=4d5b0474&ps=13740610&shp=81f88b70&shcp=43f4a2f9&idc=my&ftpl=1,,729.5K,all
https://www.tiktok.com/@chanhvivu/video/7525009772878236944,https://p16-sign-sg.tiktokcdn.com/tos-alisg-p-0037/oE5AoJBUismfNNuYvIYQAAgC516IIqIPw0xPvi~tplv-photomode-zoomcover:720:720.jpeg?dr=14555&x-expires=1752764400&x-signature=aOz%2BnhN2bokY%2BEt0Ndf2CDNpfLk%3D&t=4d5b0474&ps=13740610&shp=81f88b70&shcp=43f4a2f9&idc=my&ftpl=1,,1.2M,all
https://www.tiktok.com/@ttcppmc.tdtc/video/7524204945382329607,https://p16-sign-sg.tiktokcdn.com/tos-alisg-p-0037/oEqrogwNfAEGCwBtABK0aFBVWiAKiBAHlaAI65~tplv-photomode-zoomcover:720:720.jpeg?dr=14555&x-expires=1752764400&x-signature=CZfqAabBsq8aIVxZY5YbD5yFTCM%3D&t=4d5b0474&ps=13740610&shp=81f88b70&shcp=43f4a2f9&idc=my&ftpl=1,,264.3K,all
https://www.tiktok.com/@plxhvn2/video/7525684266093612302,https://p19-sign.tiktokcdn-us.com/tos-useast5-p-0068-tx/oArHxHtZAfAgtAeQETkWQPQ4QEC8DA1CeAMZEl~tplv-photomode-zoomcover:720:720.jpeg?dr=14555&x-expires=1752764400&x-signature=jKCkKuhHwelR9FTcUeF7Ah6Bu74%3D&t=4d5b0474&ps=13740610&shp=81f88b70&shcp=43f4a2f9&idc=my&ftpl=1,,89.1K,all
https://www.tiktok.com/@dangvuongne/video/7524945396729138440,https://p16-sign-sg.tiktokcdn.com/tos-alisg-p-0037/osAMAeWNGGDhLAgJLbIefQIEtJQQf0qAFUWyCA~tplv-photomode-zoomcover:720:720.jpeg?dr=14555&x-expires=1752764400&x-signature=Y2n18FjcSlPBATjcyxeRMRbD6%2B4%3D&t=4d5b0474&ps=13740610&shp=81f88b70&shcp=43f4a2f9&idc=my&ftpl=1,,362.3K,all
https://www.tiktok.com/@ancungkhay/video/7524267335180373278,https://p16-pu-sign-useast8.tiktokcdn-us.com/tos-useast8-p-0068-tx2/oUvNLAxaBBkH7FYBguEPErihVzutaGRiBIBAi~tplv-photomode-zoomcover:720:720.jpeg?dr=14555&x-expires=1752764400&x-signature=t0XWEss3u4bnzkh1u4es7gZ0ciA%3D&t=4d5b0474&ps=13740610&shp=81f88b70&shcp=43f4a2f9&idc=my&ftpl=1,,294.8K,all
https://www.tiktok.com/@dinhquyettam/video/7523917645914049799,https://p16-sign-sg.tiktokcdn.com/tos-alisg-p-0037/ockqVY8gSVvECGbipw0oEXYUBBIaAiCT6BKAI~tplv-photomode-zoomcover:720:720.jpeg?dr=14555&x-expires=1752764400&x-signature=IZUy%2BqPGrq%2B6I39bQvtGccUu0J4%3D&t=4d5b0474&ps=13740610&shp=81f88b70&shcp=43f4a2f9&idc=my&ftpl=1,,283.1K,all
https://www.tiktok.com/@phucsyno96/video/7525323493693607175,https://p16-sign-sg.tiktokcdn.com/tos-alisg-p-0037/owmwoQMGeAC9n0GTIeteORgAsLjMq3KNdoIgDE~tplv-photomode-zoomcover:720:720.jpeg?dr=14555&x-expires=1752764400&x-signature=ivSJkK93%2Fqr2Ahi8iCR6zONc1l4%3D&t=4d5b0474&ps=13740610&shp=81f88b70&shcp=43f4a2f9&idc=my&ftpl=1,,432.7K,all
https://www.tiktok.com/@dienvienmanhtruong/video/7524568092278607122,https://p16-sign-sg.tiktokcdn.com/tos-alisg-p-0037/oQbDMbMXXeQB2RZefjjhACBIHotBAo08AQU7DQ~tplv-photomode-zoomcover:720:720.jpeg?dr=14555&x-expires=1752764400&x-signature=5GamHoBxBLaMiAP493hIi9CIQ7Y%3D&t=4d5b0474&ps=13740610&shp=81f88b70&shcp=43f4a2f9&idc=my&ftpl=1,,390.1K,all
https://www.tiktok.com/@cobedotdiem/video/7525628277034126610,https://p16-sign-sg.tiktokcdn.com/tos-alisg-p-0037/oM6PaQ9xjEBIVniHZAEiWTTEwJkBBAwFBBYZL~tplv-photomode-zoomcover:720:720.jpeg?dr=14555&x-expires=1752764400&x-signature=7abtcgwFnB4qHH0ZgmyD0LEvHzI%3D&t=4d5b0474&ps=13740610&shp=81f88b70&shcp=43f4a2f9&idc=my&ftpl=1,,106.3K,all
https://www.tiktok.com/@taisuan/video/7518015637038435592,https://p16-sign-sg.tiktokcdn.com/tos-alisg-p-0037/o4ntIUyxiDA2W9fbzVFmBRoBFEbg6BEVQgfiVE~tplv-photomode-zoomcover:720:720.jpeg?dr=14555&x-expires=1752764400&x-signature=Hp5LBTZDvgBgxrfxssHGrLDDK5k%3D&t=4d5b0474&ps=13740610&shp=81f88b70&shcp=43f4a2f9&idc=my&ftpl=1,,457.6K,all
https://www.tiktok.com/@vang.thi.xoa0/video/7524602155630660871,https://p9-sign-sg.tiktokcdn.com/tos-alisg-p-0037/owaEIUkhtDAcwGfyFMF9BRoBVE5g8B6bQtf0sE~tplv-photomode-zoomcover:480:480.jpeg?dr=14555&x-expires=1752764400&x-signature=XhkJbWvXkVnMAcZyWZgmOLnzTj4%3D&t=4d5b0474&ps=13740610&shp=81f88b70&shcp=43f4a2f9&idc=my&ftpl=1,,138.7K,singing-and-dancing
https://www.tiktok.com/@lehoa1297/video/7523433742342294802,https://p16-sign-sg.tiktokcdn.com/tos-alisg-p-0037/okBr9i8A1ImN1iACvqWfNHmyP1ugAIwUo0EEAA~tplv-photomode-zoomcover:480:480.jpeg?dr=14555&x-expires=1752764400&x-signature=2zNF6WQkPv0gLeSskCHB%2BQAc71c%3D&t=4d5b0474&ps=13740610&shp=81f88b70&shcp=43f4a2f9&idc=my&ftpl=1,,162.1K,singing-and-dancing
https://www.tiktok.com/@nhanvuatovuadz1701/video/7524221447611419911,https://p16-sign-sg.tiktokcdn.com/tos-alisg-p-0037/oAdaDfg3EE8UQyznQRogFBBWQeR2Aqx6zBQQL2~tplv-photomode-zoomcover:480:480.jpeg?dr=14555&x-expires=1752764400&x-signature=IQZ3F88INoApg5JD%2BbEkQ7IAh3c%3D&t=4d5b0474&ps=13740610&shp=81f88b70&shcp=43f4a2f9&idc=my&ftpl=1,,282.4K,singing-and-dancing
https://www.tiktok.com/@khanhlinhtran02/video/7521324342399995143,https://p16-sign-sg.tiktokcdn.com/tos-alisg-p-0037/oshEIYBGnv9Arcyi1H6aQVAZBKbVBEiwPcEZO~tplv-photomode-zoomcover:480:480.jpeg?dr=14555&x-expires=1752764400&x-signature=45Y5nJA4LGyFCCS60xgRnZlV06I%3D&t=4d5b0474&ps=13740610&shp=81f88b70&shcp=43f4a2f9&idc=my&ftpl=1,,381.7K,singing-and-dancing
https://www.tiktok.com/@_halinhtran_/video/7522839109811932423,https://p16-sign-sg.tiktokcdn.com/tos-alisg-p-0037/og9sdM4EnVQ3ZdloAoEQRf7F1fLYadEUBDOBgc~tplv-photomode-zoomcover:480:480.jpeg?dr=14555&x-expires=1752764400&x-signature=66I8KkwOIPhVY%2B0h2Fp5OjKeRto%3D&t=4d5b0474&ps=13740610&shp=81f88b70&shcp=43f4a2f9&idc=my&ftpl=1,,530.4K,singing-and-dancing
https://www.tiktok.com/@littlequanzz/video/7524968348375993608,https://p9-sign-sg.tiktokcdn.com/tos-alisg-p-0037/ocobB1vDIAgUCyvEEbAucBAkARFtsQff2gFD7E~tplv-photomode-zoomcover:480:480.jpeg?dr=14555&x-expires=1752764400&x-signature=JtSVJ9DVjK5XFjvmLY9WFuRdTTA%3D&t=4d5b0474&ps=13740610&shp=81f88b70&shcp=43f4a2f9&idc=my&ftpl=1,,377.9K,singing-and-dancing
https://www.tiktok.com/@kimanhne_36/video/7524219645830712583,https://p16-sign-sg.tiktokcdn.com/tos-alisg-p-0037/oQ7QAIfCjroIQAyeWwq1bs9frRtGICLtodyD8v~tplv-photomode-zoomcover:480:480.jpeg?dr=14555&x-expires=1752764400&x-signature=nMnFIVEnmyVeoQHdPMiXWS7Mf3w%3D&t=4d5b0474&ps=13740610&shp=81f88b70&shcp=43f4a2f9&idc=my&ftpl=1,,178.4K,singing-and-dancing
https://www.tiktok.com/@_dieulinh16_/video/7525680684917198087,https://p16-sign-sg.tiktokcdn.com/tos-alisg-p-0037/oM2R9cElWSeRtwUrE8azlWgIDfAqFBBHHBYoJI~tplv-photomode-zoomcover:480:480.jpeg?dr=14555&x-expires=1752764400&x-signature=19n%2BWWxNsMW3Tv7YPNEOg9mex%2Bk%3D&t=4d5b0474&ps=13740610&shp=81f88b70&shcp=43f4a2f9&idc=my&ftpl=1,,377.3K,singing-and-dancing
https://www.tiktok.com/@bbibeo_o/video/7520902501504126215,https://p16-sign-sg.tiktokcdn.com/tos-alisg-p-0037/oc0QQsURQEM57qDSBngFJXQHQfn2oJEBoDylfA~tplv-photomode-zoomcover:480:480.jpeg?dr=14555&x-expires=1752764400&x-signature=BZucr%2FvI7%2FYkxt0TCDwDPLtxEMg%3D&t=4d5b0474&ps=13740610&shp=81f88b70&shcp=43f4a2f9&idc=my&ftpl=1,,114.7K,singing-and-dancing
https://www.tiktok.com/@ig.khalac248/video/7525101002387868946,https://p16-sign-sg.tiktokcdn.com/tos-alisg-p-0037/o8zRiYbNwO2IAI340xI9IWiLCvAuq0fhAdCQBC~tplv-photomode-zoomcover:480:480.jpeg?dr=14555&x-expires=1752764400&x-signature=GglYuMMuvUsEa3bA2mOlsOW2gNU%3D&t=4d5b0474&ps=13740610&shp=81f88b70&shcp=43f4a2f9&idc=my&ftpl=1,,270.7K,singing-and-dancing
https://www.tiktok.com/@louispham_203/video/7524685127276858631,https://p16-sign-sg.tiktokcdn.com/tos-alisg-p-0037/oUZI4NiBO9XobtqUClZbDmwIBfA5iACjXAG0oI~tplv-photomode-zoomcover:480:480.jpeg?dr=14555&x-expires=1752764400&x-signature=QTl311cItkmL%2FOBkHIMnAN%2Bymf4%3D&t=4d5b0474&ps=13740610&shp=81f88b70&shcp=43f4a2f9&idc=my&ftpl=1,,220.9K,singing-and-dancing
https://www.tiktok.com/@alithucphuong/video/7522042887664602376,https://p16-sign-sg.tiktokcdn.com/tos-alisg-p-0037/osWCkBFYfEDgSiAAnjAgfSEoojIKVVqBUAd6qC~tplv-photomode-zoomcover:480:480.jpeg?dr=14555&x-expires=1752764400&x-signature=XzRN%2FwnN%2FNYeK3DrEfidIxCzrSs%3D&t=4d5b0474&ps=13740610&shp=81f88b70&shcp=43f4a2f9&idc=my&ftpl=1,,616.1K,singing-and-dancing
https://www.tiktok.com/@uyenan.h/video/7525416242115644679,https://p16-sign-sg.tiktokcdn.com/tos-alisg-p-0037/oAbBiBPFeC9A5BmvEAAjiv2NKpNA0IA37AoIws~tplv-photomode-zoomcover:480:480.jpeg?dr=14555&x-expires=1752764400&x-signature=Xxql8zyIfQ5eBkIpEh3jF8DAJkA%3D&t=4d5b0474&ps=13740610&shp=81f88b70&shcp=43f4a2f9&idc=my&ftpl=1,,108.5K,singing-and-dancing
https://www.tiktok.com/@sau2_004/video/7521952973602213128,https://p16-sign-sg.tiktokcdn.com/tos-alisg-p-0037/oMZpDPfDoI2FjaQI1WVw5xFrjCGArEAaFBffQA~tplv-photomode-zoomcover:480:480.jpeg?dr=14555&x-expires=1752764400&x-signature=1d9w%2B0WfzcGanjW5anuNmIv0s38%3D&t=4d5b0474&ps=13740610&shp=81f88b70&shcp=43f4a2f9&idc=my&ftpl=1,,604.6K,singing-and-dancing
https://www.tiktok.com/@congchua1999x/video/7523067720653409543,https://p16-sign-sg.tiktokcdn.com/tos-alisg-p-0037/okFOA84EGbRBBQaI8BFoAn7DgCUGwBfIf0ZEN7~tplv-photomode-zoomcover:480:480.jpeg?dr=14555&x-expires=1752764400&x-signature=D%2BZIXd1anqmL7tjsyvy%2FSSTUL1o%3D&t=4d5b0474&ps=13740610&shp=81f88b70&shcp=43f4a2f9&idc=my&ftpl=1,,119.7K,singing-and-dancing
https://www.tiktok.com/@phuongmychiofficial/video/7525669692564983061,https://p16-sign-sg.tiktokcdn.com/tos-alisg-p-0037/ooE4GelJEIe4QQEWPAQALEihI1rRAA7eDDnAuu~tplv-photomode-zoomcover:480:480.jpeg?dr=14555&x-expires=1752764400&x-signature=afv%2BPsupVecXeTZEMSiirBpG2QA%3D&t=4d5b0474&ps=13740610&shp=81f88b70&shcp=43f4a2f9&idc=my&ftpl=1,,376.6K,singing-and-dancing
https://www.tiktok.com/@kame_dance_studio/video/7525308578266189063,https://p16-sign-sg.tiktokcdn.com/tos-alisg-p-0037/ooDCff0vFgaVD1AIATqEA2CURBbFECZIobQvAB~tplv-photomode-zoomcover:480:480.jpeg?dr=14555&x-expires=1752764400&x-signature=6xLJ8Xb7bnuYqP094N%2F7kNOfGEk%3D&t=4d5b0474&ps=13740610&shp=81f88b70&shcp=43f4a2f9&idc=my&ftpl=1,,114K,singing-and-dancing
https://www.tiktok.com/@hoa.batdongsan/video/7525819331071020295,https://p16-sign-sg.tiktokcdn.com/tos-alisg-p-0037/o4viaBAYBpiFBExxboEEIgPiAHwpFtUINzHXJ~tplv-photomode-zoomcover:480:480.jpeg?dr=14555&x-expires=1752764400&x-signature=kgAnlzYOQEVlDXWNDJFw1gd%2FNhc%3D&t=4d5b0474&ps=13740610&shp=81f88b70&shcp=43f4a2f9&idc=my&ftpl=1,,81K,singing-and-dancing
https://www.tiktok.com/@lingg2809/video/7523847986451991826,https://p16-sign-sg.tiktokcdn.com/tos-alisg-p-0037/o8qAcFIEeWG3GbAUeqstLkUGemQHbhQRJWQpei~tplv-photomode-zoomcover:480:480.jpeg?dr=14555&x-expires=1752764400&x-signature=TqAaZPo2TZpAwQekiXf9M1vGjfw%3D&t=4d5b0474&ps=13740610&shp=81f88b70&shcp=43f4a2f9&idc=my&ftpl=1,,321.3K,singing-and-dancing
https://www.tiktok.com/@namtunuthanh/video/7523967734728740114,https://p16-sign-sg.tiktokcdn.com/tos-alisg-p-0037/o0fBYCoQV9dDaBgAgtUaofEMFEARDFaiCYFhqQ~tplv-photomode-zoomcover:480:480.jpeg?dr=14555&x-expires=1752764400&x-signature=N%2BxYnOwA5Afh4JLZS3xAVWZIdu0%3D&t=4d5b0474&ps=13740610&shp=81f88b70&shcp=43f4a2f9&idc=my&ftpl=1,,128.9K,singing-and-dancing
https://www.tiktok.com/@diu.anh7249/video/7525086310109875464,https://p16-sign-sg.tiktokcdn.com/tos-alisg-p-0037/okcejLCjoGQb3zIQeAVtABi4Qett3jDIzCQ2PN~tplv-photomode-zoomcover:480:480.jpeg?dr=14555&x-expires=1752764400&x-signature=DKbF2RGoQQJuXxXYEktoEYPw1Hw%3D&t=4d5b0474&ps=13740610&shp=81f88b70&shcp=43f4a2f9&idc=my&ftpl=1,,170.9K,singing-and-dancing
https://www.tiktok.com/@tippitivi/video/7525409031616335112,https://p16-sign-sg.tiktokcdn.com/tos-alisg-p-0037/oYIiSDBkIiAfIhANDQiqPnCBAx8xPIBv0c7Jwr~tplv-photomode-zoomcover:480:480.jpeg?dr=14555&x-expires=1752764400&x-signature=RRVCahUQ%2FVgyN%2F3k5Inqpn%2BKy5E%3D&t=4d5b0474&ps=13740610&shp=81f88b70&shcp=43f4a2f9&idc=my&ftpl=1,,26.8K,singing-and-dancing
https://www.tiktok.com/@_halinhtran_/video/7524225441268288775,https://p16-sign-sg.tiktokcdn.com/tos-alisg-p-0037/oYiVzZt0NApjAI5Ciwyb1IaAqQrfIC78CQmwIB~tplv-photomode-zoomcover:480:480.jpeg?dr=14555&x-expires=1752764400&x-signature=GJqdE%2FYTq6DbsWdXh6clZ48rpqk%3D&t=4d5b0474&ps=13740610&shp=81f88b70&shcp=43f4a2f9&idc=my&ftpl=1,,170.1K,singing-and-dancing
https://www.tiktok.com/@kb0780/video/7523570719071014152,https://p16-sign-sg.tiktokcdn.com/tos-alisg-p-0037/o4IPpRBoFapFdFFR1tZD9gQEUOBfAZtUfIBYER~tplv-photomode-zoomcover:480:480.jpeg?dr=14555&x-expires=1752764400&x-signature=pHL7QFtfk75S8dhUG2S5ZL5v9vs%3D&t=4d5b0474&ps=13740610&shp=81f88b70&shcp=43f4a2f9&idc=my&ftpl=1,,450.7K,singing-and-dancing
https://www.tiktok.com/@namanhvt11/video/7526117151846059272,https://p16-sign-sg.tiktokcdn.com/tos-alisg-p-0037/oUWmEo2AfDANtqA9A2F3DjQABIfAOEO5IUfUzE~tplv-photomode-zoomcover:480:480.jpeg?dr=14555&x-expires=1752764400&x-signature=NmgYezgYswvICjBtDiFUBpd%2F5PI%3D&t=4d5b0474&ps=13740610&shp=81f88b70&shcp=43f4a2f9&idc=my&ftpl=1,,446.2K,comedy
https://www.tiktok.com/@plxhvn2/video/7525409510911937847,https://p16-sign.tiktokcdn-us.com/tos-useast5-p-0068-tx/o448ElB0BwAI6BKCAigAvA6AvDDBNiygeJcoMB~tplv-photomode-zoomcover:480:480.jpeg?dr=14555&x-expires=1752764400&x-signature=fs8Kox4AzRHvOgpPv7NfhsNUvH8%3D&t=4d5b0474&ps=13740610&shp=81f88b70&shcp=43f4a2f9&idc=my&ftpl=1,,24.5K,comedy
https://www.tiktok.com/@color.life.1978/video/7524933293804915986,https://p16-sign-sg.tiktokcdn.com/tos-alisg-p-0037/oQtdEKsX8BAv7cAlAvi4AI0ABCHwqBlNIKfcti~tplv-photomode-zoomcover:480:480.jpeg?dr=14555&x-expires=1752764400&x-signature=prOWXravfIOxh46gVpCAIURjSMs%3D&t=4d5b0474&ps=13740610&shp=81f88b70&shcp=43f4a2f9&idc=my&ftpl=1,,435.1K,comedy
https://www.tiktok.com/@chikhang0311/video/7524533313688571144,https://p16-sign-sg.tiktokcdn.com/tos-alisg-p-0037/ogm1F7FTIiUcWJjAkg0CsBzANI93qAofwAZipI~tplv-photomode-zoomcover:480:480.jpeg?dr=14555&x-expires=1752764400&x-signature=QYS9%2BjWj4PU0GtYwtoNf2tKXOfw%3D&t=4d5b0474&ps=13740610&shp=81f88b70&shcp=43f4a2f9&idc=my&ftpl=1,,259.7K,comedy
https://www.tiktok.com/@itsdunggee/video/7524318083503230226,https://p9-sign-sg.tiktokcdn.com/tos-alisg-p-0037/o8BRBigYE8oAS7E3ICrA4UiAUakXvBf75mAEe4~tplv-photomode-zoomcover:480:480.jpeg?dr=14555&x-expires=1752764400&x-signature=Pwjn5EVlEROsW6IFvGSxvO2%2Fh9E%3D&t=4d5b0474&ps=13740610&shp=81f88b70&shcp=43f4a2f9&idc=my&ftpl=1,,198.5K,comedy
https://www.tiktok.com/@khuamatvuong/video/7524276995761507602,https://p16-sign-sg.tiktokcdn.com/tos-alisg-p-0037/o0AACUEIEBgoVIafemFQrKBNdhoyQEADDC5RA1~tplv-photomode-zoomcover:480:480.jpeg?dr=14555&x-expires=1752764400&x-signature=miz7dkfrlhslXMBQwA6hUINPbrw%3D&t=4d5b0474&ps=13740610&shp=81f88b70&shcp=43f4a2f9&idc=my&ftpl=1,,275.6K,comedy
https://www.tiktok.com/@haha_412/video/7524686434909932818,https://p16-sign-sg.tiktokcdn.com/tos-alisg-p-0037/ost2AYin5Av01OBAilAGbDadXBBAvIwPSEEKS~tplv-photomode-zoomcover:480:480.jpeg?dr=14555&x-expires=1752764400&x-signature=4NWkr1Ox7GazxQ%2BgZUuO%2Fa%2BqUNw%3D&t=4d5b0474&ps=13740610&shp=81f88b70&shcp=43f4a2f9&idc=my&ftpl=1,,348.2K,comedy
https://www.tiktok.com/@plxhvn2/video/7525409344733613326,https://p16-sign.tiktokcdn-us.com/tos-useast5-p-0068-tx/ocgGQ3AwDi5zEE85eh9HU1AAIGk3f6AQwAeLrP~tplv-photomode-zoomcover:480:480.jpeg?dr=14555&x-expires=1752764400&x-signature=2o0tjw8JRqLU%2FbbpCxM9zkK%2F5ew%3D&t=4d5b0474&ps=13740610&shp=81f88b70&shcp=43f4a2f9&idc=my&ftpl=1,,19K,comedy
https://www.tiktok.com/@longandaxua/video/7525040820915932423,https://p16-sign-sg.tiktokcdn.com/tos-alisg-p-0037/o03CUyNIBItUgu6UA8iGqiI6pAfQ05AIiKwYCN~tplv-photomode-zoomcover:480:480.jpeg?dr=14555&x-expires=1752764400&x-signature=hZpJQWfcyEM%2FMyntqn%2BgkfsHTCY%3D&t=4d5b0474&ps=13740610&shp=81f88b70&shcp=43f4a2f9&idc=my&ftpl=1,,444.1K,comedy
https://www.tiktok.com/@phucbinhyenofficial/video/7522339330677902600,https://p16-sign-sg.tiktokcdn.com/tos-alisg-p-0037/ocxtiXtFiBax0AkQYEABxraiSBI1vBSWJI83G~tplv-photomode-zoomcover:480:480.jpeg?dr=14555&x-expires=1752764400&x-signature=%2BseUBU1l4MEfa2PZXcmmRanng8E%3D&t=4d5b0474&ps=13740610&shp=81f88b70&shcp=43f4a2f9&idc=my&ftpl=1,,494.1K,comedy
https://www.tiktok.com/@lebaoofficial/video/7524695513304747272,https://p16-sign-sg.tiktokcdn.com/tos-alisg-p-0037/osZGgPtEI6iJA3tBGLVFrliXBZCYJ0KABIacI~tplv-photomode-zoomcover:480:480.jpeg?dr=14555&x-expires=1752764400&x-signature=UkkApepMHxM3Il0i41EmigIfSYM%3D&t=4d5b0474&ps=13740610&shp=81f88b70&shcp=43f4a2f9&idc=my&ftpl=1,,407.2K,comedy
https://www.tiktok.com/@tuan_than_den_ha_noi/video/7525028777416477959,https://p16-sign-sg.tiktokcdn.com/tos-alisg-p-0037/oEo3Gee7IIfoQ6ilWEQALCicQTjIA0oWDDXooK~tplv-photomode-zoomcover:480:480.jpeg?dr=14555&x-expires=1752764400&x-signature=H3LWX7M4t1lVO9DZc8yNRHxdMAM%3D&t=4d5b0474&ps=13740610&shp=81f88b70&shcp=43f4a2f9&idc=my&ftpl=1,,73.3K,comedy
https://www.tiktok.com/@saigonteu/video/7526121871910243602,https://p16-sign-sg.tiktokcdn.com/tos-alisg-p-0037/o0AJHQ4oBIBvRy49AJiAK5KfRBv50AAEiCwlBO~tplv-photomode-zoomcover:480:480.jpeg?dr=14555&x-expires=1752764400&x-signature=jhnNsHy3UhyhQIaCB%2BdYKxnwfTc%3D&t=4d5b0474&ps=13740610&shp=81f88b70&shcp=43f4a2f9&idc=my&ftpl=1,,735.7K,comedy
https://www.tiktok.com/@dong.thuydung/video/7526152907763272967,https://p16-sign-sg.tiktokcdn.com/tos-alisg-p-0037/owDyRofIcxjEERU2BAQacjOfKhigrFQDJ9UBOk~tplv-photomode-zoomcover:480:480.jpeg?dr=14555&x-expires=1752764400&x-signature=FP0oMNK73vdDKqGVtf3OQZjwJ8I%3D&t=4d5b0474&ps=13740610&shp=81f88b70&shcp=43f4a2f9&idc=my&ftpl=1,,222.5K,comedy
https://www.tiktok.com/@chikhang0311/video/7523853371871087879,https://p16-sign-sg.tiktokcdn.com/tos-alisg-p-0037/owfoUYRBEwDaeqvE7GFgYIlMBWArIgBzhhGUPA~tplv-photomode-zoomcover:480:480.jpeg?dr=14555&x-expires=1752764400&x-signature=RjwWVlqNARsKjWlOLLdz26obI8s%3D&t=4d5b0474&ps=13740610&shp=81f88b70&shcp=43f4a2f9&idc=my&ftpl=1,,468.7K,comedy
https://www.tiktok.com/@namanhvt11/video/7524296281477369106,https://p16-sign-sg.tiktokcdn.com/tos-alisg-p-0037/oE0XArXE4eEh1AvQAYAIjwAFEfB684I4DDPEAe~tplv-photomode-zoomcover:480:480.jpeg?dr=14555&x-expires=1752764400&x-signature=zxZ9yG9GxvXAaw7sJeCfIAh5OCc%3D&t=4d5b0474&ps=13740610&shp=81f88b70&shcp=43f4a2f9&idc=my&ftpl=1,,254.7K,comedy
https://www.tiktok.com/@codongnat_99/video/7524671990519581960,https://p16-sign-sg.tiktokcdn.com/tos-alisg-p-0037/okgthRgIEoDAbU4FQmBeBoAD6s5BRED7IkVAfq~tplv-photomode-zoomcover:480:480.jpeg?dr=14555&x-expires=1752764400&x-signature=8sslvTFqGI8r6weRG2S%2BuSqmrFE%3D&t=4d5b0474&ps=13740610&shp=81f88b70&shcp=43f4a2f9&idc=my&ftpl=1,,165.2K,comedy
https://www.tiktok.com/@papa_taiche/video/7525034089187921159,https://p16-sign-sg.tiktokcdn.com/tos-alisg-p-0037/oQtISivPa9XY0mZI5rzVELEARBy6GuwISKAiB~tplv-photomode-zoomcover:480:480.jpeg?dr=14555&x-expires=1752764400&x-signature=kjbwESEbHeTgT5XBlEPsrNJB36o%3D&t=4d5b0474&ps=13740610&shp=81f88b70&shcp=43f4a2f9&idc=my&ftpl=1,,43.2K,comedy
https://www.tiktok.com/@ttinflyou/video/7525105984809749767,https://p16-sign-sg.tiktokcdn.com/tos-alisg-p-0037/oUNbjtEIEDAQfm3fRjFouFteaAZjDIA7DCRjBq~tplv-photomode-zoomcover:480:480.jpeg?dr=14555&x-expires=1752764400&x-signature=h%2FFFDuou3q%2FhvFFZx1UJEdyDhY0%3D&t=4d5b0474&ps=13740610&shp=81f88b70&shcp=43f4a2f9&idc=my&ftpl=1,,143K,comedy
https://www.tiktok.com/@nguyenmythanh0392/video/7524971173713628471,https://p19-sign.tiktokcdn-us.com/tos-useast5-p-0068-tx/o4EfWFAEEIZIgZbihufCOB3ARlc1oDSQDQOXBO~tplv-photomode-zoomcover:480:480.jpeg?dr=14555&x-expires=1752764400&x-signature=E38x5OnVWNpgW%2BkXBrc7D%2FsyScg%3D&t=4d5b0474&ps=13740610&shp=81f88b70&shcp=43f4a2f9&idc=my&ftpl=1,,46.5K,comedy
https://www.tiktok.com/@tuyenpoi/video/7524280133285416209,https://p9-sign-sg.tiktokcdn.com/tos-alisg-p-0037/oseIQezuKA5jGjGhAmlIAnCocD1Lge47QHTzn2~tplv-photomode-zoomcover:480:480.jpeg?dr=14555&x-expires=1752764400&x-signature=6KazZKLQYkX%2FB36Jl5hU0J%2BDUuA%3D&t=4d5b0474&ps=13740610&shp=81f88b70&shcp=43f4a2f9&idc=my&ftpl=1,,80.2K,comedy
https://www.tiktok.com/@hhn405/video/7524684041166114069,https://p16-sign-sg.tiktokcdn.com/tos-alisg-p-0037/oAfSaeiABDBEUlglohDnUoQJbIAuLGRrQFMED0~tplv-photomode-zoomcover:480:480.jpeg?dr=14555&x-expires=1752764400&x-signature=w7MOCEoBqiSMw36QDdSVquF8TJY%3D&t=4d5b0474&ps=13740610&shp=81f88b70&shcp=43f4a2f9&idc=my2&ftpl=1,,122.6K,anime-and-comics
https://www.tiktok.com/@vietsub_dao_nhan/video/7525273572885957895,https://p9-sign-sg.tiktokcdn.com/tos-alisg-p-0037/oUFv3UA3eAEtPiBXAGrQfFE7JIDoLEApxkAI2f~tplv-photomode-zoomcover:480:480.jpeg?dr=14555&x-expires=1752764400&x-signature=fPHlQA%2BBMJmN4VCnEkfA5Ae5fv4%3D&t=4d5b0474&ps=13740610&shp=81f88b70&shcp=43f4a2f9&idc=my2&ftpl=1,,14K,anime-and-comics
https://www.tiktok.com/@tangca/video/7525688405934607638,https://p16-pu-sign-no.tiktokcdn-eu.com/tos-no1a-p-0037-no/o8gwDIgIE4DAckAFJxBSFon2eTgFREBlIqd8fL~tplv-photomode-zoomcover:480:480.jpeg?dr=14555&x-expires=1752764400&x-signature=b9ErLAs9BGWhgPlnOMA4YHc4Elg%3D&t=4d5b0474&ps=13740610&shp=81f88b70&shcp=43f4a2f9&idc=my2&ftpl=1,,20.2K,anime-and-comics
https://www.tiktok.com/@qn._kanie/video/7523179482342198536,https://p16-sign-sg.tiktokcdn.com/tos-alisg-p-0037/oI4ghtZaAJNE7hUoRk2BBEOV8EQeQCFPUz4ZfD~tplv-photomode-zoomcover:480:480.jpeg?dr=14555&x-expires=1752764400&x-signature=vpgBsBKmthlPLMxwdZ6dMjhzHJw%3D&t=4d5b0474&ps=13740610&shp=81f88b70&shcp=43f4a2f9&idc=my2&ftpl=1,,250.1K,anime-and-comics
https://www.tiktok.com/@memekingdomtv/video/7524159460756049160,https://p16-sign-sg.tiktokcdn.com/tos-alisg-p-0037/o4AilCxMAMBEGB0JiALXWarVBvIYUzEPAAs0q~tplv-photomode-zoomcover:480:480.jpeg?dr=14555&x-expires=1752764400&x-signature=whp2Inbn0hHxxp9gpzAWfXBoyDg%3D&t=4d5b0474&ps=13740610&shp=81f88b70&shcp=43f4a2f9&idc=my2&ftpl=1,,1.8M,anime-and-comics
https://www.tiktok.com/@troncinearb/video/7524583554408369415,https://p16-sign-sg.tiktokcdn.com/tos-alisg-p-0037/oUEsIAAAKshNAOB0biBMf1UBHh4BxiAwKblOBw~tplv-photomode-zoomcover:480:480.jpeg?dr=14555&x-expires=1752764400&x-signature=I2z5QHXsrg9RgYycPYG03eSO9Mk%3D&t=4d5b0474&ps=13740610&shp=81f88b70&shcp=43f4a2f9&idc=my2&ftpl=1,,123.6K,anime-and-comics
https://www.tiktok.com/@rubishorts2023/video/7523564710055267615,https://p16-pu-sign-useast8.tiktokcdn-us.com/tos-useast8-p-0068-tx2/okpfAaDBuIoaF1uJkVfBREFBnhBuERERAEEp0E~tplv-photomode-zoomcover:480:480.jpeg?dr=14555&x-expires=1752764400&x-signature=0IKEUxNebB9DfOJkU9oaBBHsQhU%3D&t=4d5b0474&ps=13740610&shp=81f88b70&shcp=43f4a2f9&idc=my2&ftpl=1,,25.9K,anime-and-comics
https://www.tiktok.com/@xjxhgahdm/video/7519782744184999198,https://p16-pu-sign-useast8.tiktokcdn-us.com/tos-useast8-p-0068-tx2/o8EbIBIXjoetAxDQ0FN6fshYTTlIfEPAq80pCI~tplv-photomode-zoomcover:480:480.jpeg?dr=14555&x-expires=1752764400&x-signature=jfmu3o05FdcT5vFtXgKwNgemPFM%3D&t=4d5b0474&ps=13740610&shp=81f88b70&shcp=43f4a2f9&idc=my2&ftpl=1,,3.4M,anime-and-comics
https://www.tiktok.com/@rudolfiogk/video/7525387205569744158,https://p16-pu-sign-useast8.tiktokcdn-us.com/tos-useast8-p-0068-tx2/oIB5sqEAKlAibi8iBXKX7Nf9AVByiBAIhAt02v~tplv-photomode-zoomcover:480:480.jpeg?dr=14555&x-expires=1752764400&x-signature=krsPCbe5Q%2FnR345wufR9Hynr8Is%3D&t=4d5b0474&ps=13740610&shp=81f88b70&shcp=43f4a2f9&idc=my2&ftpl=1,,30.5K,anime-and-comics
https://www.tiktok.com/@kidzuna._/video/7524736201455193365,https://p16-sign-sg.tiktokcdn.com/tos-alisg-p-0037/oADbcI5QDi0uTCddgEf3AOAAnFcMAoBCmnSVea~tplv-photomode-zoomcover:480:480.jpeg?dr=14555&x-expires=1752764400&x-signature=lgb11HONniolCe18Abw4Ak413ow%3D&t=4d5b0474&ps=13740610&shp=81f88b70&shcp=43f4a2f9&idc=my2&ftpl=1,,784.4K,anime-and-comics
https://www.tiktok.com/@phamthang.2004/video/7524322221112806678,https://p16-pu-sign-no.tiktokcdn-eu.com/tos-no1a-p-0037-no/okmrcMgafAImcLpTBDRoAzBIwEFkFENVI8YITe~tplv-photomode-zoomcover:480:480.jpeg?dr=14555&x-expires=1752764400&x-signature=xX5Dt5hBy8uNxu6kXVppniTmzEE%3D&t=4d5b0474&ps=13740610&shp=81f88b70&shcp=43f4a2f9&idc=my2&ftpl=1,,75.9K,anime-and-comics
https://www.tiktok.com/@maderezs/video/7524788882534108434,https://p16-sign-sg.tiktokcdn.com/tos-alisg-p-0037/oMWoCazAE5vFHD1A4geIbsDAVt4LDBAgCfLQjU~tplv-photomode-zoomcover:480:480.jpeg?dr=14555&x-expires=1752764400&x-signature=mPuDHEb9PsLmRNoMjKjSootuZEI%3D&t=4d5b0474&ps=13740610&shp=81f88b70&shcp=43f4a2f9&idc=my2&ftpl=1,,537.9K,anime-and-comics
https://www.tiktok.com/@kewbi_/video/7523949083183156487,https://p16-sign-sg.tiktokcdn.com/tos-alisg-p-0037/oYwxAeIQQDAQZV1eG3LoUjL7w763LIAfGCNjCP~tplv-photomode-zoomcover:480:480.jpeg?dr=14555&x-expires=1752764400&x-signature=rvu3cDNauAtdGGwJy%2FNMzokgoz0%3D&t=4d5b0474&ps=13740610&shp=81f88b70&shcp=43f4a2f9&idc=my2&ftpl=1,,282.9K,anime-and-comics
https://www.tiktok.com/@thegioianime_rr88/video/7525059946459696391,https://p16-sign-sg.tiktokcdn.com/tos-alisg-p-0037/oEquKz590EKABAA7YBNi0BEiIKBAccAjLwfAhE~tplv-photomode-zoomcover:480:480.jpeg?dr=14555&x-expires=1752764400&x-signature=Stmn2vH5mqnOqCDXS7LvJLUyvIQ%3D&t=4d5b0474&ps=13740610&shp=81f88b70&shcp=43f4a2f9&idc=my2&ftpl=1,,22.5K,anime-and-comics
https://www.tiktok.com/@user37827542/video/7523154836016319752,https://p16-sign-sg.tiktokcdn.com/tos-alisg-p-0037/o8NErnxXIAeEUpZBSnuDfBWR1yAFC25gClnoIG~tplv-photomode-zoomcover:480:480.jpeg?dr=14555&x-expires=1752764400&x-signature=7j7ontTQ%2BW7D%2BDOTpFXOwAs1wD4%3D&t=4d5b0474&ps=13740610&shp=81f88b70&shcp=43f4a2f9&idc=my2&ftpl=1,,1295,anime-and-comics
https://www.tiktok.com/@kidzuna._/video/7525059380149095700,https://p16-sign-sg.tiktokcdn.com/tos-alisg-p-0037/o0D34IfQDowMMEw6AEfzAeAAgFcZAQDEspkrqc~tplv-photomode-zoomcover:480:480.jpeg?dr=14555&x-expires=1752764400&x-signature=CH5N5SB85sRZvvCFdlMpiOHMf5g%3D&t=4d5b0474&ps=13740610&shp=81f88b70&shcp=43f4a2f9&idc=my2&ftpl=1,,381.9K,anime-and-comics
https://www.tiktok.com/@colepowers23/video/7519612470789475606,https://p16-pu-sign-no.tiktokcdn-eu.com/tos-no1a-p-0037-no/o8j7FFBBB1xEbAPiMP8ai9lEVH9nYs0sBBIsZ~tplv-photomode-zoomcover:480:480.jpeg?dr=14555&x-expires=1752764400&x-signature=XnVGYfmkEjHYv5KQpiHc8Bv48ys%3D&t=4d5b0474&ps=13740610&shp=81f88b70&shcp=43f4a2f9&idc=my2&ftpl=1,,132.8K,anime-and-comics
https://www.tiktok.com/@tangca/video/7524175404203085078,https://p16-pu-sign-no.tiktokcdn-eu.com/tos-no1a-p-0037-no/ocoHezM5hXAsAwD1QFQIfeIxLVnU8jCsQb52AJ~tplv-photomode-zoomcover:480:480.jpeg?dr=14555&x-expires=1752764400&x-signature=jsiYPCXyv%2BY%2BuB3dO5WlhhigmJY%3D&t=4d5b0474&ps=13740610&shp=81f88b70&shcp=43f4a2f9&idc=my2&ftpl=1,,31.8K,anime-and-comics
https://www.tiktok.com/@kewbi_/video/7524632206044695816,https://p16-sign-sg.tiktokcdn.com/tos-alisg-p-0037/owSEmfNsegkRDE0IBypEAHBQ3BbFIkyaoLybpJ~tplv-photomode-zoomcover:480:480.jpeg?dr=14555&x-expires=1752764400&x-signature=BUxBcvz57w9axP0sJwGnqnf241Q%3D&t=4d5b0474&ps=13740610&shp=81f88b70&shcp=43f4a2f9&idc=my2&ftpl=1,,552K,anime-and-comics
https://www.tiktok.com/@hoathinhvasuckhoe/video/7523897299563547959,https://p16-sign.tiktokcdn-us.com/tos-useast5-p-0068-tx/oA1GgiAmMqTaPgABBIY9BIGxQBiAARu4k9pEE~tplv-photomode-zoomcover:480:480.jpeg?dr=14555&x-expires=1752764400&x-signature=3IOjc7IStUULk9TAQpF4v%2FdOvkU%3D&t=4d5b0474&ps=13740610&shp=81f88b70&shcp=43f4a2f9&idc=my2&ftpl=1,,14.5K,anime-and-comics
https://www.tiktok.com/@wibubymike.y2o/video/7525998970972196104,https://p16-sign-sg.tiktokcdn.com/tos-alisg-p-0037/o4g4WEbNoBFhuexrADBddxGcFAgEUIfRDEcyxo~tplv-photomode-zoomcover:480:480.jpeg?dr=14555&x-expires=1752764400&x-signature=3x8U0eOc5OB93ujStHelhFx3eNw%3D&t=4d5b0474&ps=13740610&shp=81f88b70&shcp=43f4a2f9&idc=my2&ftpl=1,,37.5K,anime-and-comics
https://www.tiktok.com/@ngaohoathinh/video/7523544049555361031,https://p16-sign-sg.tiktokcdn.com/tos-alisg-p-0037/oo4e8AMoRfWGvWGAh1FR7aQRABMjFIMAMfGfQc~tplv-photomode-zoomcover:480:480.jpeg?dr=14555&x-expires=1752764400&x-signature=4fmRdg1lM%2F%2BSiFGc0mPz8xh6IGo%3D&t=4d5b0474&ps=13740610&shp=81f88b70&shcp=43f4a2f9&idc=my2&ftpl=1,,4558,anime-and-comics
https://www.tiktok.com/@maderezs/video/7525198833618357512,https://p9-sign-sg.tiktokcdn.com/tos-alisg-p-0037/oAAiAlIO9AAdg4YAAEGdanBGPPgH7pVBEuali~tplv-photomode-zoomcover:480:480.jpeg?dr=14555&x-expires=1752764400&x-signature=C9xnKuj9TWTZt7FTzgKCQaHtd5M%3D&t=4d5b0474&ps=13740610&shp=81f88b70&shcp=43f4a2f9&idc=my2&ftpl=1,,1M,anime-and-comics
https://www.tiktok.com/@p_shiri/video/7524922859563584786,https://p16-sign-sg.tiktokcdn.com/tos-alisg-p-0037/ocAlDIXQoEqDdjWITttfCF52dDy7beIfXdzrcA~tplv-photomode-zoomcover:720:720.jpeg?dr=14555&x-expires=1752764400&x-signature=DHohDFBJ%2F3RSdfJCC8YTsWKjsjM%3D&t=4d5b0474&ps=13740610&shp=81f88b70&shcp=43f4a2f9&idc=my&ftpl=1,,291K,relationship
https://www.tiktok.com/@kyduyn997/video/7524192283369966855,https://p16-sign-sg.tiktokcdn.com/tos-alisg-p-0037/oY6rIaRx0IqRCOAwTANiGNZiIFBGZzA5owf6QC~tplv-photomode-zoomcover:720:720.jpeg?dr=14555&x-expires=1752764400&x-signature=Cj4rmoLY%2F96TZGGy3ajeLGDKZEQ%3D&t=4d5b0474&ps=13740610&shp=81f88b70&shcp=43f4a2f9&idc=my&ftpl=1,,378.5K,relationship
https://www.tiktok.com/@louispham_203/video/7526537160523091207,https://p9-sign-sg.tiktokcdn.com/tos-alisg-p-0037/oE7pRdiIIAw0e4OPOoiqzuFGlbA3bCAnBAdIB1~tplv-photomode-zoomcover:720:720.jpeg?dr=14555&x-expires=1752764400&x-signature=KdNdnm9RpzxcOzt%2FoJeWOGfLUb8%3D&t=4d5b0474&ps=13740610&shp=81f88b70&shcp=43f4a2f9&idc=my&ftpl=1,,284.8K,relationship
https://www.tiktok.com/@thomanh1993/video/7525796320473353528,https://p16-sign-va.tiktokcdn.com/tos-maliva-p-0068/oQAFZ9jDVihgeEAuvHGf0gtfkwfGI3LAxToRkj~tplv-photomode-zoomcover:720:720.jpeg?dr=14555&x-expires=1752764400&x-signature=jhKHuEkmBjnFaCl%2F%2FFtLpra0wto%3D&t=4d5b0474&ps=13740610&shp=81f88b70&shcp=43f4a2f9&idc=my&ftpl=1,,79.4K,relationship
https://www.tiktok.com/@lyvdat/video/7523936131998829832,https://p16-sign-sg.tiktokcdn.com/tos-alisg-p-0037/oQdi1CAKIrIqZHYfav3jqIT90BDZmBSANEiwAA~tplv-photomode-zoomcover:720:720.jpeg?dr=14555&x-expires=1752764400&x-signature=Xgh2NUR31Z%2FJgIqHPWusdrSaGt8%3D&t=4d5b0474&ps=13740610&shp=81f88b70&shcp=43f4a2f9&idc=my&ftpl=1,,50.4K,relationship
https://www.tiktok.com/@thoanguyen1393/video/7523957960666615058,https://p16-sign-sg.tiktokcdn.com/tos-alisg-p-0037/o0QUQNDSj7C1ACDQAFz0f0NngxxIfESAopOfC2~tplv-photomode-zoomcover:720:720.jpeg?dr=14555&x-expires=1752764400&x-signature=9%2BLDDNq2ZjvCEQh72RKkh0c5e6w%3D&t=4d5b0474&ps=13740610&shp=81f88b70&shcp=43f4a2f9&idc=my&ftpl=1,,84K,relationship
https://www.tiktok.com/@demitrovaaa/video/7524033509288152327,https://p9-sign-sg.tiktokcdn.com/tos-alisg-p-0037/ogou1ckjWgGJIeDDIQXAqdGDLbehACUAmgDqve~tplv-photomode-zoomcover:720:720.jpeg?dr=14555&x-expires=1752764400&x-signature=OK2NMLwoRd3DWv7wqk%2F0xvY%2F2uE%3D&t=4d5b0474&ps=13740610&shp=81f88b70&shcp=43f4a2f9&idc=my&ftpl=1,,1.3M,relationship
https://www.tiktok.com/@artychipchip/video/7518388477076180242,https://p16-sign-sg.tiktokcdn.com/tos-alisg-p-0037/o8A9XVeLDQCPQtqzArFAo3jf1EfmQADIE2ANIr~tplv-photomode-zoomcover:720:720.jpeg?dr=14555&x-expires=1752764400&x-signature=pK9K9r5lR3mG7jaUJhixwHyzzyQ%3D&t=4d5b0474&ps=13740610&shp=81f88b70&shcp=43f4a2f9&idc=my&ftpl=1,,161.8K,relationship
https://www.tiktok.com/@doan.phan.hoang.hieu/video/7523723917559663879,https://p16-sign-sg.tiktokcdn.com/tos-alisg-p-0037/owiVEfHzDBpoFIcE8pEoaDIxaBUIMfTgrVR2IA~tplv-photomode-zoomcover:720:720.jpeg?dr=14555&x-expires=1752764400&x-signature=ksK3xaqqYDM6wObtKYDv%2BpERFcA%3D&t=4d5b0474&ps=13740610&shp=81f88b70&shcp=43f4a2f9&idc=my&ftpl=1,,124K,relationship
https://www.tiktok.com/@xuanphi68/video/7526193945928355090,https://p16-sign-sg.tiktokcdn.com/tos-alisg-p-0037/oomKUFDlREByOIZm5yEIulBAaB4gYfURcof94R~tplv-photomode-zoomcover:720:720.jpeg?dr=14555&x-expires=1752764400&x-signature=LlKVgejAC%2Bv1BPxHxyeOw%2BNnVH0%3D&t=4d5b0474&ps=13740610&shp=81f88b70&shcp=43f4a2f9&idc=my&ftpl=1,,28.3K,relationship
https://www.tiktok.com/@tiemanhchuthuat/video/7524180938473983239,https://p16-sign-sg.tiktokcdn.com/tos-alisg-p-0037/o0nLYoEIIBgoYrafwQFUra9merJu3EAxDB0RC9~tplv-photomode-zoomcover:720:720.jpeg?dr=14555&x-expires=1752764400&x-signature=HvwHfZcC%2BVyYQaRT1QlBlZ4JtUE%3D&t=4d5b0474&ps=13740610&shp=81f88b70&shcp=43f4a2f9&idc=my&ftpl=1,,82.9K,relationship
https://www.tiktok.com/@viethung.mtp/video/7524573344503647506,https://p16-sign-sg.tiktokcdn.com/tos-alisg-p-0037/o4pEbiwBgEwBJcJifYoRBBA2IVs15bI2Kfw13U~tplv-photomode-zoomcover:720:720.jpeg?dr=14555&x-expires=1752764400&x-signature=j1i2Z7VRtb0tBv9Jb8pcbhcSLFs%3D&t=4d5b0474&ps=13740610&shp=81f88b70&shcp=43f4a2f9&idc=my&ftpl=1,,44.9K,relationship
https://www.tiktok.com/@vochonghienlinh/video/7525848998473764104,https://p16-sign-sg.tiktokcdn.com/tos-alisg-p-0037/o8LHxYQyaI6lEMl8AASAABTLEzuviPBEBA4iI~tplv-photomode-zoomcover:720:720.jpeg?dr=14555&x-expires=1752764400&x-signature=YshqKUQX7MwMq2pnUgBzLQ7P2Fw%3D&t=4d5b0474&ps=13740610&shp=81f88b70&shcp=43f4a2f9&idc=my&ftpl=1,,62K,relationship
https://www.tiktok.com/@perry_biene97/video/7524405130100329750,https://p16-pu-sign-no.tiktokcdn-eu.com/tos-no1a-p-0037-no/o8N6Ho8jfABeFTDZEU0Y6tQgaFRGAbPuEkEQFK~tplv-photomode-zoomcover:720:720.jpeg?dr=14555&x-expires=1752764400&x-signature=Xiw0VhVfh6xv1HGoKI5%2B4STGcuw%3D&t=4d5b0474&ps=13740610&shp=81f88b70&shcp=43f4a2f9&idc=my&ftpl=1,,40.9K,relationship
https://www.tiktok.com/@dungxinh9683/video/7524026261983743239,https://p16-sign-sg.tiktokcdn.com/tos-alisg-p-0037/ogERQeQV5r0mFtDzBgf6FsAUQRQbBHjtBpaobE~tplv-photomode-zoomcover:720:720.jpeg?dr=14555&x-expires=1752764400&x-signature=yb2s8mf5NM3KlwWz55KOuMiiQgE%3D&t=4d5b0474&ps=13740610&shp=81f88b70&shcp=43f4a2f9&idc=my&ftpl=1,,47.3K,relationship
https://www.tiktok.com/@banhtrangchinhchutpdai/video/7524290302505422098,https://p16-sign-sg.tiktokcdn.com/tos-alisg-p-0037/okcQAK1QJWepDVQeBL07IsIZrG0jeBAmjECklo~tplv-photomode-zoomcover:720:720.jpeg?dr=14555&x-expires=1752764400&x-signature=18xk8S3Zj2IND8VJML9HT8%2F7QNw%3D&t=4d5b0474&ps=13740610&shp=81f88b70&shcp=43f4a2f9&idc=my&ftpl=1,,24.6K,relationship
https://www.tiktok.com/@thuongtourist/video/7524671312741125394,https://p16-sign-sg.tiktokcdn.com/tos-alisg-p-0037/osijvADG0C1EBJYwAJAPaZx9XLrIOIBAtqi0R~tplv-photomode-zoomcover:720:720.jpeg?dr=14555&x-expires=1752764400&x-signature=xD8CDRhfCBd5lEfaAEiFdXWmdnA%3D&t=4d5b0474&ps=13740610&shp=81f88b70&shcp=43f4a2f9&idc=my&ftpl=1,,46.8K,relationship
https://www.tiktok.com/@tubandenbaeee/video/7524942810114510087,https://p16-sign-sg.tiktokcdn.com/tos-alisg-p-0037/okiBREVP6A3itBYBL9QxACViQaZIK3GjIj89M~tplv-photomode-zoomcover:720:720.jpeg?dr=14555&x-expires=1752764400&x-signature=XEuhMnhr2lSPLxqTwMzQIiOm9Ok%3D&t=4d5b0474&ps=13740610&shp=81f88b70&shcp=43f4a2f9&idc=my&ftpl=1,,38.6K,relationship
https://www.tiktok.com/@ts_kendra/video/7520459411853249847,https://p16-sign.tiktokcdn-us.com/tos-useast5-p-0068-tx/oYaQEhPgEFAkpXEgQR0DSHrKgZCqoroeGDufBh~tplv-photomode-zoomcover:720:720.jpeg?dr=14555&x-expires=1752764400&x-signature=v3ZR%2BpzA8WOx6BfGq9nDb1mwuYw%3D&t=4d5b0474&ps=13740610&shp=81f88b70&shcp=43f4a2f9&idc=my&ftpl=1,,546.2K,relationship
https://www.tiktok.com/@htthim.204/video/7526442646789786887,https://p9-sign-sg.tiktokcdn.com/tos-alisg-p-0037/osAUw6wfRoEfDUBFCMDmTuF0A38cgAlIIVlAQE~tplv-photomode-zoomcover:720:720.jpeg?dr=14555&x-expires=1752764400&x-signature=Ma7g5SRJNUz8OZX8VINswVobKYU%3D&t=4d5b0474&ps=13740610&shp=81f88b70&shcp=43f4a2f9&idc=my&ftpl=1,,257.6K,relationship
https://www.tiktok.com/@nhatminhanh_3105/video/7523474895980809490,https://p16-sign-sg.tiktokcdn.com/tos-alisg-p-0037/oMAhuIYpQDVQwR5zAGC3RoW0LBDIoIejJIe9oe~tplv-photomode-zoomcover:720:720.jpeg?dr=14555&x-expires=1752764400&x-signature=2CBj6vQYJ%2BXAx%2BSscmyeJnWimpM%3D&t=4d5b0474&ps=13740610&shp=81f88b70&shcp=43f4a2f9&idc=my&ftpl=1,,106.6K,relationship
https://www.tiktok.com/@4min402/video/7524392967377931538,https://p16-sign-sg.tiktokcdn.com/tos-alisg-p-0037/owIkCRBoZbsAJF25kiVD5gEEcFBfAmfr0Id9EA~tplv-photomode-zoomcover:720:720.jpeg?dr=14555&x-expires=1752764400&x-signature=7kUGN0rWwlJLTUK1DWVRySZ6PMo%3D&t=4d5b0474&ps=13740610&shp=81f88b70&shcp=43f4a2f9&idc=my&ftpl=1,,28.1K,relationship
https://www.tiktok.com/@_kimmanhquyen_/video/7523908000763874578,https://p16-sign-sg.tiktokcdn.com/tos-alisg-p-0037/oEvgBLfDUIfrRsoEPSW8xaHkqBnAMEnZFD7pIg~tplv-photomode-zoomcover:720:720.jpeg?dr=14555&x-expires=1752764400&x-signature=MYvHJE0qb1pzcVuFJSXVfS3fEag%3D&t=4d5b0474&ps=13740610&shp=81f88b70&shcp=43f4a2f9&idc=my&ftpl=1,,136.9K,relationship
https://www.tiktok.com/@vbiznews/video/7525352701639609618,https://p16-sign-sg.tiktokcdn.com/tos-alisg-p-0037/okAGpBHlaE7biyIlrAq5GaYiVA9ABA2PZvAFT~tplv-photomode-zoomcover:480:480.jpeg?dr=14555&x-expires=1752764400&x-signature=Ygr1X8nZ5Y5XAgHoEOHKY%2Bg%2BQcE%3D&t=4d5b0474&ps=13740610&shp=81f88b70&shcp=43f4a2f9&idc=my&ftpl=1,,347.3K,shows
https://www.tiktok.com/@nguyettduylinh/video/7525071346389372173,https://p16-sign.tiktokcdn-us.com/tos-useast5-p-0068-tx/o0JCOvzuGwTIBu5IAQ7iAfApbBNiEnNs0rYO7J~tplv-photomode-zoomcover:480:480.jpeg?dr=14555&x-expires=1752764400&x-signature=1dlGK8u3V%2BaQ04AWPHqmDVvFDUc%3D&t=4d5b0474&ps=13740610&shp=81f88b70&shcp=43f4a2f9&idc=my&ftpl=1,,151.4K,shows
https://www.tiktok.com/@meowentertainmentvn/video/7526168967916932372,https://p16-sign-sg.tiktokcdn.com/tos-alisg-p-0037/ogExdRCoGcyULF5KlfBDtgAEUnBfAXqAQIAREl~tplv-photomode-zoomcover:480:480.jpeg?dr=14555&x-expires=1752764400&x-signature=80es3GSjKp2lqVZ%2B5NFHUneTo74%3D&t=4d5b0474&ps=13740610&shp=81f88b70&shcp=43f4a2f9&idc=my&ftpl=1,,115.7K,shows
https://www.tiktok.com/@quynhduylinh/video/7523367373135531277,https://p16-sign.tiktokcdn-us.com/tos-useast5-p-0068-tx/o84hBfttBB50i7lCloiXCsItNApIT4ywwWIS8A~tplv-photomode-zoomcover:480:480.jpeg?dr=14555&x-expires=1752764400&x-signature=%2FoW04e%2FA5%2FEGZZIb1VhZ%2FX5bzIU%3D&t=4d5b0474&ps=13740610&shp=81f88b70&shcp=43f4a2f9&idc=my&ftpl=1,,180.1K,shows
https://www.tiktok.com/@tuduylinh/video/7526354400307154207,https://p16-pu-sign-useast8.tiktokcdn-us.com/tos-useast8-p-0068-tx2/oIJCQ6BoEAPQvLR8dEO4fDGAl0qDcFrtvVIeoE~tplv-photomode-zoomcover:480:480.jpeg?dr=14555&x-expires=1752764400&x-signature=EeJP7%2BRY8rcic0AU8IDAYUex3v8%3D&t=4d5b0474&ps=13740610&shp=81f88b70&shcp=43f4a2f9&idc=my&ftpl=1,,73.4K,shows
https://www.tiktok.com/@kenh14disoisaodi/video/7524732846154583313,https://p9-sign-sg.tiktokcdn.com/tos-alisg-p-0037/oobAcBETWqDMROgug1FTFeaBfyUHDoQEccQuh1~tplv-photomode-zoomcover:480:480.jpeg?dr=14555&x-expires=1752764400&x-signature=LybFknYhLwbDQG2CpynYilcoZcA%3D&t=4d5b0474&ps=13740610&shp=81f88b70&shcp=43f4a2f9&idc=my&ftpl=1,,42.6K,shows
https://www.tiktok.com/@cameravietnam1988/video/7525511899937623313,https://p16-sign-sg.tiktokcdn.com/tos-alisg-p-0037/oEAAefEeYANoAftUBmtAAkaDjn4fGAYhgqA7Ef~tplv-photomode-zoomcover:480:480.jpeg?dr=14555&x-expires=1752764400&x-signature=GxTeOd4bkX%2Fm%2B76dtqBU0aS3DSw%3D&t=4d5b0474&ps=13740610&shp=81f88b70&shcp=43f4a2f9&idc=my&ftpl=1,,89.9K,shows
https://www.tiktok.com/@kenhnhacgenz/video/7525127552994774293,https://p16-sign-sg.tiktokcdn.com/tos-alisg-p-0037/oo9RrjLuHIGYf0BA02IAefIDhdQfGnJGQz1nPF~tplv-photomode-zoomcover:480:480.jpeg?dr=14555&x-expires=1752764400&x-signature=79C3DnDvKbclVWahfCvmDh4vU6k%3D&t=4d5b0474&ps=13740610&shp=81f88b70&shcp=43f4a2f9&idc=my&ftpl=1,,237.3K,shows
https://www.tiktok.com/@4jennie80/video/7524677374626286855,https://p9-sign-sg.tiktokcdn.com/tos-alisg-p-0037/oIoDIaUEADEf7gAACDJCfFGyYBUi3QYnRQbs5A~tplv-photomode-zoomcover:480:480.jpeg?dr=14555&x-expires=1752764400&x-signature=PCo4SQMyV9QgILQAWR7HK7RNB10%3D&t=4d5b0474&ps=13740610&shp=81f88b70&shcp=43f4a2f9&idc=my&ftpl=1,,846.4K,shows
https://www.tiktok.com/@edwardnhieuchuyen/video/7522449625983225095,https://p16-sign-sg.tiktokcdn.com/tos-alisg-p-0037/ogrNGfqXBAN0itMC7liHolIBMAqITlNwxyIQ2A~tplv-photomode-zoomcover:480:480.jpeg?dr=14555&x-expires=1752764400&x-signature=e%2Bx0EEgyxQoM0mA8EdbaAQj3ZiA%3D&t=4d5b0474&ps=13740610&shp=81f88b70&shcp=43f4a2f9&idc=my&ftpl=1,,99K,shows
https://www.tiktok.com/@vutruxine/video/7524951258961038600,https://p16-sign-sg.tiktokcdn.com/tos-alisg-p-0037/o8QDQ2A9vjyfEEQLtI5DYUAAEDonbvAIJAfFrf~tplv-photomode-zoomcover:480:480.jpeg?dr=14555&x-expires=1752764400&x-signature=DOpGDKrvze1MmjU3NVcEGbi3F8Y%3D&t=4d5b0474&ps=13740610&shp=81f88b70&shcp=43f4a2f9&idc=my&ftpl=1,,48.2K,shows
https://www.tiktok.com/@quangtuanofficial0302/video/7524927038541647105,https://p16-sign-sg.tiktokcdn.com/tos-alisg-p-0037/oUbioAOIjQQAqoRftDIAW6DQAeyFEDSeEAOl02~tplv-photomode-zoomcover:480:480.jpeg?dr=14555&x-expires=1752764400&x-signature=bVDRfU78tZAnJT%2B6DCOCncJO3dU%3D&t=4d5b0474&ps=13740610&shp=81f88b70&shcp=43f4a2f9&idc=my&ftpl=1,,605.3K,shows
https://www.tiktok.com/@queendrama2025/video/7525305716396084498,https://p16-sign-sg.tiktokcdn.com/tos-alisg-p-0037/oYzvBiFTCGSX9ApBIbaiE8YgIC8mzEyVQAvBA~tplv-photomode-zoomcover:480:480.jpeg?dr=14555&x-expires=1752764400&x-signature=fK7UFh8fXKriFpXr7163NkUBNlg%3D&t=4d5b0474&ps=13740610&shp=81f88b70&shcp=43f4a2f9&idc=my&ftpl=1,,74.4K,shows
https://www.tiktok.com/@faptv_official/video/7523984370735238408,https://p16-sign-sg.tiktokcdn.com/tos-alisg-p-0037/oYAA1fEQIDAQnw1fxHFoV8D4S8f6dEAoDERrAj~tplv-photomode-zoomcover:480:480.jpeg?dr=14555&x-expires=1752764400&x-signature=mtgGJafyMJOCE3X5JH1tP2fIYqs%3D&t=4d5b0474&ps=13740610&shp=81f88b70&shcp=43f4a2f9&idc=my&ftpl=1,,40K,shows
https://www.tiktok.com/@cauvongshowbiz/video/7524984222646324498,https://p16-sign-sg.tiktokcdn.com/tos-alisg-p-0037/oMqoN74IlIRXCHXAi0wwF6B9iifGAAUHBIkuuU~tplv-photomode-zoomcover:480:480.jpeg?dr=14555&x-expires=1752764400&x-signature=j2n%2BT1qzbbi%2BdTtoXa878bdsFCU%3D&t=4d5b0474&ps=13740610&shp=81f88b70&shcp=43f4a2f9&idc=my&ftpl=1,,18.4K,shows
https://www.tiktok.com/@conkhom.khomcon/video/7524575640033496327,https://p16-sign-sg.tiktokcdn.com/tos-alisg-p-0037/o4TAjT0IssbBYA5qwSqblfiviCAIVBNyXJ7odE~tplv-photomode-zoomcover:480:480.jpeg?dr=14555&x-expires=1752764400&x-signature=a1Mj7Zgg5GCMSOCuG0XFbRgOYnU%3D&t=4d5b0474&ps=13740610&shp=81f88b70&shcp=43f4a2f9&idc=my&ftpl=1,,57.3K,shows
https://www.tiktok.com/@cameravietnam1988/video/7523900455852707089,https://p16-sign-sg.tiktokcdn.com/tos-alisg-p-0037/okGIyNiB2AF28qK5CtHPQHwEBfAciAAhzBA0SI~tplv-photomode-zoomcover:480:480.jpeg?dr=14555&x-expires=1752764400&x-signature=Ui6MZaHo4f%2BNwItrlxio%2F88GX3c%3D&t=4d5b0474&ps=13740610&shp=81f88b70&shcp=43f4a2f9&idc=my&ftpl=1,,22.1K,shows
https://www.tiktok.com/@tran.ghuy/video/7523818163801279762,https://p16-sign-sg.tiktokcdn.com/tos-alisg-p-0037/oAfhFThMIRMLfTeAwAbQpWJ3GA4FGGFqRegQzQ~tplv-photomode-zoomcover:480:480.jpeg?dr=14555&x-expires=1752764400&x-signature=8VZ54ea5nrB31FWB0zep9m%2Fj1sc%3D&t=4d5b0474&ps=13740610&shp=81f88b70&shcp=43f4a2f9&idc=my&ftpl=1,,140.9K,shows
https://www.tiktok.com/@momotgiaidieu/video/7523622662103502088,https://p16-sign-sg.tiktokcdn.com/tos-alisg-p-0037/oEfoceRJEdDaRpXEoRFaCITvBjVTIgBqU5EcjA~tplv-photomode-zoomcover:480:480.jpeg?dr=14555&x-expires=1752764400&x-signature=GnWoOWK28Htqs4CPltvD9vBbgnw%3D&t=4d5b0474&ps=13740610&shp=81f88b70&shcp=43f4a2f9&idc=my&ftpl=1,,91.1K,shows
https://www.tiktok.com/@tuduylinh/video/7523371249599384862,https://p16-pu-sign-useast8.tiktokcdn-us.com/tos-useast8-p-0068-tx2/ogUZogKGzgkxRxpQIhYAejGgLfeJAFLq7gyQfo~tplv-photomode-zoomcover:480:480.jpeg?dr=14555&x-expires=1752764400&x-signature=9ySsZtIkYiV25D0i9Y4ek%2BQOPyE%3D&t=4d5b0474&ps=13740610&shp=81f88b70&shcp=43f4a2f9&idc=my&ftpl=1,,71.7K,shows
https://www.tiktok.com/@lynn0293/video/7525784339053907208,https://p16-sign-sg.tiktokcdn.com/tos-alisg-p-0037/o0awPAYoQIYHOBVoFFiF0iRCIE9RBymADN8DN~tplv-photomode-zoomcover:480:480.jpeg?dr=14555&x-expires=1752764400&x-signature=0v8h8ky480YhULZL9dczPhAMKuI%3D&t=4d5b0474&ps=13740610&shp=81f88b70&shcp=43f4a2f9&idc=my&ftpl=1,,134.1K,shows
https://www.tiktok.com/@suyphimhay/video/7525696355080146184,https://p16-sign-sg.tiktokcdn.com/tos-alisg-p-0037/oc4AYM70IAGlHxMvwHiYAUEBzlCkiAaApWzAB~tplv-photomode-zoomcover:480:480.jpeg?dr=14555&x-expires=1752764400&x-signature=FfZk0%2F6Ih2Z9EWuw3NQBZTInU7o%3D&t=4d5b0474&ps=13740610&shp=81f88b70&shcp=43f4a2f9&idc=my&ftpl=1,,203.8K,shows
https://www.tiktok.com/@odaycosaobymznews/video/7525296867199044871,https://p16-sign-sg.tiktokcdn.com/tos-alisg-p-0037/okeQMerBEmG3fvVIaOLINEAQDoAMIAEinKAolA~tplv-photomode-zoomcover:480:480.jpeg?dr=14555&x-expires=1752764400&x-signature=nWJPOfDDJnNXNB9v5b%2FFyAVDNgE%3D&t=4d5b0474&ps=13740610&shp=81f88b70&shcp=43f4a2f9&idc=my&ftpl=1,,291.2K,shows
https://www.tiktok.com/@meowentertainmentvn/video/7526512136948894996,https://p16-sign-sg.tiktokcdn.com/tos-alisg-p-0037/oYHXQoIGAaeDwudAKQxOIkkgeALnCjA5PnEfvA~tplv-photomode-zoomcover:480:480.jpeg?dr=14555&x-expires=1752764400&x-signature=%2FV2%2BQXzaoMgF%2FcRhwksUKWoBSs8%3D&t=4d5b0474&ps=13740610&shp=81f88b70&shcp=43f4a2f9&idc=my&ftpl=1,,65.8K,shows
https://www.tiktok.com/@nlinh_o0/video/7525014544935030024,https://p16-sign-sg.tiktokcdn.com/tos-alisg-p-0037/owuEIYBGj7SAE4FiEOKa8VAvBOSlB4i7vaEAl~tplv-photomode-zoomcover:480:480.jpeg?dr=14555&x-expires=1752764400&x-signature=w595DCZZNhl8KXHU8y564SVl9kk%3D&t=4d5b0474&ps=13740610&shp=81f88b70&shcp=43f4a2f9&idc=my&ftpl=1,,572.8K,lipsync
https://www.tiktok.com/@thuytien07141983/video/7524000562401135880,https://p16-sign-sg.tiktokcdn.com/tos-alisg-p-0037/okmZBlfDUQ58RzoEIPeA7aDpVBVARE5NFHa0Qg~tplv-photomode-zoomcover:480:480.jpeg?dr=14555&x-expires=1752764400&x-signature=%2BEV5aDNJtEmEo0scP9GQZ24LOcQ%3D&t=4d5b0474&ps=13740610&shp=81f88b70&shcp=43f4a2f9&idc=my&ftpl=1,,98.9K,lipsync
https://www.tiktok.com/@mucnuong.09/video/7525619785632107794,https://p16-sign-sg.tiktokcdn.com/tos-alisg-p-0037/oI1E2fFwcg1RBNsICD4iAoBUXBciISZ0ohe5Xh~tplv-photomode-zoomcover:480:480.jpeg?dr=14555&x-expires=1752764400&x-signature=U5pVQD7f8q4rJOFLFMK5Zg1vpA0%3D&t=4d5b0474&ps=13740610&shp=81f88b70&shcp=43f4a2f9&idc=my&ftpl=1,,278.4K,lipsync
https://www.tiktok.com/@luc.evisu/video/7524924823844211976,https://p16-sign-sg.tiktokcdn.com/tos-alisg-p-0037/ogIim5IyEi07AIViA5F33Yjr58B3MtnatGBv7~tplv-photomode-zoomcover:480:480.jpeg?dr=14555&x-expires=1752764400&x-signature=inWy%2Fsfdx7xrxF2OMWx2l4PLfSA%3D&t=4d5b0474&ps=13740610&shp=81f88b70&shcp=43f4a2f9&idc=my&ftpl=1,,153.9K,lipsync
https://www.tiktok.com/@louispham_203/video/7520982249580399880,https://p16-sign-sg.tiktokcdn.com/tos-alisg-p-0037/oMQ4o2fnZCfQ8ALjHDZQEYiDpvIdAkei7q5GIQ~tplv-photomode-zoomcover:480:480.jpeg?dr=14555&x-expires=1752764400&x-signature=OfQM2bRhdWPcdm%2BVPMvpyHdNdAU%3D&t=4d5b0474&ps=13740610&shp=81f88b70&shcp=43f4a2f9&idc=my&ftpl=1,,895.7K,lipsync
https://www.tiktok.com/@ig.khalac248/video/7518717576558513426,https://p16-sign-sg.tiktokcdn.com/tos-alisg-p-0037/oMtR0Vi9hGr2BXcdE4zl27gEBfAoiBBwVB5oeI~tplv-photomode-zoomcover:480:480.jpeg?dr=14555&x-expires=1752764400&x-signature=Bjh6Cx2bce%2B14hU%2BFZK5VY8%2F0Ys%3D&t=4d5b0474&ps=13740610&shp=81f88b70&shcp=43f4a2f9&idc=my&ftpl=1,,1.1M,lipsync
https://www.tiktok.com/@igchubby.thdh_1/video/7523597462804696328,https://p16-sign-sg.tiktokcdn.com/tos-alisg-p-0037/oofqp6AABCBEXfg15nDKUoIAaIMATMRrTFjEFh~tplv-photomode-zoomcover:480:480.jpeg?dr=14555&x-expires=1752764400&x-signature=dOHPbvIU87G9JPFIlsaxTda0wvw%3D&t=4d5b0474&ps=13740610&shp=81f88b70&shcp=43f4a2f9&idc=my&ftpl=1,,322.5K,lipsync
https://www.tiktok.com/@maitrithuc2020/video/7524719306983165202,https://p16-sign-sg.tiktokcdn.com/tos-alisg-p-0037/osAus5Gtb4ASBIrtFtvBaLXPEiYdziBEQV0B1~tplv-photomode-zoomcover:480:480.jpeg?dr=14555&x-expires=1752764400&x-signature=F6lJPC4ITt3iu%2B7ERroly3qSIA0%3D&t=4d5b0474&ps=13740610&shp=81f88b70&shcp=43f4a2f9&idc=my&ftpl=1,,136.2K,lipsync
https://www.tiktok.com/@nlinh_o0/video/7525386895077985554,https://p16-sign-sg.tiktokcdn.com/tos-alisg-p-0037/okHYIDALNQmaGjGAoxI3Sagxf8FbGeGCowTQbf~tplv-photomode-zoomcover:480:480.jpeg?dr=14555&x-expires=1752764400&x-signature=r0ZWki%2BkwADuCCOZt60MZKDSRCI%3D&t=4d5b0474&ps=13740610&shp=81f88b70&shcp=43f4a2f9&idc=my&ftpl=1,,302.9K,lipsync
https://www.tiktok.com/@khoadibao/video/7526046795118513416,https://p16-sign-sg.tiktokcdn.com/tos-alisg-p-0037/owfQEajxIvD4fxFEn4FOxIb7DIK5IAC9epEomA~tplv-photomode-zoomcover:480:480.jpeg?dr=14555&x-expires=1752764400&x-signature=%2BmHC1gIzCueJGCdw3DQWlDUlGRk%3D&t=4d5b0474&ps=13740610&shp=81f88b70&shcp=43f4a2f9&idc=my&ftpl=1,,53K,lipsync
https://www.tiktok.com/@nguyenthingochuyen0225/video/7524216728793009415,https://p16-sign-sg.tiktokcdn.com/tos-alisg-p-0037/oIAA6UIQIDAQF01ePxLoWHDuyoaBeIACGEsjAe~tplv-photomode-zoomcover:480:480.jpeg?dr=14555&x-expires=1752764400&x-signature=z6SyBnNx4%2Bg939M3zMWUFOdSFqo%3D&t=4d5b0474&ps=13740610&shp=81f88b70&shcp=43f4a2f9&idc=my&ftpl=1,,178K,lipsync
https://www.tiktok.com/@huongcoc92/video/7524687797253360914,https://p16-sign-sg.tiktokcdn.com/tos-alisg-p-0037/ostUjFCjoDQZ2IIeDAfsAp7tIfTLzPDEbIQZhB~tplv-photomode-zoomcover:480:480.jpeg?dr=14555&x-expires=1752764400&x-signature=MOpUmu4BDTyqYmgEo1vCQ0RIZKI%3D&t=4d5b0474&ps=13740610&shp=81f88b70&shcp=43f4a2f9&idc=my&ftpl=1,,34.9K,lipsync
https://www.tiktok.com/@tin_nguyen_9/video/7525767432036683016,https://p9-sign-sg.tiktokcdn.com/tos-alisg-p-0037/oEIIKq0AH3S45UiwBAEUtOi1jXCAHwfxi5ChpZ~tplv-photomode-zoomcover:480:480.jpeg?dr=14555&x-expires=1752764400&x-signature=bcqMD3R1iPUqa4JWdM33mosY7rc%3D&t=4d5b0474&ps=13740610&shp=81f88b70&shcp=43f4a2f9&idc=my&ftpl=1,,252K,lipsync
https://www.tiktok.com/@myxhanf/video/7523900180270288136,https://p16-sign-sg.tiktokcdn.com/tos-alisg-p-0037/o8JAgDfEhA1rQeEoaQEajAAfAKI3FoIAD0DIhU~tplv-photomode-zoomcover:480:480.jpeg?dr=14555&x-expires=1752764400&x-signature=blG3w20SGP9X67Hjbqi%2BHVEM%2Fl0%3D&t=4d5b0474&ps=13740610&shp=81f88b70&shcp=43f4a2f9&idc=my&ftpl=1,,200K,lipsync
https://www.tiktok.com/@hoanglananh31/video/7526411445794393352,https://p9-sign-sg.tiktokcdn.com/tos-alisg-p-0037/oEmm2AfIjQfAroZeMDIAkTGQA9OLID3lEAK6X5~tplv-photomode-zoomcover:480:480.jpeg?dr=14555&x-expires=1752764400&x-signature=dcWHGcAyIAQC%2FpA7e9fAld1NH%2BM%3D&t=4d5b0474&ps=13740610&shp=81f88b70&shcp=43f4a2f9&idc=my&ftpl=1,,205K,lipsync
https://www.tiktok.com/@pannh_09/video/7522423718224694544,https://p16-sign-sg.tiktokcdn.com/tos-alisg-p-0037/oMXDFBZfQEz4ZBRlIDoJEf7oUBZHoIAOwBiRgK~tplv-photomode-zoomcover:480:480.jpeg?dr=14555&x-expires=1752764400&x-signature=fPAJrtxOwfzZaRlnFoNxqp28228%3D&t=4d5b0474&ps=13740610&shp=81f88b70&shcp=43f4a2f9&idc=my&ftpl=1,,344.2K,lipsync
https://www.tiktok.com/@g.minhtrg/video/7523904934752931080,https://p9-sign-sg.tiktokcdn.com/tos-alisg-p-0037/oM7KECi8HB6AQAt7wwTqvdIDiBGiaIRgUYpV5~tplv-photomode-zoomcover:480:480.jpeg?dr=14555&x-expires=1752764400&x-signature=J7fWxKFrRqvZInbYoSyrqFRzhI8%3D&t=4d5b0474&ps=13740610&shp=81f88b70&shcp=43f4a2f9&idc=my&ftpl=1,,87.4K,lipsync
https://www.tiktok.com/@lgni.anil_19/video/7524934570886712594,https://p16-sign-sg.tiktokcdn.com/tos-alisg-p-0037/oUB9EIAj8ECe9MAQAiDKQ4QbffITNCDo4D6j2F~tplv-photomode-zoomcover:480:480.jpeg?dr=14555&x-expires=1752764400&x-signature=EiBDT31aw1qh%2BcwN0KCmrw3k%2FWQ%3D&t=4d5b0474&ps=13740610&shp=81f88b70&shcp=43f4a2f9&idc=my&ftpl=1,,220.4K,lipsync
https://www.tiktok.com/@alaskan.not.eskimo/video/7524124293039426871,https://p19-sign.tiktokcdn-us.com/tos-useast5-p-0068-tx/oMeaBf0kEivSI0DbbAogiCJrEFRwAAmABDnA6Y~tplv-photomode-zoomcover:480:480.jpeg?dr=14555&x-expires=1752764400&x-signature=LhgnEhbWWVuhHbvK2iRl6Mjm5wk%3D&t=4d5b0474&ps=13740610&shp=81f88b70&shcp=43f4a2f9&idc=my&ftpl=1,,10.2M,lipsync
https://www.tiktok.com/@duongaivy2k7/video/7523949555881168146,https://p16-sign-sg.tiktokcdn.com/tos-alisg-p-0037/oUfo1gRBEEDaiq2EScFBEEAEBGAjIgChneAUpA~tplv-photomode-zoomcover:480:480.jpeg?dr=14555&x-expires=1752764400&x-signature=zvQ4ZBUjCfNfySGiQPV%2FVYJfmpI%3D&t=4d5b0474&ps=13740610&shp=81f88b70&shcp=43f4a2f9&idc=my&ftpl=1,,72.3K,lipsync
https://www.tiktok.com/@tuyetladeyu/video/7524265616610495762,https://p16-sign-sg.tiktokcdn.com/tos-alisg-p-0037/okCNjFDH1bxfeooWXFf8gyiEDWnFQIQ4DQAA3x~tplv-photomode-zoomcover:480:480.jpeg?dr=14555&x-expires=1752764400&x-signature=lQYmRIVGXNS%2BS9Zf8pRY6eSupwE%3D&t=4d5b0474&ps=13740610&shp=81f88b70&shcp=43f4a2f9&idc=my&ftpl=1,,130.8K,lipsync
https://www.tiktok.com/@steshka.aaaa/video/7521072905149517074,https://p9-sign-sg.tiktokcdn.com/tos-alisg-p-0037/osfIsfGA4A3jDEIQD9pEAdCobDwFQ03xQIf5Jj~tplv-photomode-zoomcover:480:480.jpeg?dr=14555&x-expires=1752764400&x-signature=f3d2RGsZ%2Bp8SI8TNmuXRvYBTLGk%3D&t=4d5b0474&ps=13740610&shp=81f88b70&shcp=43f4a2f9&idc=my&ftpl=1,,490.5K,lipsync
https://www.tiktok.com/@kimanhne_36/video/7524645277475589384,https://p16-sign-sg.tiktokcdn.com/tos-alisg-p-0037/oof8dXGeAhtjFMepgg0DrjViTrQI2QVoAJCZgy~tplv-photomode-zoomcover:480:480.jpeg?dr=14555&x-expires=1752764400&x-signature=q8FjHvKsJx1Ow%2BioQtGbGefVwRI%3D&t=4d5b0474&ps=13740610&shp=81f88b70&shcp=43f4a2f9&idc=my&ftpl=1,,156.4K,lipsync
https://www.tiktok.com/@rdlcqquv9ec/video/7523622436139584823,https://p16-sign.tiktokcdn-us.com/tos-useast5-p-0068-tx/o8cLzICKIzjkx3LB1eeopIo1Qv6RfGwP0CIAAH~tplv-photomode-zoomcover:720:720.jpeg?dr=14555&x-expires=1752764400&x-signature=oqKDpFR1ABJ5%2FuAT5Hk5RmsR7ec%3D&t=4d5b0474&ps=13740610&shp=81f88b70&shcp=43f4a2f9&idc=my&ftpl=1,,600K,daily-life
https://www.tiktok.com/@hieuhihi8805/video/7524182546012261639,https://p9-sign-sg.tiktokcdn.com/tos-alisg-p-0037/oQsr1JMEL2RKEIDIWBFoARFDglUgzBlDf0aEFf~tplv-photomode-zoomcover:720:720.jpeg?dr=14555&x-expires=1752764400&x-signature=jJz44IzJ2bnGP2s5gtLSFyAAG1M%3D&t=4d5b0474&ps=13740610&shp=81f88b70&shcp=43f4a2f9&idc=my&ftpl=1,,333K,daily-life
https://www.tiktok.com/@huongsyu/video/7524674016330845447,https://p16-sign-sg.tiktokcdn.com/tos-alisg-p-0037/o0CL2UEwKnAiaioABmIdwNfCAGBXABAInAy0Zt~tplv-photomode-zoomcover:720:720.jpeg?dr=14555&x-expires=1752764400&x-signature=06J0bz%2BdMluw02zEM6NvScLyA3Y%3D&t=4d5b0474&ps=13740610&shp=81f88b70&shcp=43f4a2f9&idc=my&ftpl=1,,376.3K,daily-life
https://www.tiktok.com/@klook_vietnam/video/7523970105886149906,https://p16-sign-sg.tiktokcdn.com/tos-alisg-p-0037/o4lioAaCtIGAYMD72yEAA0PGAAqjiiBBg8lqI~tplv-photomode-zoomcover:720:720.jpeg?dr=14555&x-expires=1752764400&x-signature=EGP0hm5avC%2BWp%2BuUbH4fCC%2Fr%2Fdk%3D&t=4d5b0474&ps=13740610&shp=81f88b70&shcp=43f4a2f9&idc=my&ftpl=1,,158K,daily-life
https://www.tiktok.com/@dieulinhh2612/video/7525356789634829575,https://p16-sign-sg.tiktokcdn.com/tos-alisg-p-0037/oMgga0cPAkAE32UoRn4BBoSyCEQ0IHFvfpVbfD~tplv-photomode-zoomcover:720:720.jpeg?dr=14555&x-expires=1752764400&x-signature=nNW5XrxvhBPiiqgWPrLzuwOZ4ss%3D&t=4d5b0474&ps=13740610&shp=81f88b70&shcp=43f4a2f9&idc=my&ftpl=1,,119.5K,daily-life
https://www.tiktok.com/@rc.world.vn/video/7526123774941482247,https://p16-sign-sg.tiktokcdn.com/tos-alisg-p-0037/owHDNtMmWA1t5pICAje8AEQIe4ZQgoA8AQF5eQ~tplv-photomode-zoomcover:720:720.jpeg?dr=14555&x-expires=1752764400&x-signature=DQCfeC9L8cZBSX%2BJiCcYdm%2FOrA8%3D&t=4d5b0474&ps=13740610&shp=81f88b70&shcp=43f4a2f9&idc=my&ftpl=1,,203.1K,daily-life
https://www.tiktok.com/@tuantudo86/video/7525002500018031880,https://p16-sign-sg.tiktokcdn.com/tos-alisg-p-0037/o4BA4lPbaslhDIYGAAEAiu5laAOva6wLABy6i~tplv-photomode-zoomcover:720:720.jpeg?dr=14555&x-expires=1752764400&x-signature=esTCtYrKmAkhb%2Bx7k1i3KBpR0ec%3D&t=4d5b0474&ps=13740610&shp=81f88b70&shcp=43f4a2f9&idc=my&ftpl=1,,142.4K,daily-life
https://www.tiktok.com/@rc.world.vn/video/7526438735915896082,https://p16-sign-sg.tiktokcdn.com/tos-alisg-p-0037/ocwMt7DrEFAgIICcWAEUASEABf02fREzohCBgV~tplv-photomode-zoomcover:720:720.jpeg?dr=14555&x-expires=1752764400&x-signature=TWvbA9xwey85kO8gtKXznX8AvSE%3D&t=4d5b0474&ps=13740610&shp=81f88b70&shcp=43f4a2f9&idc=my&ftpl=1,,212.7K,daily-life
https://www.tiktok.com/@excellent.idea/video/7524897330550607159,https://p16-sign.tiktokcdn-us.com/tos-useast5-p-0068-tx/oErEd5FbNIDrIlBA54fgfxEAotQqRRxDSxkczB~tplv-photomode-zoomcover:720:720.jpeg?dr=14555&x-expires=1752764400&x-signature=Idu%2BdghCG3IkVRX%2FXlCToyl0TOA%3D&t=4d5b0474&ps=13740610&shp=81f88b70&shcp=43f4a2f9&idc=my&ftpl=1,,97.7K,daily-life
https://www.tiktok.com/@duongtrieuvuu/video/7523780863876713736,https://p16-sign-sg.tiktokcdn.com/tos-alisg-p-0037/oMiZEhfagalRAQFboNQ7VUFpEFBTUdfrBjNyDz~tplv-photomode-zoomcover:720:720.jpeg?dr=14555&x-expires=1752764400&x-signature=b%2F1ein1W8tbETZOmsZk5sb97yvs%3D&t=4d5b0474&ps=13740610&shp=81f88b70&shcp=43f4a2f9&idc=my&ftpl=1,,66.1K,daily-life
https://www.tiktok.com/@vieclamnhanh90/video/7523183800403152136,https://p16-sign-sg.tiktokcdn.com/tos-alisg-p-0037/oASCGL8MQhKfGihR53fAMnPteJ0AvQeAXAAjAA~tplv-photomode-zoomcover:720:720.jpeg?dr=14555&x-expires=1752764400&x-signature=1TmNXwNYeXygZoLgSNeWXzLrg%2B0%3D&t=4d5b0474&ps=13740610&shp=81f88b70&shcp=43f4a2f9&idc=my&ftpl=1,,44.6K,daily-life
https://www.tiktok.com/@_ueeynbxyw_/video/7523861563950910736,https://p16-sign-sg.tiktokcdn.com/tos-alisg-p-0037/owIig1IwEiGPAvVnAIEoMYmsJ9BxdzAaqGBPJ~tplv-photomode-zoomcover:720:720.jpeg?dr=14555&x-expires=1752764400&x-signature=P5PjL%2BQ2mRZUULL5jcYiUJZua80%3D&t=4d5b0474&ps=13740610&shp=81f88b70&shcp=43f4a2f9&idc=my&ftpl=1,,48.2K,daily-life
https://www.tiktok.com/@vitammyn_133/video/7523446770999774472,https://p16-sign-sg.tiktokcdn.com/tos-alisg-p-0037/osNAOAiFwCBHIlwnLxYTiCoAfwqD10ICpqIngT~tplv-photomode-zoomcover:720:720.jpeg?dr=14555&x-expires=1752764400&x-signature=C%2Fc8yAEFoFNc3Dvv5fX9QERLtlE%3D&t=4d5b0474&ps=13740610&shp=81f88b70&shcp=43f4a2f9&idc=my&ftpl=1,,222.7K,daily-life
https://www.tiktok.com/@vya2209/video/7523241458573266194,https://p16-sign-sg.tiktokcdn.com/tos-alisg-p-0037/osffBBBU8eiAReUsQAozeiABMZfgYhlMMfYUeEi~tplv-photomode-zoomcover:720:720.jpeg?dr=14555&x-expires=1752764400&x-signature=tgJpoekdMVkNsnOqDihvXgz8uLI%3D&t=4d5b0474&ps=13740610&shp=81f88b70&shcp=43f4a2f9&idc=my&ftpl=1,,274.5K,daily-life
https://www.tiktok.com/@quanghocduong/video/7524246600286260487,https://p16-sign-sg.tiktokcdn.com/tos-alisg-p-0037/oMEWzU4EHwRwJQUQSBFoAf7Dg2UFNBKnf3aE89~tplv-photomode-zoomcover:720:720.jpeg?dr=14555&x-expires=1752764400&x-signature=GdNdFIUvdPPy75ajGan9fnSFFPA%3D&t=4d5b0474&ps=13740610&shp=81f88b70&shcp=43f4a2f9&idc=my&ftpl=1,,138.1K,daily-life
https://www.tiktok.com/@mechunchinoii/video/7526089417442774290,https://p16-sign-sg.tiktokcdn.com/tos-alisg-p-0037/oMAByFlzpc9nDCBZRffBgoE0gUERBdwIuoRGId~tplv-photomode-zoomcover:720:720.jpeg?dr=14555&x-expires=1752764400&x-signature=NV2o2XFXNSVibdxmnP0drOshQSo%3D&t=4d5b0474&ps=13740610&shp=81f88b70&shcp=43f4a2f9&idc=my&ftpl=1,,12.1K,daily-life
https://www.tiktok.com/@trochoimongoland/video/7524294249655864594,https://p16-sign-sg.tiktokcdn.com/tos-alisg-p-0037/ogIIwRNEvtaqAW0O1idPCyiWrBxcfVAAICARtq~tplv-photomode-zoomcover:720:720.jpeg?dr=14555&x-expires=1752764400&x-signature=vMqW9J4lb5YlSy8FiP1ZEvjlVmY%3D&t=4d5b0474&ps=13740610&shp=81f88b70&shcp=43f4a2f9&idc=my&ftpl=1,,83.8K,daily-life
https://www.tiktok.com/@totomuzy/video/7523625257442348344,https://p16-sign-va.tiktokcdn.com/tos-maliva-p-0068/owAA4LSAQiIQBKapAaBIUivJMlyGAlOTAioEK~tplv-photomode-zoomcover:720:720.jpeg?dr=14555&x-expires=1752764400&x-signature=Pi7qQAzGLWnBfwmWFvl0MaF6jbA%3D&t=4d5b0474&ps=13740610&shp=81f88b70&shcp=43f4a2f9&idc=my&ftpl=1,,793.3K,daily-life
https://www.tiktok.com/@amazingfunny643/video/7516608363057122574,https://p19-sign.tiktokcdn-us.com/tos-useast5-p-0068-tx/owWofL0IIIxEA3ozLQeYhiHAjBUjQGkfHBi5CP~tplv-photomode-zoomcover:720:720.jpeg?dr=14555&x-expires=1752764400&x-signature=Th94F3bz9FIpvssrFGfeAdR58lA%3D&t=4d5b0474&ps=13740610&shp=81f88b70&shcp=43f4a2f9&idc=my&ftpl=1,,9.1M,daily-life
https://www.tiktok.com/@quanganhsurprise/video/7520880920870522130,https://p9-sign-sg.tiktokcdn.com/tos-alisg-p-0037/oEzFqEB4QzRUqiZz4fwMfQ42oWLiQDPTXVEgAB~tplv-photomode-zoomcover:720:720.jpeg?dr=14555&x-expires=1752764400&x-signature=dWdUOusr15K2ghSwtbYM%2BE1NbHU%3D&t=4d5b0474&ps=13740610&shp=81f88b70&shcp=43f4a2f9&idc=my&ftpl=1,,144.6K,daily-life
https://www.tiktok.com/@uymoi97/video/7523937505012419847,https://p9-sign-sg.tiktokcdn.com/tos-alisg-p-0037/oQFICGE6iiAGRNCwIIkBqIsGTRZnI90qtABfAV~tplv-photomode-zoomcover:720:720.jpeg?dr=14555&x-expires=1752764400&x-signature=gi5lyncX1U7jkIEalgjImkfM%2B6g%3D&t=4d5b0474&ps=13740610&shp=81f88b70&shcp=43f4a2f9&idc=my&ftpl=1,,469.2K,daily-life
https://www.tiktok.com/@huy20db/video/7524366582538128661,https://p9-sign-sg.tiktokcdn.com/tos-alisg-p-0037/ogNIEsg9iiAhaaDgIRzBUip0fv6jW9orlBzfB5~tplv-photomode-zoomcover:720:720.jpeg?dr=14555&x-expires=1752764400&x-signature=HjXLeetVIyqUmCtTM5jSv7en9Ho%3D&t=4d5b0474&ps=13740610&shp=81f88b70&shcp=43f4a2f9&idc=my&ftpl=1,,31.9K,beauty-care
https://www.tiktok.com/@ghinaae/video/7523087638153186566,https://p16-sign-va.tiktokcdn.com/tos-maliva-p-0068/owengKBEAYRWAIBENCFoAYBDQ7JFABdGf2ZEqx~tplv-photomode-zoomcover:720:720.jpeg?dr=14555&x-expires=1752764400&x-signature=uORlM8SwDfYHVi6PrHq1EWj%2Fn7E%3D&t=4d5b0474&ps=13740610&shp=81f88b70&shcp=43f4a2f9&idc=my&ftpl=1,,2.6M,beauty-care
https://www.tiktok.com/@1900hairsalon.official/video/7524148638478519559,https://p16-sign-sg.tiktokcdn.com/tos-alisg-p-0037/oQgreLAII7GA1o7LkHCKRQJkkPeDjIJ6ISVoes~tplv-photomode-zoomcover:720:720.jpeg?dr=14555&x-expires=1752764400&x-signature=AUF6Jx0JePf4xXU1DHsOrDgeehc%3D&t=4d5b0474&ps=13740610&shp=81f88b70&shcp=43f4a2f9&idc=my&ftpl=1,,158.5K,beauty-care
https://www.tiktok.com/@eyebrowsbyprince/video/7523018235969670413,https://p16-sign.tiktokcdn-us.com/tos-useast5-p-0068-tx/oAZAjBExVODZRQgs9FP2F7nDfzSDVoIEIfI9Xx~tplv-photomode-zoomcover:720:720.jpeg?dr=14555&x-expires=1752764400&x-signature=1xWD92CKZTAaQdGsZH8Pph%2BQUE4%3D&t=4d5b0474&ps=13740610&shp=81f88b70&shcp=43f4a2f9&idc=my&ftpl=1,,203.4K,beauty-care
https://www.tiktok.com/@dangthuhaf/video/7525449973115178248,https://p16-sign-sg.tiktokcdn.com/tos-alisg-p-0037/oUYSEBUDoBxy30xFEWa8AAEJEBZvfbVgeRIOJw~tplv-photomode-zoomcover:720:720.jpeg?dr=14555&x-expires=1752764400&x-signature=Z3CBiq7Ly9l4IT%2B9zHuLpagS8Jw%3D&t=4d5b0474&ps=13740610&shp=81f88b70&shcp=43f4a2f9&idc=my&ftpl=1,,164.8K,beauty-care
https://www.tiktok.com/@dailywithbong/video/7523162526582836488,https://p16-sign-sg.tiktokcdn.com/tos-alisg-p-0037/o4opHCj90lA7pH2nA6iiwhBqCMAIcvEIIvvZqe~tplv-photomode-zoomcover:720:720.jpeg?dr=14555&x-expires=1752764400&x-signature=opUXNYDuNm%2B6C5jmRgoGrUZW05U%3D&t=4d5b0474&ps=13740610&shp=81f88b70&shcp=43f4a2f9&idc=my&ftpl=1,,239.9K,beauty-care
https://www.tiktok.com/@oanhtieudong_td/video/7524237260389240071,https://p16-sign-sg.tiktokcdn.com/tos-alisg-p-0037/o0ejgIto8n5fGkHtyICogJy1AILeDQAu1dGokI~tplv-photomode-zoomcover:720:720.jpeg?dr=14555&x-expires=1752764400&x-signature=azhTNL%2F37amGTP69qzUAFq8bgfA%3D&t=4d5b0474&ps=13740610&shp=81f88b70&shcp=43f4a2f9&idc=my&ftpl=1,,168.5K,beauty-care
https://www.tiktok.com/@caimewgivay._/video/7523831986167876871,https://p16-sign-sg.tiktokcdn.com/tos-alisg-p-0037/oQmTaCUDoBBf3trFEZqgiAINEB2qfazgdRIVZX~tplv-photomode-zoomcover:720:720.jpeg?dr=14555&x-expires=1752764400&x-signature=ofqycbbnTtLDoZBWI6RR2n%2Fc0GI%3D&t=4d5b0474&ps=13740610&shp=81f88b70&shcp=43f4a2f9&idc=my&ftpl=1,,26.9K,beauty-care
https://www.tiktok.com/@nhakhoaduyngoc_5ae/video/7521766544028847380,https://p16-sign-sg.tiktokcdn.com/tos-alisg-p-0037/o8AvwuBd8iBIEYVOE15xjiO1OBtGriIaAKX0T~tplv-photomode-zoomcover:720:720.jpeg?dr=14555&x-expires=1752764400&x-signature=pShH0pmJIJgzpDFLo9eG6nkJEK8%3D&t=4d5b0474&ps=13740610&shp=81f88b70&shcp=43f4a2f9&idc=my&ftpl=1,,189.7K,beauty-care
https://www.tiktok.com/@truongbarber89hy/video/7522459442684775698,https://p16-sign-sg.tiktokcdn.com/tos-alisg-p-0037/o8GQQzAnBDJZMUblsQF5gTQERAgjJAEfEfBoxS~tplv-photomode-zoomcover:720:720.jpeg?dr=14555&x-expires=1752764400&x-signature=kvehRFJE9KJF4FA9ykWbDe27iR4%3D&t=4d5b0474&ps=13740610&shp=81f88b70&shcp=43f4a2f9&idc=my&ftpl=1,,63.4K,beauty-care
https://www.tiktok.com/@cheducanh04/video/7526156422602624264,https://p16-sign-sg.tiktokcdn.com/tos-alisg-p-0037/oQ2YRaiEyh3yIxAKmACYBJVBSEHJI3q1iBtdP~tplv-photomode-zoomcover:720:720.jpeg?dr=14555&x-expires=1752764400&x-signature=EEKmFx21SfNuSOenDV7OOJFSH20%3D&t=4d5b0474&ps=13740610&shp=81f88b70&shcp=43f4a2f9&idc=my&ftpl=1,,207.4K,beauty-care
https://www.tiktok.com/@tdk2barbershop/video/7524508689080782081,https://p16-sign-sg.tiktokcdn.com/tos-alisg-p-0037/oIybDfy6EE3UQNbLCEogFBDsQURGAQ609BkeDv~tplv-photomode-zoomcover:720:720.jpeg?dr=14555&x-expires=1752764400&x-signature=Vpk1inNXGql5VXW13Zg3cWoxQpw%3D&t=4d5b0474&ps=13740610&shp=81f88b70&shcp=43f4a2f9&idc=my&ftpl=1,,378.7K,beauty-care
https://www.tiktok.com/@giaovienc3/video/7526426152697711890,https://p16-sign-sg.tiktokcdn.com/tos-alisg-p-0037/ocBYIHELA0zYTcDMGBoP9VAVi8aPXgYB7iHIE~tplv-photomode-zoomcover:720:720.jpeg?dr=14555&x-expires=1752764400&x-signature=U7Sm3DYhCcBz9OhfmLwDqnv%2BxNE%3D&t=4d5b0474&ps=13740610&shp=81f88b70&shcp=43f4a2f9&idc=my&ftpl=1,,52.4K,beauty-care
https://www.tiktok.com/@giohanhphuc9/video/7525452296201784577,https://p16-sign-sg.tiktokcdn.com/tos-alisg-p-0037/o8ErIAVCEBAfgIBvAoAgJfj6QCFYSxbD89SKyi~tplv-photomode-zoomcover:720:720.jpeg?dr=14555&x-expires=1752764400&x-signature=AMFnzRFuAf3gP%2F2FePYTKQ1UW6M%3D&t=4d5b0474&ps=13740610&shp=81f88b70&shcp=43f4a2f9&idc=my&ftpl=1,,69K,beauty-care
https://www.tiktok.com/@phuongthanhc/video/7523265047280340231,https://p16-sign-sg.tiktokcdn.com/tos-alisg-p-0037/oQGBobeJGfXAQLKILzJCADokI0QDAQhAjlJft2~tplv-photomode-zoomcover:720:720.jpeg?dr=14555&x-expires=1752764400&x-signature=YRiqH6tTiYyWhvU%2FGsP8WGYnnFA%3D&t=4d5b0474&ps=13740610&shp=81f88b70&shcp=43f4a2f9&idc=my&ftpl=1,,50.6K,beauty-care
https://www.tiktok.com/@dqlam147/video/7524698995474779400,https://p9-sign-sg.tiktokcdn.com/tos-alisg-p-0037/oQF2M8fbIQSgQ8MmvIQAWCaaQfjjAXaejDlQ9s~tplv-photomode-zoomcover:720:720.jpeg?dr=14555&x-expires=1752764400&x-signature=oCYGbD9S9ObZD1IE2lrsJQ%2F8gMY%3D&t=4d5b0474&ps=13740610&shp=81f88b70&shcp=43f4a2f9&idc=my&ftpl=1,,67.7K,beauty-care
https://www.tiktok.com/@du_duong_tap_phoi_do/video/7525819506845928711,https://p16-sign-sg.tiktokcdn.com/tos-alisg-p-0037/oIAnLIiVQDX5FExLAGC0xpS4LFnIoIejPIfex5~tplv-photomode-zoomcover:720:720.jpeg?dr=14555&x-expires=1752764400&x-signature=CypC02irzxSd2qlNS0PCGKt3JZQ%3D&t=4d5b0474&ps=13740610&shp=81f88b70&shcp=43f4a2f9&idc=my&ftpl=1,,86.4K,beauty-care
https://www.tiktok.com/@rinabeauty859/video/7525787943995280658,https://p16-sign-sg.tiktokcdn.com/tos-alisg-p-0037/okbQgUcQcKx8BZoWrFPpEeE4hDsJfTAwREBYDQ~tplv-photomode-zoomcover:720:720.jpeg?dr=14555&x-expires=1752764400&x-signature=5UjA52tx5MZf02gDg5849aOR5uA%3D&t=4d5b0474&ps=13740610&shp=81f88b70&shcp=43f4a2f9&idc=my&ftpl=1,,64.4K,beauty-care
https://www.tiktok.com/@me_shopee_/video/7523918001406528776,https://p16-sign-sg.tiktokcdn.com/tos-alisg-p-0037/oIRCOFB5AJOfBpaJ4opVAeUqDAEEIA1FDlUqEg~tplv-photomode-zoomcover:720:720.jpeg?dr=14555&x-expires=1752764400&x-signature=VYzafUMzhVIPvl0xDhWznJpGkxc%3D&t=4d5b0474&ps=13740610&shp=81f88b70&shcp=43f4a2f9&idc=my&ftpl=1,,93.6K,beauty-care
https://www.tiktok.com/@eimichann/video/7523234147070971144,https://p16-sign-sg.tiktokcdn.com/tos-alisg-p-0037/oUyI3EMDAbAECWGFfAQjDAAzIOPHzzQeeckDIo~tplv-photomode-zoomcover:720:720.jpeg?dr=14555&x-expires=1752764400&x-signature=uNrKXdd1NmV7le1iBG%2BoHmCvnp8%3D&t=4d5b0474&ps=13740610&shp=81f88b70&shcp=43f4a2f9&idc=my&ftpl=1,,42.1K,beauty-care
https://www.tiktok.com/@meymeyxink28/video/7524250330641550599,https://p16-sign-sg.tiktokcdn.com/tos-alisg-p-0037/o0ErIAGsGghrAVGhQLFDemqfmWwRfI6AQfgdFk~tplv-photomode-zoomcover:720:720.jpeg?dr=14555&x-expires=1752764400&x-signature=5zvjKiGtFsoMwIWk1luil8xahd0%3D&t=4d5b0474&ps=13740610&shp=81f88b70&shcp=43f4a2f9&idc=my&ftpl=1,,41K,beauty-care
https://www.tiktok.com/@taitc2000/video/7524632233605451016,https://p16-sign-sg.tiktokcdn.com/tos-alisg-p-0037/okhQIemAQXApE2GAQjoMoxJebm3ao7Qs7Df8CT~tplv-photomode-zoomcover:480:480.jpeg?dr=14555&x-expires=1752764400&x-signature=vfAvvMk8FAnfkrLtb0hs0Jh%2FqVA%3D&t=4d5b0474&ps=13740610&shp=81f88b70&shcp=43f4a2f9&idc=my&ftpl=1,,178.1K,games
https://www.tiktok.com/@bequynhff21.2/video/7525722706474536210,https://p16-sign-sg.tiktokcdn.com/tos-alisg-p-0037/oQBV8VVmdFEiNAwC3DvvyIABHIaPP6i4ZA5OY~tplv-photomode-zoomcover:480:480.jpeg?dr=14555&x-expires=1752764400&x-signature=SYBjiGfNft7spBcgvKIWDboJybM%3D&t=4d5b0474&ps=13740610&shp=81f88b70&shcp=43f4a2f9&idc=my&ftpl=1,,133.4K,games
https://www.tiktok.com/@garancg/video/7523935148983782664,https://p16-sign-sg.tiktokcdn.com/tos-alisg-p-0037/o4NI0NixSN03QqqzCIGQYwwIBfAniAC6RAp0TI~tplv-photomode-zoomcover:480:480.jpeg?dr=14555&x-expires=1752764400&x-signature=LELD004hK6w0IG9UI%2F%2BhMJfPYFw%3D&t=4d5b0474&ps=13740610&shp=81f88b70&shcp=43f4a2f9&idc=my&ftpl=1,,101.6K,games
https://www.tiktok.com/@jeeker97/video/7524654995124374805,https://p16-sign-sg.tiktokcdn.com/tos-alisg-p-0037/oQIRZLh1eJAnGeG0Qe6yAQAAIe4DusdNJDPAG8~tplv-photomode-zoomcover:480:480.jpeg?dr=14555&x-expires=1752764400&x-signature=NRFX0arRqrLXiCH1LLghc0DGcmw%3D&t=4d5b0474&ps=13740610&shp=81f88b70&shcp=43f4a2f9&idc=my&ftpl=1,,234.8K,games
https://www.tiktok.com/@thaodangyeuuu04/video/7525777550413565202,https://p16-sign-sg.tiktokcdn.com/tos-alisg-p-0037/occDFCFaXE6AQDiqIAAVEfmrU8deoQA7bBcRg9~tplv-photomode-zoomcover:480:480.jpeg?dr=14555&x-expires=1752764400&x-signature=n0oV5buCJ39w1Fn4pbF2HyYEX2Y%3D&t=4d5b0474&ps=13740610&shp=81f88b70&shcp=43f4a2f9&idc=my&ftpl=1,,126.2K,games
https://www.tiktok.com/@phanlocdz69/video/7525623429735779591,https://p9-sign-sg.tiktokcdn.com/tos-alisg-p-0037/ocMwSVwOfAEWKFBlABI0YqBtYiAKiCA6GDAIG6~tplv-photomode-zoomcover:480:480.jpeg?dr=14555&x-expires=1752764400&x-signature=HZypD%2FKq%2BvNEYnWLrO1bKkRIMeg%3D&t=4d5b0474&ps=13740610&shp=81f88b70&shcp=43f4a2f9&idc=my&ftpl=1,,272.3K,games
https://www.tiktok.com/@thaodangyeuuu04/video/7524183996096417031,https://p16-sign-sg.tiktokcdn.com/tos-alisg-p-0037/oAX4VqgD4EAd9AtoAEAVIhErfVEBaCBUiDeRaF~tplv-photomode-zoomcover:480:480.jpeg?dr=14555&x-expires=1752764400&x-signature=ZerrxROd6ZIkcM%2BSGJjB2FKprqA%3D&t=4d5b0474&ps=13740610&shp=81f88b70&shcp=43f4a2f9&idc=my&ftpl=1,,316.6K,games
https://www.tiktok.com/@garancg/video/7525417999998651669,https://p16-sign-sg.tiktokcdn.com/tos-alisg-p-0037/osfuk81gMDmQW7YI5fQT0eB73CoAsxVApSjP8A~tplv-photomode-zoomcover:480:480.jpeg?dr=14555&x-expires=1752764400&x-signature=rVOWKdpIuSiOVgW8oGVdNLiOHV8%3D&t=4d5b0474&ps=13740610&shp=81f88b70&shcp=43f4a2f9&idc=my&ftpl=1,,61K,games
https://www.tiktok.com/@huyenranchu/video/7524990447937129746,https://p16-sign-sg.tiktokcdn.com/tos-alisg-p-0037/oICbgKIwqHAisixIFgIP3Nf0gDBZAARI7Dv0Wu~tplv-photomode-zoomcover:480:480.jpeg?dr=14555&x-expires=1752764400&x-signature=UsQnPf2Ubs9qLEzl%2FWGC7DWNHRA%3D&t=4d5b0474&ps=13740610&shp=81f88b70&shcp=43f4a2f9&idc=my&ftpl=1,,95.9K,games
https://www.tiktok.com/@lienquanmobile_garena/video/7524240530704796946,https://p9-sign-sg.tiktokcdn.com/tos-alisg-p-0037/o4DaUIXQDEKZ3C7ugEfKAeAAlFLvAoBCWs6VIW~tplv-photomode-zoomcover:480:480.jpeg?dr=14555&x-expires=1752764400&x-signature=5tqf6zEXmzsaza89QGEyDu8Z3hI%3D&t=4d5b0474&ps=13740610&shp=81f88b70&shcp=43f4a2f9&idc=my&ftpl=1,,188.7K,games
https://www.tiktok.com/@boboo7720/video/7525405357661834503,https://p16-sign-sg.tiktokcdn.com/tos-alisg-p-0037/o8IEvioP5BKaBWB2IfhIGUHgilncLb5e0RuARF~tplv-photomode-zoomcover:480:480.jpeg?dr=14555&x-expires=1752764400&x-signature=M3oI0x1OrSA333jPbDAeFFcVcJc%3D&t=4d5b0474&ps=13740610&shp=81f88b70&shcp=43f4a2f9&idc=my&ftpl=1,,202.8K,games
https://www.tiktok.com/@reallongr/video/7524625342338780434,https://p16-sign-sg.tiktokcdn.com/tos-alisg-p-0037/okAiAlI25AAFMzYAAEGBc2BHv5IwzuRB7sali~tplv-photomode-zoomcover:480:480.jpeg?dr=14555&x-expires=1752764400&x-signature=De1cVAqftf91sgsglKabK1yJHYs%3D&t=4d5b0474&ps=13740610&shp=81f88b70&shcp=43f4a2f9&idc=my&ftpl=1,,99.1K,games
https://www.tiktok.com/@daquavis_mc/video/7525228829271543054,https://p16-sign.tiktokcdn-us.com/tos-useast5-p-0068-tx/oMhuD6j9QmfeFL4RQBidTOAIFGLeWIeWXAGGYI~tplv-photomode-zoomcover:480:480.jpeg?dr=14555&x-expires=1752764400&x-signature=3NyboGIyXKDJ1wU67%2BUr8mcqrKE%3D&t=4d5b0474&ps=13740610&shp=81f88b70&shcp=43f4a2f9&idc=my&ftpl=1,,825.7K,games
https://www.tiktok.com/@bequynhff21.2/video/7524675856975809810,https://p16-sign-sg.tiktokcdn.com/tos-alisg-p-0037/o0DxabfSIbxQoFUEUerBA4UUEbQBCQngR37odP~tplv-photomode-zoomcover:480:480.jpeg?dr=14555&x-expires=1752764400&x-signature=wQQ9QvBNcFsGRyY%2F59laI4JvrmQ%3D&t=4d5b0474&ps=13740610&shp=81f88b70&shcp=43f4a2f9&idc=my&ftpl=1,,135.4K,games
https://www.tiktok.com/@hidding0911/video/7524179713573571848,https://p16-sign-sg.tiktokcdn.com/tos-alisg-p-0037/oc5DAKQIrezGwEbQANoUoeIsLEArBA1aafdrAE~tplv-photomode-zoomcover:480:480.jpeg?dr=14555&x-expires=1752764400&x-signature=1nRBT%2B3qG0BQQ6tbrUjF2LMZJNc%3D&t=4d5b0474&ps=13740610&shp=81f88b70&shcp=43f4a2f9&idc=my&ftpl=1,,12.8K,games
https://www.tiktok.com/@dautay196_/video/7525498100991937812,https://p16-sign-sg.tiktokcdn.com/tos-alisg-p-0037/ogBQ3BDdEDCEmNewfIAAI3ZFNfv4couAKj8jo8~tplv-photomode-zoomcover:480:480.jpeg?dr=14555&x-expires=1752764400&x-signature=8%2B47Wj%2F8%2B24ZeQXNsKAQI%2FxXbhM%3D&t=4d5b0474&ps=13740610&shp=81f88b70&shcp=43f4a2f9&idc=my&ftpl=1,,148.7K,games
https://www.tiktok.com/@garancg/video/7525796288667946261,https://p16-sign-sg.tiktokcdn.com/tos-alisg-p-0037/oc3gi3QUguAZghPAgN8YgPfIfofn55DD9Mf4Ke~tplv-photomode-zoomcover:480:480.jpeg?dr=14555&x-expires=1752764400&x-signature=hqIZQojtFlTDQSMh%2FEk%2BopoajDA%3D&t=4d5b0474&ps=13740610&shp=81f88b70&shcp=43f4a2f9&idc=my&ftpl=1,,45.1K,games
https://www.tiktok.com/@hanissey.baohan/video/7519737030625070343,https://p16-sign-sg.tiktokcdn.com/tos-alisg-p-0037/o8FjQL0oWAtlBWyHExo3aReBUX2fQ0zlEoygQD~tplv-photomode-zoomcover:480:480.jpeg?dr=14555&x-expires=1752764400&x-signature=PP5i0OrmUhJam%2Btk98gnGYpbHAM%3D&t=4d5b0474&ps=13740610&shp=81f88b70&shcp=43f4a2f9&idc=my&ftpl=1,,87.7K,games
https://www.tiktok.com/@pech.selaa/video/7522428988225260805,https://p16-sign-va.tiktokcdn.com/tos-maliva-p-0068/oIcBIfBoBQIQrLRCuE8qfCLAK7zDZFuhQJSEYE~tplv-photomode-zoomcover:480:480.jpeg?dr=14555&x-expires=1752764400&x-signature=5w0%2FG%2B%2BGFrqzXLO1jh90escIl1o%3D&t=4d5b0474&ps=13740610&shp=81f88b70&shcp=43f4a2f9&idc=my&ftpl=1,,341.1K,games
https://www.tiktok.com/@jeeker97/video/7524196245821246740,https://p16-sign-sg.tiktokcdn.com/tos-alisg-p-0037/o4GIg3aIue5UBgopQF1BEhEJrDyKfwALRCBCJU~tplv-photomode-zoomcover:480:480.jpeg?dr=14555&x-expires=1752764400&x-signature=RR3%2BLquwDOiFf34QWwMM%2FKMTRIY%3D&t=4d5b0474&ps=13740610&shp=81f88b70&shcp=43f4a2f9&idc=my&ftpl=1,,111.4K,games
https://www.tiktok.com/@hongle9911/video/7524219215927266567,https://p16-sign-sg.tiktokcdn.com/tos-alisg-p-0037/oEkva2FYxItIVjiGcAEisgarr9jBlA4cBBYZ2~tplv-photomode-zoomcover:480:480.jpeg?dr=14555&x-expires=1752764400&x-signature=e8afxY64ThtYyFisKIrvpXCp63I%3D&t=4d5b0474&ps=13740610&shp=81f88b70&shcp=43f4a2f9&idc=my&ftpl=1,,38.9K,games
https://www.tiktok.com/@peo151012_25/video/7525640734586752263,https://p16-sign-sg.tiktokcdn.com/tos-alisg-p-0037/okIaI4veOmDEeEIjvc4QsALQTT6GDRADA0eRwC~tplv-photomode-zoomcover:480:480.jpeg?dr=14555&x-expires=1752764400&x-signature=IjCjt2q8Bjn%2F97OiO1hdgDVl58E%3D&t=4d5b0474&ps=13740610&shp=81f88b70&shcp=43f4a2f9&idc=my&ftpl=1,,171.1K,games
