user_title,user_subtitle,avatar_url,counts,bio,links,username
sapgaobaobao,Sạp Gạo Bảo Bảo,https://p16-sign-sg.tiktokcdn.com/tos-alisg-avt-0068/5974e9d59c48bbea8176609532523a45~tplv-tiktokx-cropcenter:1080:1080.jpeg?dr=14579&refresh_token=c20706d9&x-expires=1752764400&x-signature=vvmqDNJW7F5QrgZLcMFg%2FWtbXIs%3D&t=4d5b0474&ps=13740610&shp=a5d48078&shcp=81f88b70&idc=my,"{'following': '63', 'followers': '13.2K', 'likes': '398.4K'}","I love tiktok
Tiktok is the best
Sáng quay phim
Tối bán gạo",[],sapgaobaobao
plxhvn2,Tin Nóng Hàng Ngày,https://p16-sign-va.tiktokcdn.com/tos-maliva-avt-0068/dac88c1ce9d059dcc70d7144dfde9553~tplv-tiktokx-cropcenter:1080:1080.jpeg?dr=14579&refresh_token=3036215c&x-expires=1752764400&x-signature=1fJATIIoFyk%2FIrJlf2P36Khp%2F14%3D&t=4d5b0474&ps=13740610&shp=a5d48078&shcp=81f88b70&idc=my,"{'following': '0', 'followers': '241.9K', 'likes': '12.8M'}","Cập nhật tin tức pháp luật xã hội mới nhất, tin nóng thời sự hàng ngày #plxhvn",[],plxhvn2
ngcuong379,Bố Bé Mỡ,https://p16-sign-sg.tiktokcdn.com/tos-alisg-avt-0068/ba486e3faa5ece959575ced93a47213c~tplv-tiktokx-cropcenter:1080:1080.jpeg?dr=14579&refresh_token=8545426f&x-expires=1752764400&x-signature=J6MODWKeOxcbmrbY0zcT226%2BjXY%3D&t=4d5b0474&ps=13740610&shp=a5d48078&shcp=81f88b70&idc=my,"{'following': '498', 'followers': '16.6K', 'likes': '1.2M'}",No bio yet.,[],ngcuong379
huongstore.06,Kem che khuyết điểm 🐰,,"{'following': '39', 'followers': '44.1K', 'likes': '3.4M'}","Kem che khuyết điểm ở giỏ hàng nhé 🚩
@Hương fashion 🐰","[{'url': 'https://www.tiktok.com/link/v2?aid=1988&lang=en&scene=bio_url&target=https%3A%2F%2Fwww.facebook.com%2Fshare%2F1ZzKSrBJ7f%2F%3Fmibextid%3DwwXIfr', 'text': 'www.facebook.com/share/1ZzKSrBJ7f/?mibextid=wwXIfr'}]",huongstore.06
dipquanne,Dịp Quân,,"{'following': '6', 'followers': '51.7K', 'likes': '5.8M'}","Hành trình iu nhau của chúng mình 💙
@Ngọc Diệpp 
For work: dipquanne_ (IG)","[{'url': 'https://www.tiktok.com/link/v2?aid=1988&lang=en&scene=bio_url&target=https%3A%2F%2Fbeacons.ai%2Fdipquanne', 'text': 'beacons.ai/dipquanne'}]",dipquanne
haisanthanhvan,haisanthanhvan,,"{'following': '746', 'followers': '3987', 'likes': '318.3K'}",https://www.facebook.com/share/1AbWitnhGA/?mibextid=wwXIfr,[],haisanthanhvan
phuonganhle305,Phanh nè🌸,https://p16-sign-sg.tiktokcdn.com/tos-alisg-avt-0068/bc4e26c63bcd87b682bc461c8abfbc5a~tplv-tiktokx-cropcenter:1080:1080.jpeg?dr=14579&refresh_token=441cf455&x-expires=1752764400&x-signature=ku0kCW2QmEJwOjVTSO9dgjYiW4M%3D&t=4d5b0474&ps=13740610&shp=a5d48078&shcp=81f88b70&idc=my,"{'following': '44', 'followers': '684.6K', 'likes': '37M'}","Dr for work 📨
IG: phuonganh8677

acc phụ: @phanhday06","[{'url': 'https://www.tiktok.com/link/v2?aid=1988&lang=en&scene=bio_url&target=https%3A%2F%2Fphuonganh23502.passio.eco', 'text': 'phuonganh23502.passio.eco'}]",phuonganhle305
luky889889,Hoàng Tử Đau đẻ,https://p16-sign-sg.tiktokcdn.com/tos-alisg-avt-0068/a0d5422851aa238d217b68b6f0423855~tplv-tiktokx-cropcenter:1080:1080.jpeg?dr=14579&refresh_token=37e0b16a&x-expires=1752764400&x-signature=CM%2FK3UtcoN7FwKRdvLYwk19Z3Cc%3D&t=4d5b0474&ps=13740610&shp=a5d48078&shcp=81f88b70&idc=my,"{'following': '17', 'followers': '15.2K', 'likes': '877.9K'}",Muốn Khởi nghiệp với máy đau đẻ :08694chín ko tám 8️⃣ hai,[],luky889889
peter_mai_,peter_mai_,https://p77-sign-va.tiktokcdn.com/tos-maliva-avt-0068/ad1907ea97c875180f17fef351e0a06e~tplv-tiktokx-cropcenter:1080:1080.jpeg?dr=14579&refresh_token=7a52b569&x-expires=1752764400&x-signature=xz0L%2F3Ii4J9wMS3PwX%2F%2FkNAwXFk%3D&t=4d5b0474&ps=13740610&shp=a5d48078&shcp=81f88b70&idc=my,"{'following': '0', 'followers': '843.5K', 'likes': '40.3M'}","mountain boy 🏔️🇦🇹
adventures
this is a happy place
peter@mostwantedmodels.com",[],peter_mai_
plxhvn2,Tin Nóng Hàng Ngày,https://p16-sign-va.tiktokcdn.com/tos-maliva-avt-0068/dac88c1ce9d059dcc70d7144dfde9553~tplv-tiktokx-cropcenter:1080:1080.jpeg?dr=14579&refresh_token=3036215c&x-expires=1752764400&x-signature=1fJATIIoFyk%2FIrJlf2P36Khp%2F14%3D&t=4d5b0474&ps=13740610&shp=a5d48078&shcp=81f88b70&idc=my,"{'following': '0', 'followers': '241.9K', 'likes': '12.8M'}","Cập nhật tin tức pháp luật xã hội mới nhất, tin nóng thời sự hàng ngày #plxhvn",[],plxhvn2
nottuman,Thập cẩm,https://p16-sign-va.tiktokcdn.com/tos-maliva-avt-0068/95dc58a158702c49401d18bcf43e0b20~tplv-tiktokx-cropcenter:1080:1080.jpeg?dr=14579&refresh_token=3bb6c972&x-expires=1752764400&x-signature=ubkLzArdH2Ho4lw0hd8s7AKn8kY%3D&t=4d5b0474&ps=13740610&shp=a5d48078&shcp=81f88b70&idc=my,"{'following': '165', 'followers': '4126', 'likes': '700.4K'}","136 Sương Nguyệt Anh Phường Bến Thành 

Ig: sna.hood",[],nottuman
pth_.69,Fuong Thah,,"{'following': '342', 'followers': '50.4K', 'likes': '4.4M'}","ig: ftah_.69 
acc phụ: @pth69_ 
@6 con hàu sữa
📩👇🏿","[{'url': 'https://www.tiktok.com/link/v2?aid=1988&lang=en&scene=bio_url&target=6conhausua1256910%40gmail.com', 'text': '6conhausua1256910@gmail.com'}]",pth_.69
dramin.vn,DRAMIN,https://p16-sign-sg.tiktokcdn.com/tos-alisg-avt-0068/945527b2bf4251b24fbd34f33d66880a~tplv-tiktokx-cropcenter:1080:1080.jpeg?dr=14579&refresh_token=58126eb8&x-expires=1752764400&x-signature=qEyj4BoTJv56CGJP1UxyLkkNJFo%3D&t=4d5b0474&ps=13740610&shp=a5d48078&shcp=81f88b70&idc=my,"{'following': '18', 'followers': '216.7K', 'likes': '23.8M'}","Thiếu gì thì thiếu, đừng thiếu Vitamin Drama mỗi ngày
ZALO: 085 775 9559",[],dramin.vn
new.york.mystery,New York Mystery,https://p16-sign-va.tiktokcdn.com/tos-maliva-avt-0068/323efa79a859067691b575931748d377~tplv-tiktokx-cropcenter:1080:1080.jpeg?dr=14579&refresh_token=27a30c2d&x-expires=1752764400&x-signature=ZVbT8b%2BzIupuC0J6e2UOWrI3iIM%3D&t=4d5b0474&ps=13740610&shp=a5d48078&shcp=81f88b70&idc=my,"{'following': '13', 'followers': '1.7M', 'likes': '17.3M'}",🇺🇸🐝Uncovering Mysteries In The United States🐝🇺🇸,[],new.york.mystery
chanhvivu,Chanh Vivu,,"{'following': '39', 'followers': '515.9K', 'likes': '9.8M'}","Contact for work 
booking.chanh@gmail.com
@Chanh Daily",[],chanhvivu
ttcppmc.tdtc,CỤC DIỆN THẾ GIỚI TDTC,https://p16-sign-sg.tiktokcdn.com/tos-alisg-avt-0068/31bc9868bd83947681313b3492234242~tplv-tiktokx-cropcenter:1080:1080.jpeg?dr=14579&refresh_token=e65ac6d6&x-expires=1752764400&x-signature=k4f%2BDj6HEhtZ82upuuDLQ0BnnaY%3D&t=4d5b0474&ps=13740610&shp=a5d48078&shcp=81f88b70&idc=my,"{'following': '2', 'followers': '148.1K', 'likes': '2.5M'}","""CHỈ BÀN LÀM KHÔNG BÀN LÙI VIỆT NAM TIẾN LÊN""",[],ttcppmc.tdtc
plxhvn2,Tin Nóng Hàng Ngày,https://p16-sign-va.tiktokcdn.com/tos-maliva-avt-0068/dac88c1ce9d059dcc70d7144dfde9553~tplv-tiktokx-cropcenter:1080:1080.jpeg?dr=14579&refresh_token=3036215c&x-expires=1752764400&x-signature=1fJATIIoFyk%2FIrJlf2P36Khp%2F14%3D&t=4d5b0474&ps=13740610&shp=a5d48078&shcp=81f88b70&idc=my,"{'following': '0', 'followers': '241.9K', 'likes': '12.8M'}","Cập nhật tin tức pháp luật xã hội mới nhất, tin nóng thời sự hàng ngày #plxhvn",[],plxhvn2
dangvuongne,Đăng Vương.,https://p16-sign-sg.tiktokcdn.com/tos-alisg-avt-0068/62896939f5b5730b61ce0b8f9441ffb4~tplv-tiktokx-cropcenter:1080:1080.jpeg?dr=14579&refresh_token=599641da&x-expires=1752764400&x-signature=CpkVvTqIvvyziO%2Fd4aaP0V0jHRY%3D&t=4d5b0474&ps=13740610&shp=a5d48078&shcp=81f88b70&idc=my,"{'following': '5', 'followers': '7929', 'likes': '922.8K'}","Contact For Work: 0967.088.950☎️☎️☎️
Đồ mình dùng ở dưới 👇","[{'url': 'https://www.tiktok.com/link/v2?aid=1988&lang=en&scene=bio_url&target=https%3A%2F%2Fbeacons.ai%2Fdangvuong12', 'text': 'beacons.ai/dangvuong12'}]",dangvuongne
ancungkhay,Coloring ASMR,https://p16-sign-va.tiktokcdn.com/tos-maliva-avt-0068/26436e60dedfa5d0816e9d2e116967e3~tplv-tiktokx-cropcenter:1080:1080.jpeg?dr=14579&refresh_token=99897e0e&x-expires=1752764400&x-signature=pxwiLwdaOhUXGWZGJXQsdBTAQyk%3D&t=4d5b0474&ps=13740610&shp=a5d48078&shcp=81f88b70&idc=my,"{'following': '57', 'followers': '21K', 'likes': '721.3K'}",No bio yet.,[],ancungkhay
dinhquyettam,Bố Của Bống,https://p16-sign-sg.tiktokcdn.com/tos-alisg-avt-0068/80d63df4482b76f1d528801558406903~tplv-tiktokx-cropcenter:1080:1080.jpeg?dr=14579&refresh_token=73f88ad8&x-expires=1752764400&x-signature=xYNcVDwiO4vSDluF2iyZ%2Fv8PAww%3D&t=4d5b0474&ps=13740610&shp=a5d48078&shcp=81f88b70&idc=my,"{'following': '237', 'followers': '75.7K', 'likes': '1.4M'}","Táo đỏ tân cương - thảo dược 
Live: 20h00 hàng ngày",[],dinhquyettam
phucsyno96,Phúc Syno,https://p16-sign-useast2a.tiktokcdn.com/tos-useast2a-avt-0068-euttp/7316872561013784608~tplv-tiktokx-cropcenter:1080:1080.jpeg?dr=14579&refresh_token=a9eeb00b&x-expires=1752764400&x-signature=OEw8%2Fo1Q5LTTMwHMMy1hCiXTRgM%3D&t=4d5b0474&ps=13740610&shp=a5d48078&shcp=81f88b70&idc=my,"{'following': '23', 'followers': '1.2M', 'likes': '18.7M'}","Kênh Cảm Động Không Có Hề
👉 Lh Review - Xây kênh: 0896.405.582","[{'url': 'https://www.tiktok.com/link/v2?aid=1988&lang=en&scene=bio_url&target=https%3A%2F%2Fbeacons.page%2Fphucsyno', 'text': 'beacons.page/phucsyno'}]",phucsyno96
dienvienmanhtruong,Nguyen Manh Truong,https://p16-sign-sg.tiktokcdn.com/tos-alisg-avt-0068/7336587215788572673~tplv-tiktokx-cropcenter:1080:1080.jpeg?dr=14579&refresh_token=be91df16&x-expires=1752764400&x-signature=Xhd2eQIxvlgxuRpVGNabxjm0qyU%3D&t=4d5b0474&ps=13740610&shp=a5d48078&shcp=81f88b70&idc=my,"{'following': '2', 'followers': '292.4K', 'likes': '3M'}",https://vt.tiktok.com/ZSMdnckmn/,[],dienvienmanhtruong
cobedotdiem,Chúa tể đồ,https://p16-sign-useast2a.tiktokcdn.com/tos-useast2a-avt-0068-giso/6ccf86250f92de46176d7ef343a951f8~tplv-tiktokx-cropcenter:1080:1080.jpeg?dr=14579&refresh_token=c53f1656&x-expires=1752764400&x-signature=h0LnUvMAvOfRytjWxtcNgDn4gkw%3D&t=4d5b0474&ps=13740610&shp=a5d48078&shcp=81f88b70&idc=my,"{'following': '0', 'followers': '618.7K', 'likes': '45M'}",Mấy món đồ trong trang mình đây nè,"[{'url': 'https://www.tiktok.com/link/v2?aid=1988&lang=en&scene=bio_url&target=https%3A%2F%2Flinktr.ee%2Fchuatedo', 'text': 'linktr.ee/chuatedo'}]",cobedotdiem
taisuan,Tài Xưng,,"{'following': '763', 'followers': '292.2K', 'likes': '36.6M'}","ig:taine_009
Cv : xuantai4499@gmail.com",[],taisuan
sapgaobaobao,Sạp Gạo Bảo Bảo,https://p16-sign-sg.tiktokcdn.com/tos-alisg-avt-0068/5974e9d59c48bbea8176609532523a45~tplv-tiktokx-cropcenter:1080:1080.jpeg?dr=14579&refresh_token=c20706d9&x-expires=1752764400&x-signature=vvmqDNJW7F5QrgZLcMFg%2FWtbXIs%3D&t=4d5b0474&ps=13740610&shp=a5d48078&shcp=81f88b70&idc=my,"{'following': '63', 'followers': '13.2K', 'likes': '398.4K'}","I love tiktok
Tiktok is the best
Sáng quay phim
Tối bán gạo",[],sapgaobaobao
plxhvn2,Tin Nóng Hàng Ngày,https://p16-sign-va.tiktokcdn.com/tos-maliva-avt-0068/dac88c1ce9d059dcc70d7144dfde9553~tplv-tiktokx-cropcenter:1080:1080.jpeg?dr=14579&refresh_token=3036215c&x-expires=1752764400&x-signature=1fJATIIoFyk%2FIrJlf2P36Khp%2F14%3D&t=4d5b0474&ps=13740610&shp=a5d48078&shcp=81f88b70&idc=my,"{'following': '0', 'followers': '241.9K', 'likes': '12.8M'}","Cập nhật tin tức pháp luật xã hội mới nhất, tin nóng thời sự hàng ngày #plxhvn",[],plxhvn2
ngcuong379,Bố Bé Mỡ,https://p16-sign-sg.tiktokcdn.com/tos-alisg-avt-0068/ba486e3faa5ece959575ced93a47213c~tplv-tiktokx-cropcenter:1080:1080.jpeg?dr=14579&refresh_token=8545426f&x-expires=1752764400&x-signature=J6MODWKeOxcbmrbY0zcT226%2BjXY%3D&t=4d5b0474&ps=13740610&shp=a5d48078&shcp=81f88b70&idc=my,"{'following': '498', 'followers': '16.6K', 'likes': '1.2M'}",No bio yet.,[],ngcuong379
huongstore.06,Kem che khuyết điểm 🐰,,"{'following': '39', 'followers': '44.1K', 'likes': '3.4M'}","Kem che khuyết điểm ở giỏ hàng nhé 🚩
@Hương fashion 🐰","[{'url': 'https://www.tiktok.com/link/v2?aid=1988&lang=en&scene=bio_url&target=https%3A%2F%2Fwww.facebook.com%2Fshare%2F1ZzKSrBJ7f%2F%3Fmibextid%3DwwXIfr', 'text': 'www.facebook.com/share/1ZzKSrBJ7f/?mibextid=wwXIfr'}]",huongstore.06
dipquanne,Dịp Quân,,"{'following': '6', 'followers': '51.7K', 'likes': '5.8M'}","Hành trình iu nhau của chúng mình 💙
@Ngọc Diệpp 
For work: dipquanne_ (IG)","[{'url': 'https://www.tiktok.com/link/v2?aid=1988&lang=en&scene=bio_url&target=https%3A%2F%2Fbeacons.ai%2Fdipquanne', 'text': 'beacons.ai/dipquanne'}]",dipquanne
haisanthanhvan,haisanthanhvan,https://p16-sign-sg.tiktokcdn.com/tos-alisg-avt-0068/1121a34111a295f61e8bf80a75804acb~tplv-tiktokx-cropcenter:1080:1080.jpeg?dr=14579&refresh_token=f542494d&x-expires=1752764400&x-signature=r3JPPA8lX7w3DhoE0IkrUgakVpk%3D&t=4d5b0474&ps=13740610&shp=a5d48078&shcp=81f88b70&idc=my,"{'following': '746', 'followers': '3987', 'likes': '318.3K'}",https://www.facebook.com/share/1AbWitnhGA/?mibextid=wwXIfr,[],haisanthanhvan
phuonganhle305,Phanh nè🌸,https://p16-sign-sg.tiktokcdn.com/tos-alisg-avt-0068/bc4e26c63bcd87b682bc461c8abfbc5a~tplv-tiktokx-cropcenter:1080:1080.jpeg?dr=14579&refresh_token=441cf455&x-expires=1752764400&x-signature=ku0kCW2QmEJwOjVTSO9dgjYiW4M%3D&t=4d5b0474&ps=13740610&shp=a5d48078&shcp=81f88b70&idc=my,"{'following': '44', 'followers': '684.6K', 'likes': '37M'}","Dr for work 📨
IG: phuonganh8677

acc phụ: @phanhday06","[{'url': 'https://www.tiktok.com/link/v2?aid=1988&lang=en&scene=bio_url&target=https%3A%2F%2Fphuonganh23502.passio.eco', 'text': 'phuonganh23502.passio.eco'}]",phuonganhle305
luky889889,Hoàng Tử Đau đẻ,https://p16-sign-sg.tiktokcdn.com/tos-alisg-avt-0068/a0d5422851aa238d217b68b6f0423855~tplv-tiktokx-cropcenter:1080:1080.jpeg?dr=14579&refresh_token=37e0b16a&x-expires=1752764400&x-signature=CM%2FK3UtcoN7FwKRdvLYwk19Z3Cc%3D&t=4d5b0474&ps=13740610&shp=a5d48078&shcp=81f88b70&idc=my,"{'following': '17', 'followers': '15.2K', 'likes': '878K'}",Muốn Khởi nghiệp với máy đau đẻ :08694chín ko tám 8️⃣ hai,[],luky889889
peter_mai_,peter_mai_,https://p77-sign-va.tiktokcdn.com/tos-maliva-avt-0068/ad1907ea97c875180f17fef351e0a06e~tplv-tiktokx-cropcenter:1080:1080.jpeg?dr=14579&refresh_token=7a52b569&x-expires=1752764400&x-signature=xz0L%2F3Ii4J9wMS3PwX%2F%2FkNAwXFk%3D&t=4d5b0474&ps=13740610&shp=a5d48078&shcp=81f88b70&idc=my,"{'following': '0', 'followers': '843.5K', 'likes': '40.3M'}","mountain boy 🏔️🇦🇹
adventures
this is a happy place
peter@mostwantedmodels.com",[],peter_mai_
plxhvn2,Tin Nóng Hàng Ngày,https://p16-sign-va.tiktokcdn.com/tos-maliva-avt-0068/dac88c1ce9d059dcc70d7144dfde9553~tplv-tiktokx-cropcenter:1080:1080.jpeg?dr=14579&refresh_token=3036215c&x-expires=1752764400&x-signature=1fJATIIoFyk%2FIrJlf2P36Khp%2F14%3D&t=4d5b0474&ps=13740610&shp=a5d48078&shcp=81f88b70&idc=my,"{'following': '0', 'followers': '241.9K', 'likes': '12.8M'}","Cập nhật tin tức pháp luật xã hội mới nhất, tin nóng thời sự hàng ngày #plxhvn",[],plxhvn2
nottuman,Thập cẩm,https://p16-sign-va.tiktokcdn.com/tos-maliva-avt-0068/95dc58a158702c49401d18bcf43e0b20~tplv-tiktokx-cropcenter:1080:1080.jpeg?dr=14579&refresh_token=3bb6c972&x-expires=1752764400&x-signature=ubkLzArdH2Ho4lw0hd8s7AKn8kY%3D&t=4d5b0474&ps=13740610&shp=a5d48078&shcp=81f88b70&idc=my,"{'following': '165', 'followers': '4126', 'likes': '700.5K'}","136 Sương Nguyệt Anh Phường Bến Thành 

Ig: sna.hood",[],nottuman
pth_.69,Fuong Thah,,"{'following': '342', 'followers': '50.4K', 'likes': '4.4M'}","ig: ftah_.69 
acc phụ: @pth69_ 
@6 con hàu sữa
📩👇🏿","[{'url': 'https://www.tiktok.com/link/v2?aid=1988&lang=en&scene=bio_url&target=6conhausua1256910%40gmail.com', 'text': '6conhausua1256910@gmail.com'}]",pth_.69
dramin.vn,DRAMIN,https://p16-sign-sg.tiktokcdn.com/tos-alisg-avt-0068/945527b2bf4251b24fbd34f33d66880a~tplv-tiktokx-cropcenter:1080:1080.jpeg?dr=14579&refresh_token=58126eb8&x-expires=1752764400&x-signature=qEyj4BoTJv56CGJP1UxyLkkNJFo%3D&t=4d5b0474&ps=13740610&shp=a5d48078&shcp=81f88b70&idc=my,"{'following': '18', 'followers': '216.7K', 'likes': '23.8M'}","Thiếu gì thì thiếu, đừng thiếu Vitamin Drama mỗi ngày
ZALO: 085 775 9559",[],dramin.vn
new.york.mystery,New York Mystery,https://p16-sign-va.tiktokcdn.com/tos-maliva-avt-0068/323efa79a859067691b575931748d377~tplv-tiktokx-cropcenter:1080:1080.jpeg?dr=14579&refresh_token=27a30c2d&x-expires=1752764400&x-signature=ZVbT8b%2BzIupuC0J6e2UOWrI3iIM%3D&t=4d5b0474&ps=13740610&shp=a5d48078&shcp=81f88b70&idc=my,"{'following': '13', 'followers': '1.7M', 'likes': '17.3M'}",🇺🇸🐝Uncovering Mysteries In The United States🐝🇺🇸,[],new.york.mystery
chanhvivu,Chanh Vivu,,"{'following': '39', 'followers': '515.9K', 'likes': '9.8M'}","Contact for work 
booking.chanh@gmail.com
@Chanh Daily",[],chanhvivu
ttcppmc.tdtc,CỤC DIỆN THẾ GIỚI TDTC,https://p16-sign-sg.tiktokcdn.com/tos-alisg-avt-0068/31bc9868bd83947681313b3492234242~tplv-tiktokx-cropcenter:1080:1080.jpeg?dr=14579&refresh_token=e65ac6d6&x-expires=1752764400&x-signature=k4f%2BDj6HEhtZ82upuuDLQ0BnnaY%3D&t=4d5b0474&ps=13740610&shp=a5d48078&shcp=81f88b70&idc=my,"{'following': '2', 'followers': '148.1K', 'likes': '2.5M'}","""CHỈ BÀN LÀM KHÔNG BÀN LÙI VIỆT NAM TIẾN LÊN""",[],ttcppmc.tdtc
plxhvn2,Tin Nóng Hàng Ngày,https://p16-sign-va.tiktokcdn.com/tos-maliva-avt-0068/dac88c1ce9d059dcc70d7144dfde9553~tplv-tiktokx-cropcenter:1080:1080.jpeg?dr=14579&refresh_token=3036215c&x-expires=1752764400&x-signature=1fJATIIoFyk%2FIrJlf2P36Khp%2F14%3D&t=4d5b0474&ps=13740610&shp=a5d48078&shcp=81f88b70&idc=my,"{'following': '0', 'followers': '241.9K', 'likes': '12.8M'}","Cập nhật tin tức pháp luật xã hội mới nhất, tin nóng thời sự hàng ngày #plxhvn",[],plxhvn2
dangvuongne,Đăng Vương.,https://p16-sign-sg.tiktokcdn.com/tos-alisg-avt-0068/62896939f5b5730b61ce0b8f9441ffb4~tplv-tiktokx-cropcenter:1080:1080.jpeg?dr=14579&refresh_token=599641da&x-expires=1752764400&x-signature=CpkVvTqIvvyziO%2Fd4aaP0V0jHRY%3D&t=4d5b0474&ps=13740610&shp=a5d48078&shcp=81f88b70&idc=my,"{'following': '5', 'followers': '7938', 'likes': '923.2K'}","Contact For Work: 0967.088.950☎️☎️☎️
Đồ mình dùng ở dưới 👇","[{'url': 'https://www.tiktok.com/link/v2?aid=1988&lang=en&scene=bio_url&target=https%3A%2F%2Fbeacons.ai%2Fdangvuong12', 'text': 'beacons.ai/dangvuong12'}]",dangvuongne
ancungkhay,Coloring ASMR,https://p16-sign-va.tiktokcdn.com/tos-maliva-avt-0068/26436e60dedfa5d0816e9d2e116967e3~tplv-tiktokx-cropcenter:1080:1080.jpeg?dr=14579&refresh_token=99897e0e&x-expires=1752764400&x-signature=pxwiLwdaOhUXGWZGJXQsdBTAQyk%3D&t=4d5b0474&ps=13740610&shp=a5d48078&shcp=81f88b70&idc=my,"{'following': '57', 'followers': '21K', 'likes': '721.5K'}",No bio yet.,[],ancungkhay
dinhquyettam,Bố Của Bống,https://p9-sign-sg.tiktokcdn.com/tos-alisg-avt-0068/80d63df4482b76f1d528801558406903~tplv-tiktokx-cropcenter:1080:1080.jpeg?dr=14579&refresh_token=5abe5a76&x-expires=1752764400&x-signature=Mu76NaoJ%2FO4ed74j0UZTftz37lU%3D&t=4d5b0474&ps=13740610&shp=a5d48078&shcp=81f88b70&idc=my,"{'following': '237', 'followers': '75.7K', 'likes': '1.4M'}","Táo đỏ tân cương - thảo dược 
Live: 20h00 hàng ngày",[],dinhquyettam
phucsyno96,Phúc Syno,https://p16-sign-useast2a.tiktokcdn.com/tos-useast2a-avt-0068-euttp/7316872561013784608~tplv-tiktokx-cropcenter:1080:1080.jpeg?dr=14579&refresh_token=a9eeb00b&x-expires=1752764400&x-signature=OEw8%2Fo1Q5LTTMwHMMy1hCiXTRgM%3D&t=4d5b0474&ps=13740610&shp=a5d48078&shcp=81f88b70&idc=my,"{'following': '23', 'followers': '1.2M', 'likes': '18.7M'}","Kênh Cảm Động Không Có Hề
👉 Lh Review - Xây kênh: 0896.405.582","[{'url': 'https://www.tiktok.com/link/v2?aid=1988&lang=en&scene=bio_url&target=https%3A%2F%2Fbeacons.page%2Fphucsyno', 'text': 'beacons.page/phucsyno'}]",phucsyno96
dienvienmanhtruong,Nguyen Manh Truong,https://p16-sign-sg.tiktokcdn.com/tos-alisg-avt-0068/7336587215788572673~tplv-tiktokx-cropcenter:1080:1080.jpeg?dr=14579&refresh_token=be91df16&x-expires=1752764400&x-signature=Xhd2eQIxvlgxuRpVGNabxjm0qyU%3D&t=4d5b0474&ps=13740610&shp=a5d48078&shcp=81f88b70&idc=my,"{'following': '2', 'followers': '292.4K', 'likes': '3M'}",https://vt.tiktok.com/ZSMdnckmn/,[],dienvienmanhtruong
cobedotdiem,Chúa tể đồ,https://p16-sign-useast2a.tiktokcdn.com/tos-useast2a-avt-0068-giso/6ccf86250f92de46176d7ef343a951f8~tplv-tiktokx-cropcenter:1080:1080.jpeg?dr=14579&refresh_token=c53f1656&x-expires=1752764400&x-signature=h0LnUvMAvOfRytjWxtcNgDn4gkw%3D&t=4d5b0474&ps=13740610&shp=a5d48078&shcp=81f88b70&idc=my,"{'following': '0', 'followers': '618.7K', 'likes': '45M'}",Mấy món đồ trong trang mình đây nè,"[{'url': 'https://www.tiktok.com/link/v2?aid=1988&lang=en&scene=bio_url&target=https%3A%2F%2Flinktr.ee%2Fchuatedo', 'text': 'linktr.ee/chuatedo'}]",cobedotdiem
taisuan,Tài Xưng,https://p16-sign-sg.tiktokcdn.com/tos-alisg-avt-0068/cb605da0169990d08c95ba05c27393be~tplv-tiktokx-cropcenter:1080:1080.jpeg?dr=14579&refresh_token=6d67881e&x-expires=1752764400&x-signature=Py%2FIUEEmXmAkOCqqeq0%2BOPdzR54%3D&t=4d5b0474&ps=13740610&shp=a5d48078&shcp=81f88b70&idc=my,"{'following': '763', 'followers': '292.2K', 'likes': '36.6M'}","ig:taine_009
Cv : xuantai4499@gmail.com",[],taisuan
