url,thumbnail,description,likes,category
https://www.tiktok.com/@mintank49/video/7528253033751301383,https://p16-sign-sg.tiktokcdn.com/tos-alisg-p-0037/oAx8oIbIGcCR3CucAIekAZC3PLGf4QDIa9fjn5~tplv-photomode-zoomcover:720:720.jpeg?dr=14555&x-expires=1753693200&x-signature=BRggJ7ccEJEicZvtiZOCJVHLD8Y%3D&t=4d5b0474&ps=13740610&shp=81f88b70&shcp=43f4a2f9&idc=my2&ftpl=1,,81K,all
https://www.tiktok.com/@benlechinhtri/video/7528737727710383377,https://p16-sign-sg.tiktokcdn.com/tos-alisg-p-0037/oYQjXoQAuT29evQ2GDIpP9LDQ0CCwAeLI5ISfj~tplv-photomode-zoomcover:720:720.jpeg?dr=14555&x-expires=1753693200&x-signature=00VRsRRWyk0EsR2XvRKXBx05URs%3D&t=4d5b0474&ps=13740610&shp=81f88b70&shcp=43f4a2f9&idc=my2&ftpl=1,,47K,all
https://www.tiktok.com/@phatla/video/7528768699054984466,https://p16-sign-sg.tiktokcdn.com/tos-alisg-p-0037/ogDeAQxEfK6QIFXjyRIA8BAopjA8eBM7AB9E0M~tplv-photomode-zoomcover:720:720.jpeg?dr=14555&x-expires=1753693200&x-signature=8rkr3IG4aFxo%2B1NblG9xqAQkeTE%3D&t=4d5b0474&ps=13740610&shp=81f88b70&shcp=43f4a2f9&idc=my2&ftpl=1,,307.2K,all
https://www.tiktok.com/@vietdailylife/video/7530209956901981462,https://p16-pu-sign-no.tiktokcdn-eu.com/tos-no1a-p-0037-no/okJQgE6KR2YQoArfAkageKhhCXWDEBFgkOmFIH~tplv-photomode-zoomcover:720:720.jpeg?dr=14555&x-expires=1753693200&x-signature=4Fk1L%2BpB2PxU8HITLZgJlcsgUv0%3D&t=4d5b0474&ps=13740610&shp=81f88b70&shcp=43f4a2f9&idc=my2&ftpl=1,,34.1K,all
https://www.tiktok.com/@vtvcab.showbiz.onlive/video/7530278329295916308,https://p16-sign-sg.tiktokcdn.com/tos-alisg-p-0037/oMAAMOA6iAsCDX9IBYjlay7iEAgAD63GPnIAl~tplv-photomode-zoomcover:720:720.jpeg?dr=14555&x-expires=1753693200&x-signature=crPIX7iXeNWOxz5QG%2Buo9dUtadw%3D&t=4d5b0474&ps=13740610&shp=81f88b70&shcp=43f4a2f9&idc=my2&ftpl=1,,42.9K,all
https://www.tiktok.com/@utmini_official/video/7529341614372785415,https://p16-sign-sg.tiktokcdn.com/tos-alisg-p-0037/ogVRZ4l2LAWGYevAfaIgAvFQYG9uBfrGhX6fln~tplv-photomode-zoomcover:720:720.jpeg?dr=14555&x-expires=1753693200&x-signature=QvutBTmdSkf%2FQ4nwWZRgDZOM4rk%3D&t=4d5b0474&ps=13740610&shp=81f88b70&shcp=43f4a2f9&idc=my2&ftpl=1,,20.3K,all
https://www.tiktok.com/@beatvn_official/video/7526892526473628936,https://p9-sign-sg.tiktokcdn.com/tos-alisg-p-0037/owftycfo6EDFXyMIAQ6AuAAe0nlAXQmjDErpED~tplv-photomode-zoomcover:720:720.jpeg?dr=14555&x-expires=1753693200&x-signature=cJfUz6fkmZTtfautkLSZ2u38OYc%3D&t=4d5b0474&ps=13740610&shp=81f88b70&shcp=43f4a2f9&idc=my2&ftpl=1,,604.2K,all
https://www.tiktok.com/@chiladyvt/video/7529904819000200466,https://p16-sign-sg.tiktokcdn.com/tos-alisg-p-0037/oMIzmGfdQAQXgXARLGmIXfEAsIDGAALEhfJN6e~tplv-photomode-zoomcover:720:720.jpeg?dr=14555&x-expires=1753693200&x-signature=Mc8H%2FYqKQqDlO0wVbyrJyFwkkAY%3D&t=4d5b0474&ps=13740610&shp=81f88b70&shcp=43f4a2f9&idc=my2&ftpl=1,,136.5K,all
https://www.tiktok.com/@nh.kvy_/video/7529203494604082439,https://p16-sign-sg.tiktokcdn.com/tos-alisg-p-0037/o0F6AGeeSLVdZRjDIhIGKreGIhZzAVeiGQ9JLG~tplv-photomode-zoomcover:720:720.jpeg?dr=14555&x-expires=1753693200&x-signature=QVAuq%2FF6E6V28oTnfESFaM9Le7o%3D&t=4d5b0474&ps=13740610&shp=81f88b70&shcp=43f4a2f9&idc=my2&ftpl=1,,115.2K,all
https://www.tiktok.com/@tranvyvy2609/video/7527532315124272392,https://p16-sign-sg.tiktokcdn.com/tos-alisg-p-0037/o0ERoTI3uBX4ARDPCgfmFqAUArEesAREBydoKE~tplv-photomode-zoomcover:720:720.jpeg?dr=14555&x-expires=1753693200&x-signature=GSPmoL6X2S0PN89p1fRB3QF5NhE%3D&t=4d5b0474&ps=13740610&shp=81f88b70&shcp=43f4a2f9&idc=my2&ftpl=1,,103.7K,all
https://www.tiktok.com/@saitunminoo/video/7527943488734874887,https://p16-sign-sg.tiktokcdn.com/tos-alisg-p-0037/okjQIAxUILAee8DAQj1GoPh7UIQUEPQxbDzeCX~tplv-photomode-zoomcover:720:720.jpeg?dr=14555&x-expires=1753693200&x-signature=dmPu2MbLgt9q8iDDEVc1LjlJEUU%3D&t=4d5b0474&ps=13740610&shp=81f88b70&shcp=43f4a2f9&idc=my2&ftpl=1,,65.4K,all
https://www.tiktok.com/@kieu.anh0800/video/7530467836100103432,https://p9-sign-sg.tiktokcdn.com/tos-alisg-p-0037/oIGUDAy5ZUFBuEQoMgFfBBguwMedg0QwRKDlEI~tplv-photomode-zoomcover:720:720.jpeg?dr=14555&x-expires=1753693200&x-signature=UnqJgFNwyuaQgVAWn0%2FDSuUwgn4%3D&t=4d5b0474&ps=13740610&shp=81f88b70&shcp=43f4a2f9&idc=my2&ftpl=1,,128.4K,all
https://www.tiktok.com/@quannguyenpuleofficial/video/7529740610798898448,https://p16-sign-sg.tiktokcdn.com/tos-alisg-p-0037/oMeffxZAGGFI1tAP6RGIQhQ1fQ4arAGOgL6Rbo~tplv-photomode-zoomcover:720:720.jpeg?dr=14555&x-expires=1753693200&x-signature=WwIQ8%2B%2FYq6DzaNgIHWrDpQ5AzVE%3D&t=4d5b0474&ps=13740610&shp=81f88b70&shcp=43f4a2f9&idc=my2&ftpl=1,,47.2K,all
https://www.tiktok.com/@phuochaihuoc201/video/7524576214678261010,https://p9-sign-sg.tiktokcdn.com/tos-alisg-p-0037/osE2EmIgUdAFvEKq1lRbebfxHlDnBBdIMGjors~tplv-photomode-zoomcover:720:720.jpeg?dr=14555&x-expires=1753693200&x-signature=XNPH84mo2jAbzQCAy87EW79iEpk%3D&t=4d5b0474&ps=13740610&shp=81f88b70&shcp=43f4a2f9&idc=my2&ftpl=1,,58K,all
https://www.tiktok.com/@vtvcab.khampha.onlive/video/7528330149008330002,https://p9-sign-sg.tiktokcdn.com/tos-alisg-p-0037/oE66A6AiQGEQPAA0ADAIKA8i4fByH0BKABMBwx~tplv-photomode-zoomcover:720:720.jpeg?dr=14555&x-expires=1753693200&x-signature=Q%2B934UoovKXCSvFaLQmr7MuniJw%3D&t=4d5b0474&ps=13740610&shp=81f88b70&shcp=43f4a2f9&idc=my2&ftpl=1,,70.4K,all
https://www.tiktok.com/@bianthegioi88/video/7528481328816327959,https://p16-pu-sign-no.tiktokcdn-eu.com/tos-no1a-p-0037-no/ocAAToEQILAQduefjEFI1YDAWzmOeEAwDForA1~tplv-photomode-zoomcover:720:720.jpeg?dr=14555&x-expires=1753693200&x-signature=g7jwVYivPROK2%2FiDHDqHCOhJc9I%3D&t=4d5b0474&ps=13740610&shp=81f88b70&shcp=43f4a2f9&idc=my2&ftpl=1,,25.4K,all
https://www.tiktok.com/@ngha.nhn198/video/7529465917311487240,https://p16-sign-sg.tiktokcdn.com/tos-alisg-p-0037/oUEqAAAfFFDAMEgAIQEDp2fSQAnVANnFDoepMr~tplv-photomode-zoomcover:720:720.jpeg?dr=14555&x-expires=1753693200&x-signature=GPEehrMElhfxKMlfkM6FRX6bqww%3D&t=4d5b0474&ps=13740610&shp=81f88b70&shcp=43f4a2f9&idc=my2&ftpl=1,,46.3K,all
https://www.tiktok.com/@usa.6263/video/7529256110297992449,https://p16-sign-sg.tiktokcdn.com/tos-alisg-p-0037/oEf07hIpCYBPF9Ki7SiUjIZpA9NuIwA2qDFu9A~tplv-photomode-zoomcover:720:720.jpeg?dr=14555&x-expires=1753693200&x-signature=KqnLHXH6d3biYnPVbq9LAYrPJng%3D&t=4d5b0474&ps=13740610&shp=81f88b70&shcp=43f4a2f9&idc=my2&ftpl=1,,30.1K,all
https://www.tiktok.com/@honghot_vip/video/7528006979055291666,https://p16-sign-sg.tiktokcdn.com/tos-alisg-p-0037/osNCha1fLx3QFDA6IpP0jtTDAEAIoaCPHrefQO~tplv-photomode-zoomcover:720:720.jpeg?dr=14555&x-expires=1753693200&x-signature=lzwEdFcX8xHTdhMQBrBxi%2Bh7ClU%3D&t=4d5b0474&ps=13740610&shp=81f88b70&shcp=43f4a2f9&idc=my2&ftpl=1,,48.5K,all
https://www.tiktok.com/@tramdo.98/video/7527901773596478727,https://p16-sign-sg.tiktokcdn.com/tos-alisg-p-0037/ogMrI4qjLDAseMAuAHFwDjQADIYAXEjeQwfywE~tplv-photomode-zoomcover:720:720.jpeg?dr=14555&x-expires=1753693200&x-signature=qq4gWCST%2FkE1XS2SpfbH70ix%2BAE%3D&t=4d5b0474&ps=13740610&shp=81f88b70&shcp=43f4a2f9&idc=my2&ftpl=1,,23.4K,all
https://www.tiktok.com/@phanchau389/video/7527508918445165832,https://p9-sign-sg.tiktokcdn.com/tos-alisg-p-0037/owAfP7SejQIfDoDQEhGuGrLiAvA7AAmIgtKAQI~tplv-photomode-zoomcover:720:720.jpeg?dr=14555&x-expires=1753693200&x-signature=wrqRSWFcfe4fI6jKxAKswvPV7Tc%3D&t=4d5b0474&ps=13740610&shp=81f88b70&shcp=43f4a2f9&idc=my2&ftpl=1,,54.1K,all
https://www.tiktok.com/@baoanh.samsam/video/7522475854438436104,https://p16-sign-sg.tiktokcdn.com/tos-alisg-p-0037/oMU1AyGJSgQZLm4dAoeCjGzUeo4fzmICAID8Pg~tplv-photomode-zoomcover:720:720.jpeg?dr=14555&x-expires=1753693200&x-signature=SwO357%2Be2QW83fzzcK8K8RkkV5k%3D&t=4d5b0474&ps=13740610&shp=81f88b70&shcp=43f4a2f9&idc=my2&ftpl=1,,301.6K,all
https://www.tiktok.com/@bonboohq/video/7529164796323908882,https://p16-sign-sg.tiktokcdn.com/tos-alisg-p-0037/o0UzxL8VIAI9Bi4BVYBEQAli8PaHKtI3h4vLB~tplv-photomode-zoomcover:720:720.jpeg?dr=14555&x-expires=1753693200&x-signature=sNw2qB295TrUC4QoIFzOpqTCBLk%3D&t=4d5b0474&ps=13740610&shp=81f88b70&shcp=43f4a2f9&idc=my2&ftpl=1,,23.4K,all
