[
    {
        "category_slug": "all",
        "display": "All",
        "total_video_crawlled": 0,
        "timestamp": "2025-07-24T21:45:48.870286+07:00",
        "status": "crawling_list_video"
    },
    {
        "category_slug": "singing-and-dancing",
        "display": "Singing & Dancing",
        "total_video_crawlled": 0,
        "timestamp": "2025-07-24T21:45:48.869949+07:00",
        "status": "not_started"
    },
    {
        "category_slug": "comedy",
        "display": "Comedy",
        "total_video_crawlled": 0,
        "timestamp": "2025-07-24T21:45:48.869949+07:00",
        "status": "not_started"
    },
    {
        "category_slug": "sports",
        "display": "Sports",
        "total_video_crawlled": 0,
        "timestamp": "2025-07-24T21:45:48.869949+07:00",
        "status": "not_started"
    },
    {
        "category_slug": "anime-and-comics",
        "display": "Anime & Comics",
        "total_video_crawlled": 0,
        "timestamp": "2025-07-24T21:45:48.869949+07:00",
        "status": "not_started"
    },
    {
        "category_slug": "relationship",
        "display": "Relationship",
        "total_video_crawlled": 0,
        "timestamp": "2025-07-24T21:45:48.869949+07:00",
        "status": "not_started"
    },
    {
        "category_slug": "shows",
        "display": "Shows",
        "total_video_crawlled": 0,
        "timestamp": "2025-07-24T21:45:48.869949+07:00",
        "status": "not_started"
    },
    {
        "category_slug": "lipsync",
        "display": "Lipsync",
        "total_video_crawlled": 0,
        "timestamp": "2025-07-24T21:45:48.869949+07:00",
        "status": "not_started"
    },
    {
        "category_slug": "daily-life",
        "display": "Daily Life",
        "total_video_crawlled": 0,
        "timestamp": "2025-07-24T21:45:48.869949+07:00",
        "status": "not_started"
    },
    {
        "category_slug": "beauty-care",
        "display": "Beauty Care",
        "total_video_crawlled": 0,
        "timestamp": "2025-07-24T21:45:48.869949+07:00",
        "status": "not_started"
    },
    {
        "category_slug": "games",
        "display": "Games",
        "total_video_crawlled": 0,
        "timestamp": "2025-07-24T21:45:48.869949+07:00",
        "status": "not_started"
    },
    {
        "category_slug": "society",
        "display": "Society",
        "total_video_crawlled": 0,
        "timestamp": "2025-07-24T21:45:48.869949+07:00",
        "status": "not_started"
    },
    {
        "category_slug": "outfit",
        "display": "Outfit",
        "total_video_crawlled": 0,
        "timestamp": "2025-07-24T21:45:48.869949+07:00",
        "status": "not_started"
    },
    {
        "category_slug": "cars",
        "display": "Cars",
        "total_video_crawlled": 0,
        "timestamp": "2025-07-24T21:45:48.869949+07:00",
        "status": "not_started"
    },
    {
        "category_slug": "food",
        "display": "Food",
        "total_video_crawlled": 0,
        "timestamp": "2025-07-24T21:45:48.869949+07:00",
        "status": "not_started"
    },
    {
        "category_slug": "animals",
        "display": "Animals",
        "total_video_crawlled": 0,
        "timestamp": "2025-07-24T21:45:48.869949+07:00",
        "status": "not_started"
    },
    {
        "category_slug": "family",
        "display": "Family",
        "total_video_crawlled": 0,
        "timestamp": "2025-07-24T21:45:48.869949+07:00",
        "status": "not_started"
    },
    {
        "category_slug": "drama",
        "display": "Drama",
        "total_video_crawlled": 0,
        "timestamp": "2025-07-24T21:45:48.869949+07:00",
        "status": "not_started"
    },
    {
        "category_slug": "fitness-and-health",
        "display": "Fitness & Health",
        "total_video_crawlled": 0,
        "timestamp": "2025-07-24T21:45:48.869949+07:00",
        "status": "not_started"
    },
    {
        "category_slug": "education",
        "display": "Education",
        "total_video_crawlled": 0,
        "timestamp": "2025-07-24T21:45:48.869949+07:00",
        "status": "not_started"
    },
    {
        "category_slug": "technology",
        "display": "Technology",
        "total_video_crawlled": 0,
        "timestamp": "2025-07-24T21:45:48.869949+07:00",
        "status": "not_started"
    }
]