[
    {
        "category_slug": "all",
        "display": "All",
        "total_video_crawlled": 0,
        "timestamp": "2025-07-15T21:10:10.550538+07:00",
        "status": "crawled_list_video"
    },
    {
        "category_slug": "singing-and-dancing",
        "display": "Singing & Dancing",
        "total_video_crawlled": 0,
        "timestamp": "2025-07-15T21:10:27.140024+07:00",
        "status": "crawled_list_video"
    },
    {
        "category_slug": "comedy",
        "display": "Comedy",
        "total_video_crawlled": 0,
        "timestamp": "2025-07-15T21:10:43.747751+07:00",
        "status": "crawled_list_video"
    },
    {
        "category_slug": "sports",
        "display": "Sports",
        "total_video_crawlled": 0,
        "timestamp": "2025-07-15T21:11:00.109282+07:00",
        "status": "crawled_list_video"
    },
    {
        "category_slug": "anime-and-comics",
        "display": "Anime & Comics",
        "total_video_crawlled": 0,
        "timestamp": "2025-07-15T21:11:16.430834+07:00",
        "status": "crawled_list_video"
    },
    {
        "category_slug": "relationship",
        "display": "Relationship",
        "total_video_crawlled": 0,
        "timestamp": "2025-07-15T21:11:16.431135+07:00",
        "status": "crawling_list_video"
    },
    {
        "category_slug": "shows",
        "display": "Shows",
        "total_video_crawlled": 0,
        "timestamp": "2025-07-15T21:11:46.579718+07:00",
        "status": "crawled_list_video"
    },
    {
        "category_slug": "lipsync",
        "display": "Lipsync",
        "total_video_crawlled": 0,
        "timestamp": "2025-07-15T21:12:01.920884+07:00",
        "status": "crawled_list_video"
    },
    {
        "category_slug": "daily-life",
        "display": "Daily Life",
        "total_video_crawlled": 0,
        "timestamp": "2025-07-15T21:12:35.577931+07:00",
        "status": "crawled_list_video"
    },
    {
        "category_slug": "beauty-care",
        "display": "Beauty Care",
        "total_video_crawlled": 0,
        "timestamp": "2025-07-15T21:12:51.789764+07:00",
        "status": "crawled_list_video"
    },
    {
        "category_slug": "games",
        "display": "Games",
        "total_video_crawlled": 0,
        "timestamp": "2025-07-15T21:13:07.726266+07:00",
        "status": "crawled_list_video"
    },
    {
        "category_slug": "society",
        "display": "Society",
        "total_video_crawlled": 0,
        "timestamp": "2025-07-15T21:13:36.973012+07:00",
        "status": "crawled_list_video"
    },
    {
        "category_slug": "outfit",
        "display": "Outfit",
        "total_video_crawlled": 0,
        "timestamp": "2025-07-15T21:14:05.155104+07:00",
        "status": "crawled_list_video"
    },
    {
        "category_slug": "cars",
        "display": "Cars",
        "total_video_crawlled": 0,
        "timestamp": "2025-07-15T21:14:32.769841+07:00",
        "status": "crawled_list_video"
    },
    {
        "category_slug": "food",
        "display": "Food",
        "total_video_crawlled": 0,
        "timestamp": "2025-07-15T21:15:01.060496+07:00",
        "status": "crawled_list_video"
    },
    {
        "category_slug": "animals",
        "display": "Animals",
        "total_video_crawlled": 0,
        "timestamp": "2025-07-15T21:15:28.991648+07:00",
        "status": "crawled_list_video"
    },
    {
        "category_slug": "family",
        "display": "Family",
        "total_video_crawlled": 0,
        "timestamp": "2025-07-15T21:15:56.427255+07:00",
        "status": "crawled_list_video"
    },
    {
        "category_slug": "drama",
        "display": "Drama",
        "total_video_crawlled": 0,
        "timestamp": "2025-07-15T21:16:24.734964+07:00",
        "status": "crawled_list_video"
    },
    {
        "category_slug": "fitness-and-health",
        "display": "Fitness & Health",
        "total_video_crawlled": 0,
        "timestamp": "2025-07-15T21:16:54.212788+07:00",
        "status": "crawled_list_video"
    },
    {
        "category_slug": "education",
        "display": "Education",
        "total_video_crawlled": 0,
        "timestamp": "2025-07-15T21:17:22.624428+07:00",
        "status": "crawled_list_video"
    },
    {
        "category_slug": "technology",
        "display": "Technology",
        "total_video_crawlled": 0,
        "timestamp": "2025-07-15T21:17:50.754102+07:00",
        "status": "crawled_list_video"
    }
]