author,description,hashtags,music,engagement,video_url
"{'username': 'sapgaobaobao', 'nickname': 'Sạp Gạo Bảo Bảo'}",Trả lời,"['@thuquynh887', '#phatla', '#degrey', '#vualidon']","{'title': 'nhạc nền  - Sạp Gạo Bảo Bảo', 'link': '/music/nhạc-nền-Sạp-Gạo-Bảo-Bảo-7523913522577705744'}","{'likes': '324.8K', 'comments': '4799', 'shares': '61.5K'}",https://www.tiktok.com/@sapgaobaobao/video/7523908343476325650
"{'username': 'plxhvn2', 'nickname': 'Tin Nóng Hàng Ngày'}",Xe 04 đẳng cấp thật 😂,"['#giaothong', '#thibanglaixemay', '#phunu', '#haihuoc', '#vuive', '#vuinhon', '#haha', '#plxhvn', '#phapluatxahoi']","{'title': 'nhạc nền  - Tin Nóng Hàng Ngày', 'link': '/music/nhạc-nền-Tin-Nóng-Hàng-Ngày-7524219161837407031'}","{'likes': '138K', 'comments': '2003', 'shares': '19.2K'}",https://www.tiktok.com/@plxhvn2/video/7524219031616900366
"{'username': 'ngcuong379', 'nickname': 'Bố Bé Mỡ'}",,['@Hà Phượng'],"{'title': 'nhạc nền - Too và những chiếc quần 👖 - Tô Nam Anh 🍀', 'link': '/music/nhạc-nền-Too-và-những-chiếc-quần-👖-7102354851752971035'}","{'likes': '982.7K', 'comments': '12.4K', 'shares': '461.1K'}",https://www.tiktok.com/@ngcuong379/video/7524911077809786128
"{'username': 'huongstore.06', 'nickname': 'Kem che khuyết điểm 🐰'}",Bùn vậy,"['#kemchekhuyetdiem', '#chekhuyetdiemxuatsac', '#kemtrangda', '#xuhuongtiktok', '#chekhuyetdiem', '#kemchexam', '#nangtone']","{'title': 'Hoa Sa Đéc - 𝓑𝓸̂𝓷𝓰  🌻', 'link': '/music/Hoa-Sa-Đéc-6998407967250975514'}","{'likes': '690.3K', 'comments': '7779', 'shares': '25.7K'}",https://www.tiktok.com/@huongstore.06/video/7525692408676224272
"{'username': 'dipquanne', 'nickname': 'Dịp Quân'}",Né cái tay gặp ngay cái cột,['#couple'],"{'title': 'nhạc nền  - Dịp Quân', 'link': '/music/nhạc-nền-Dịp-Quân-7524545593814469392'}","{'likes': '486.7K', 'comments': '8181', 'shares': '146.6K'}",https://www.tiktok.com/@dipquanne/video/7524545567163256082
"{'username': 'haisanthanhvan', 'nickname': 'haisanthanhvan'}",Quá kinh khủng chưa đầy 15 dây,['#giôngbão'],"{'title': '最新事件紧急播报新闻紧张气氛战争 - 伴奏 - 大事件短视频新闻 背景音乐', 'link': '/music/最新事件紧急播报新闻紧张气氛战争-伴奏-7361704778831169552'}","{'likes': '264.8K', 'comments': '5727', 'shares': '24.6K'}",https://www.tiktok.com/@haisanthanhvan/video/7525425296992963847
"{'username': 'phuonganhle305', 'nickname': 'Phanh nè🌸'}",Ai đó hỏi 1 năm qua tôi đã cố gắng như nào 😙,['#fyp'],"{'title': 'nhạc nền  - Phanh nè🌸', 'link': '/music/nhạc-nền-Phanh-nè🌸-7525266232291904257'}","{'likes': '803.1K', 'comments': '3221', 'shares': '48.7K'}",https://www.tiktok.com/@phuonganhle305/video/7525261051865304338
"{'username': 'luky889889', 'nickname': 'Hoàng Tử Đau đẻ'}",trải nghiệm cảm giác đau đẻ tại chợ đêm sapa,[],"{'title': 'nhạc nền - 𝓐𝓒𝓱𝓲 🍀 - Khéo tay hay làm 🐿', 'link': '/music/nhạc-nền-𝓐𝓒𝓱𝓲-🍀-7275724550921718529'}","{'likes': '444.3K', 'comments': '11.3K', 'shares': '215.4K'}",https://www.tiktok.com/@luky889889/video/7525659423247846663
"{'username': 'plxhvn2', 'nickname': 'Tin Nóng Hàng Ngày'}",Thợ làm cửa ẩu quá 😨,"['#tainan', '#mayman', '#tintuc', '#plxhvn', '#phapluatxahoi']","{'title': 'nhạc nền  - Tin Nóng Hàng Ngày', 'link': '/music/nhạc-nền-Tin-Nóng-Hàng-Ngày-7524805609854700343'}","{'likes': '48.1K', 'comments': '1085', 'shares': '2152'}",https://www.tiktok.com/@plxhvn2/video/7524805462311636238
"{'username': 'nottuman', 'nickname': 'Thập cẩm'}",Bơ dừa cà hê 🫰🏽🫰🏽,"['#xuhuong', '#dilamcogivui', '#viral', '#nhanvien', '#congcaphe', '#quan1angi', '#caphe', '#2025', '#fyp']","{'title': 'nhạc nền - Còn thở là content - Rì Viu Cho Vui', 'link': '/music/nhạc-nền-Còn-thở-là-content-7484853097924201232'}","{'likes': '574.7K', 'comments': '5942', 'shares': '433.2K'}",https://www.tiktok.com/@nottuman/video/7524969271366077704
"{'username': 'pth_.69', 'nickname': 'Fuong Thah'}",dạ khó quá chị,"['#blockblast', '#hungrystudio', '#blockblastlove']","{'title': 'nhạc nền - Tóc dài niền răn - Tuấn nuôi tóc dài lại', 'link': '/music/nhạc-nền-Tóc-dài-niền-răn-7491221944923147025'}","{'likes': '420K', 'comments': '1761', 'shares': '77K'}",https://www.tiktok.com/@pth_.69/video/7519361838459391239
"{'username': 'dramin.vn', 'nickname': 'DRAMIN'}",Nguyên tắc của người đàn ông giả gái: Mỗi khi khách đến nhà chơi đều phải xách theo một món quà nhỏ,['#khaunghiep'],"{'title': 'nhạc nền  - DRAMIN', 'link': '/music/nhạc-nền-DRAMIN-7524640562919459600'}","{'likes': '198.5K', 'comments': '3907', 'shares': '63.9K'}",https://www.tiktok.com/@dramin.vn/video/7524640519792708882
"{'username': 'new.york.mystery', 'nickname': 'New York Mystery'}",,['#fyp'],"{'title': 'original sound - Neema Pun', 'link': '/music/original-sound-7070755673193089818'}","{'likes': '729.1K', 'comments': '2774', 'shares': '10.8K'}",https://www.tiktok.com/@new.york.mystery/video/7523748982988737806
"{'username': 'chanhvivu', 'nickname': 'Chanh Vivu'}",Nghĩ thôi đã buồn rồi,['#chanhvivu'],"{'title': 'nhạc nền  - Chanh Vivu', 'link': '/music/nhạc-nền-Chanh-Vivu-7525009836984044289'}","{'likes': '1.2M', 'comments': '14.8K', 'shares': '408.3K'}",https://www.tiktok.com/@chanhvivu/video/7525009772878236944
"{'username': 'ttcppmc.tdtc', 'nickname': 'CỤC DIỆN THẾ GIỚI TDTC'}",PHÚ QUỐC VĨNH VIỄN LÀ CỦA VIỆT NAM – CAMPUCHIA KHÔNG THỂ ĐỤNG ĐẾN #chinhtri #bangtinquocte #chinhtrithailan #hunSen #cuocgoidinhmenh #tinquocte #quydinhngoaigiao #tinnong24h #phantichchinhtri #chinhtridongnama #trungquoc #tapcanbinh #thailan #campuchia,[],"{'title': 'nhạc nền - CỤC DIỆN THẾ GIỚI - CỤC DIỆN THẾ GIỚI TDTC', 'link': '/music/nhạc-nền-CỤC-DIỆN-THẾ-GIỚI-7524204998105467665'}","{'likes': '264.2K', 'comments': '14.2K', 'shares': '22.2K'}",https://www.tiktok.com/@ttcppmc.tdtc/video/7524204945382329607
"{'username': 'plxhvn2', 'nickname': 'Tin Nóng Hàng Ngày'}",Em bước xuống xe tự tin như 1 nữ thần 😂,"['#giaothong', '#phunu', '#vanhoagiaothong', '#luatgiaothong', '#plxhvn', '#phapluatxahoi']","{'title': 'nhạc nền  - Tin Nóng Hàng Ngày', 'link': '/music/nhạc-nền-Tin-Nóng-Hàng-Ngày-7525684353989446414'}","{'likes': '89K', 'comments': '3476', 'shares': '2866'}",https://www.tiktok.com/@plxhvn2/video/7525684266093612302
"{'username': 'dangvuongne', 'nickname': 'Đăng Vương.'}",Mũi khoan tình yêu,"['#dangvuong', '#couple', '#xuhuong', '#fyp']","{'title': 'nhạc nền  - Đăng Vương.', 'link': '/music/nhạc-nền-Đăng-Vương-7524945423748975361'}","{'likes': '356.8K', 'comments': '4334', 'shares': '145.6K'}",https://www.tiktok.com/@dangvuongne/video/7524945396729138440
"{'username': 'ancungkhay', 'nickname': 'Coloring ASMR'}",khầy gõ quá nghệ,['#thichtamphuc'],"{'title': 'nhạc nền - Coloring ASMR', 'link': '/music/nhạc-nền-7524267423042718495'}","{'likes': '294.6K', 'comments': '5541', 'shares': '258.3K'}",https://www.tiktok.com/@ancungkhay/video/7524267335180373278
"{'username': 'dinhquyettam', 'nickname': 'Bố Của Bống'}",Được đi chơi là sướng,"['#bongcolen', '#tretuky', '#tredacbiet', '#bocuabong', '#giadinh']","{'title': 'nhạc nền  - Bố Của Bống', 'link': '/music/nhạc-nền-Bố-Của-Bống-7523917672736983824'}","{'likes': '282K', 'comments': '13.4K', 'shares': '84.4K'}",https://www.tiktok.com/@dinhquyettam/video/7523917645914049799
"{'username': 'phucsyno96', 'nickname': 'Phúc Syno'}",Ai bị liệu mới hiểu...,"['#phucsyno', '#syno']","{'title': 'nhạc nền  - Phúc Syno', 'link': '/music/nhạc-nền-Phúc-Syno-7525323542834596625'}","{'likes': '432.3K', 'comments': '9988', 'shares': '170.6K'}",https://www.tiktok.com/@phucsyno96/video/7525323493693607175
"{'username': 'dienvienmanhtruong', 'nickname': 'Nguyen Manh Truong'}",Cậu đang ngủ trưa thì cứ trend với chủng🥴😂🤣,[],"{'title': 'nhạc nền  - Nguyen Manh Truong', 'link': '/music/nhạc-nền-Nguyen-Manh-Truong-7524568147618876177'}","{'likes': '389.6K', 'comments': '2753', 'shares': '7955'}",https://www.tiktok.com/@dienvienmanhtruong/video/7524568092278607122
"{'username': 'cobedotdiem', 'nickname': 'Chúa tể đồ'}",Vẫn chưa hình dung được mặc kiểu gì,[],"{'title': 'nhạc nền  - Minh Huy🐭', 'link': '/music/nhạc-nền-Minh-Huy🐭-7519792108790663937'}","{'likes': '106K', 'comments': '1870', 'shares': '70.9K'}",https://www.tiktok.com/@cobedotdiem/video/7525628277034126610
"{'username': 'taisuan', 'nickname': 'Tài Xưng'}",Giờ nhìn đâu cũng thấy Block Blast lun 😭😭😭,"['#blockblast', '#hungrystudio', '#blockblastlove']","{'title': 'nhạc nền  - Tài Xưng', 'link': '/music/nhạc-nền-Tài-Xưng-7518015657686862608'}","{'likes': '457.1K', 'comments': '5229', 'shares': '93.5K'}",https://www.tiktok.com/@taisuan/video/7518015637038435592
"{'username': 'sapgaobaobao', 'nickname': 'Sạp Gạo Bảo Bảo'}",Trả lời,"['@thuquynh887', '#phatla', '#degrey', '#vualidon']","{'title': 'nhạc nền  - Sạp Gạo Bảo Bảo', 'link': '/music/nhạc-nền-Sạp-Gạo-Bảo-Bảo-7523913522577705744'}","{'likes': '324.8K', 'comments': '4800', 'shares': '61.5K'}",https://www.tiktok.com/@sapgaobaobao/video/7523908343476325650
"{'username': 'plxhvn2', 'nickname': 'Tin Nóng Hàng Ngày'}",Xe 04 đẳng cấp thật 😂,"['#giaothong', '#thibanglaixemay', '#phunu', '#haihuoc', '#vuive', '#vuinhon', '#haha', '#plxhvn', '#phapluatxahoi']","{'title': 'nhạc nền  - Tin Nóng Hàng Ngày', 'link': '/music/nhạc-nền-Tin-Nóng-Hàng-Ngày-7524219161837407031'}","{'likes': '138K', 'comments': '2003', 'shares': '19.2K'}",https://www.tiktok.com/@plxhvn2/video/7524219031616900366
"{'username': 'ngcuong379', 'nickname': 'Bố Bé Mỡ'}",,['@Hà Phượng'],"{'title': 'nhạc nền - Too và những chiếc quần 👖 - Tô Nam Anh 🍀', 'link': '/music/nhạc-nền-Too-và-những-chiếc-quần-👖-7102354851752971035'}","{'likes': '983.2K', 'comments': '12.4K', 'shares': '461.3K'}",https://www.tiktok.com/@ngcuong379/video/7524911077809786128
"{'username': 'huongstore.06', 'nickname': 'Kem che khuyết điểm 🐰'}",Bùn vậy,"['#kemchekhuyetdiem', '#chekhuyetdiemxuatsac', '#kemtrangda', '#xuhuongtiktok', '#chekhuyetdiem', '#kemchexam', '#nangtone']","{'title': 'Hoa Sa Đéc - 𝓑𝓸̂𝓷𝓰  🌻', 'link': '/music/Hoa-Sa-Đéc-6998407967250975514'}","{'likes': '691.1K', 'comments': '7790', 'shares': '25.8K'}",https://www.tiktok.com/@huongstore.06/video/7525692408676224272
"{'username': 'dipquanne', 'nickname': 'Dịp Quân'}",Né cái tay gặp ngay cái cột,['#couple'],"{'title': 'nhạc nền  - Dịp Quân', 'link': '/music/nhạc-nền-Dịp-Quân-7524545593814469392'}","{'likes': '486.9K', 'comments': '8180', 'shares': '146.6K'}",https://www.tiktok.com/@dipquanne/video/7524545567163256082
"{'username': 'haisanthanhvan', 'nickname': 'haisanthanhvan'}",Quá kinh khủng chưa đầy 15 dây,['#giôngbão'],"{'title': '最新事件紧急播报新闻紧张气氛战争 - 伴奏 - 大事件短视频新闻 背景音乐', 'link': '/music/最新事件紧急播报新闻紧张气氛战争-伴奏-7361704778831169552'}","{'likes': '265K', 'comments': '5728', 'shares': '24.6K'}",https://www.tiktok.com/@haisanthanhvan/video/7525425296992963847
"{'username': 'phuonganhle305', 'nickname': 'Phanh nè🌸'}",Ai đó hỏi 1 năm qua tôi đã cố gắng như nào 😙,['#fyp'],"{'title': 'nhạc nền  - Phanh nè🌸', 'link': '/music/nhạc-nền-Phanh-nè🌸-7525266232291904257'}","{'likes': '803.8K', 'comments': '3223', 'shares': '48.7K'}",https://www.tiktok.com/@phuonganhle305/video/7525261051865304338
"{'username': 'luky889889', 'nickname': 'Hoàng Tử Đau đẻ'}",trải nghiệm cảm giác đau đẻ tại chợ đêm sapa,[],"{'title': 'nhạc nền - 𝓐𝓒𝓱𝓲 🍀 - Khéo tay hay làm 🐿', 'link': '/music/nhạc-nền-𝓐𝓒𝓱𝓲-🍀-7275724550921718529'}","{'likes': '444.6K', 'comments': '11.3K', 'shares': '215.6K'}",https://www.tiktok.com/@luky889889/video/7525659423247846663
"{'username': 'plxhvn2', 'nickname': 'Tin Nóng Hàng Ngày'}",Thợ làm cửa ẩu quá 😨,"['#tainan', '#mayman', '#tintuc', '#plxhvn', '#phapluatxahoi']","{'title': 'nhạc nền  - Tin Nóng Hàng Ngày', 'link': '/music/nhạc-nền-Tin-Nóng-Hàng-Ngày-7524805609854700343'}","{'likes': '48.1K', 'comments': '1085', 'shares': '2153'}",https://www.tiktok.com/@plxhvn2/video/7524805462311636238
"{'username': 'nottuman', 'nickname': 'Thập cẩm'}",Bơ dừa cà hê 🫰🏽🫰🏽,"['#xuhuong', '#dilamcogivui', '#viral', '#nhanvien', '#congcaphe', '#quan1angi', '#caphe', '#2025', '#fyp']","{'title': 'nhạc nền - Còn thở là content - Rì Viu Cho Vui', 'link': '/music/nhạc-nền-Còn-thở-là-content-7484853097924201232'}","{'likes': '575K', 'comments': '5945', 'shares': '433.3K'}",https://www.tiktok.com/@nottuman/video/7524969271366077704
"{'username': 'pth_.69', 'nickname': 'Fuong Thah'}",dạ khó quá chị,"['#blockblast', '#hungrystudio', '#blockblastlove']","{'title': 'nhạc nền - Tóc dài niền răn - Tuấn nuôi tóc dài lại', 'link': '/music/nhạc-nền-Tóc-dài-niền-răn-7491221944923147025'}","{'likes': '420.3K', 'comments': '1764', 'shares': '77.1K'}",https://www.tiktok.com/@pth_.69/video/7519361838459391239
"{'username': 'dramin.vn', 'nickname': 'DRAMIN'}",Nguyên tắc của người đàn ông giả gái: Mỗi khi khách đến nhà chơi đều phải xách theo một món quà nhỏ,['#khaunghiep'],"{'title': 'nhạc nền  - DRAMIN', 'link': '/music/nhạc-nền-DRAMIN-7524640562919459600'}","{'likes': '198.5K', 'comments': '3908', 'shares': '63.9K'}",https://www.tiktok.com/@dramin.vn/video/7524640519792708882
"{'username': 'new.york.mystery', 'nickname': 'New York Mystery'}",,['#fyp'],"{'title': 'original sound - Neema Pun', 'link': '/music/original-sound-7070755673193089818'}","{'likes': '729.2K', 'comments': '2774', 'shares': '10.8K'}",https://www.tiktok.com/@new.york.mystery/video/7523748982988737806
"{'username': 'chanhvivu', 'nickname': 'Chanh Vivu'}",Nghĩ thôi đã buồn rồi,['#chanhvivu'],"{'title': 'nhạc nền  - Chanh Vivu', 'link': '/music/nhạc-nền-Chanh-Vivu-7525009836984044289'}","{'likes': '1.2M', 'comments': '14.8K', 'shares': '408.5K'}",https://www.tiktok.com/@chanhvivu/video/7525009772878236944
"{'username': 'ttcppmc.tdtc', 'nickname': 'CỤC DIỆN THẾ GIỚI TDTC'}",PHÚ QUỐC VĨNH VIỄN LÀ CỦA VIỆT NAM – CAMPUCHIA KHÔNG THỂ ĐỤNG ĐẾN #chinhtri #bangtinquocte #chinhtrithailan #hunSen #cuocgoidinhmenh #tinquocte #quydinhngoaigiao #tinnong24h #phantichchinhtri #chinhtridongnama #trungquoc #tapcanbinh #thailan #campuchia,[],"{'title': 'nhạc nền - CỤC DIỆN THẾ GIỚI - CỤC DIỆN THẾ GIỚI TDTC', 'link': '/music/nhạc-nền-CỤC-DIỆN-THẾ-GIỚI-7524204998105467665'}","{'likes': '264.2K', 'comments': '14.2K', 'shares': '22.2K'}",https://www.tiktok.com/@ttcppmc.tdtc/video/7524204945382329607
"{'username': 'plxhvn2', 'nickname': 'Tin Nóng Hàng Ngày'}",Em bước xuống xe tự tin như 1 nữ thần 😂,"['#giaothong', '#phunu', '#vanhoagiaothong', '#luatgiaothong', '#plxhvn', '#phapluatxahoi']","{'title': 'nhạc nền  - Tin Nóng Hàng Ngày', 'link': '/music/nhạc-nền-Tin-Nóng-Hàng-Ngày-7525684353989446414'}","{'likes': '89.1K', 'comments': '3477', 'shares': '2868'}",https://www.tiktok.com/@plxhvn2/video/7525684266093612302
"{'username': 'dangvuongne', 'nickname': 'Đăng Vương.'}",Mũi khoan tình yêu,"['#dangvuong', '#couple', '#xuhuong', '#fyp']","{'title': 'nhạc nền  - Đăng Vương.', 'link': '/music/nhạc-nền-Đăng-Vương-7524945423748975361'}","{'likes': '357.3K', 'comments': '4336', 'shares': '145.7K'}",https://www.tiktok.com/@dangvuongne/video/7524945396729138440
"{'username': 'phucsyno96', 'nickname': 'Phúc Syno'}",Ai bị liệu mới hiểu...,"['#phucsyno', '#syno']","{'title': 'nhạc nền  - Phúc Syno', 'link': '/music/nhạc-nền-Phúc-Syno-7525323542834596625'}","{'likes': '432.4K', 'comments': '9995', 'shares': '170.7K'}",https://www.tiktok.com/@phucsyno96/video/7525323493693607175
"{'username': 'dienvienmanhtruong', 'nickname': 'Nguyen Manh Truong'}",Cậu đang ngủ trưa thì cứ trend với chủng🥴😂🤣,[],"{'title': 'nhạc nền  - Nguyen Manh Truong', 'link': '/music/nhạc-nền-Nguyen-Manh-Truong-7524568147618876177'}","{'likes': '389.7K', 'comments': '2753', 'shares': '7968'}",https://www.tiktok.com/@dienvienmanhtruong/video/7524568092278607122
"{'username': 'cobedotdiem', 'nickname': 'Chúa tể đồ'}",Vẫn chưa hình dung được mặc kiểu gì,[],"{'title': 'nhạc nền  - Minh Huy🐭', 'link': '/music/nhạc-nền-Minh-Huy🐭-7519792108790663937'}","{'likes': '106.1K', 'comments': '1870', 'shares': '71K'}",https://www.tiktok.com/@cobedotdiem/video/7525628277034126610
"{'username': 'taisuan', 'nickname': 'Tài Xưng'}",Giờ nhìn đâu cũng thấy Block Blast lun 😭😭😭,"['#blockblast', '#hungrystudio', '#blockblastlove']","{'title': 'nhạc nền  - Tài Xưng', 'link': '/music/nhạc-nền-Tài-Xưng-7518015657686862608'}","{'likes': '457.4K', 'comments': '5232', 'shares': '93.6K'}",https://www.tiktok.com/@taisuan/video/7518015637038435592
"{'username': 'sapgaobaobao', 'nickname': 'Sạp Gạo Bảo Bảo'}",Trả lời,"['@thuquynh887', '#phatla', '#degrey', '#vualidon']","{'title': 'nhạc nền  - Sạp Gạo Bảo Bảo', 'link': '/music/nhạc-nền-Sạp-Gạo-Bảo-Bảo-7523913522577705744'}","{'likes': '324.9K', 'comments': '4800', 'shares': '61.6K'}",https://www.tiktok.com/@sapgaobaobao/video/7523908343476325650
"{'username': 'plxhvn2', 'nickname': 'Tin Nóng Hàng Ngày'}",Xe 04 đẳng cấp thật 😂,"['#giaothong', '#thibanglaixemay', '#phunu', '#haihuoc', '#vuive', '#vuinhon', '#haha', '#plxhvn', '#phapluatxahoi']","{'title': 'nhạc nền  - Tin Nóng Hàng Ngày', 'link': '/music/nhạc-nền-Tin-Nóng-Hàng-Ngày-7524219161837407031'}","{'likes': '138K', 'comments': '2003', 'shares': '19.2K'}",https://www.tiktok.com/@plxhvn2/video/7524219031616900366
"{'username': 'ngcuong379', 'nickname': 'Bố Bé Mỡ'}",,['@Hà Phượng'],"{'title': 'nhạc nền - Too và những chiếc quần 👖 - Tô Nam Anh 🍀', 'link': '/music/nhạc-nền-Too-và-những-chiếc-quần-👖-7102354851752971035'}","{'likes': '983.6K', 'comments': '12.4K', 'shares': '461.4K'}",https://www.tiktok.com/@ngcuong379/video/7524911077809786128
"{'username': 'huongstore.06', 'nickname': 'Kem che khuyết điểm 🐰'}",Bùn vậy,"['#kemchekhuyetdiem', '#chekhuyetdiemxuatsac', '#kemtrangda', '#xuhuongtiktok', '#chekhuyetdiem', '#kemchexam', '#nangtone']","{'title': 'Hoa Sa Đéc - 𝓑𝓸̂𝓷𝓰  🌻', 'link': '/music/Hoa-Sa-Đéc-6998407967250975514'}","{'likes': '691.8K', 'comments': '7804', 'shares': '25.8K'}",https://www.tiktok.com/@huongstore.06/video/7525692408676224272
"{'username': 'dipquanne', 'nickname': 'Dịp Quân'}",Né cái tay gặp ngay cái cột,['#couple'],"{'title': 'nhạc nền  - Dịp Quân', 'link': '/music/nhạc-nền-Dịp-Quân-7524545593814469392'}","{'likes': '487K', 'comments': '8182', 'shares': '146.6K'}",https://www.tiktok.com/@dipquanne/video/7524545567163256082
"{'username': 'haisanthanhvan', 'nickname': 'haisanthanhvan'}",Quá kinh khủng chưa đầy 15 dây,['#giôngbão'],"{'title': '最新事件紧急播报新闻紧张气氛战争 - 伴奏 - 大事件短视频新闻 背景音乐', 'link': '/music/最新事件紧急播报新闻紧张气氛战争-伴奏-7361704778831169552'}","{'likes': '265.1K', 'comments': '5729', 'shares': '24.6K'}",https://www.tiktok.com/@haisanthanhvan/video/7525425296992963847
"{'username': 'phuonganhle305', 'nickname': 'Phanh nè🌸'}",Ai đó hỏi 1 năm qua tôi đã cố gắng như nào 😙,['#fyp'],"{'title': 'nhạc nền  - Phanh nè🌸', 'link': '/music/nhạc-nền-Phanh-nè🌸-7525266232291904257'}","{'likes': '804.6K', 'comments': '3223', 'shares': '48.8K'}",https://www.tiktok.com/@phuonganhle305/video/7525261051865304338
"{'username': 'luky889889', 'nickname': 'Hoàng Tử Đau đẻ'}",trải nghiệm cảm giác đau đẻ tại chợ đêm sapa,[],"{'title': 'nhạc nền - 𝓐𝓒𝓱𝓲 🍀 - Khéo tay hay làm 🐿', 'link': '/music/nhạc-nền-𝓐𝓒𝓱𝓲-🍀-7275724550921718529'}","{'likes': '445.2K', 'comments': '11.3K', 'shares': '215.9K'}",https://www.tiktok.com/@luky889889/video/7525659423247846663
"{'username': 'plxhvn2', 'nickname': 'Tin Nóng Hàng Ngày'}",Thợ làm cửa ẩu quá 😨,"['#tainan', '#mayman', '#tintuc', '#plxhvn', '#phapluatxahoi']","{'title': 'nhạc nền  - Tin Nóng Hàng Ngày', 'link': '/music/nhạc-nền-Tin-Nóng-Hàng-Ngày-7524805609854700343'}","{'likes': '48.1K', 'comments': '1085', 'shares': '2153'}",https://www.tiktok.com/@plxhvn2/video/7524805462311636238
"{'username': 'nottuman', 'nickname': 'Thập cẩm'}",Bơ dừa cà hê 🫰🏽🫰🏽,"['#xuhuong', '#dilamcogivui', '#viral', '#nhanvien', '#congcaphe', '#quan1angi', '#caphe', '#2025', '#fyp']","{'title': 'nhạc nền - Còn thở là content - Rì Viu Cho Vui', 'link': '/music/nhạc-nền-Còn-thở-là-content-7484853097924201232'}","{'likes': '575.3K', 'comments': '5948', 'shares': '433.5K'}",https://www.tiktok.com/@nottuman/video/7524969271366077704
"{'username': 'pth_.69', 'nickname': 'Fuong Thah'}",dạ khó quá chị,"['#blockblast', '#hungrystudio', '#blockblastlove']","{'title': 'nhạc nền - Tóc dài niền răn - Tuấn nuôi tóc dài lại', 'link': '/music/nhạc-nền-Tóc-dài-niền-răn-7491221944923147025'}","{'likes': '420.6K', 'comments': '1766', 'shares': '77.1K'}",https://www.tiktok.com/@pth_.69/video/7519361838459391239
"{'username': 'dramin.vn', 'nickname': 'DRAMIN'}",Nguyên tắc của người đàn ông giả gái: Mỗi khi khách đến nhà chơi đều phải xách theo một món quà nhỏ,['#khaunghiep'],"{'title': 'nhạc nền  - DRAMIN', 'link': '/music/nhạc-nền-DRAMIN-7524640562919459600'}","{'likes': '198.6K', 'comments': '3909', 'shares': '64K'}",https://www.tiktok.com/@dramin.vn/video/7524640519792708882
"{'username': 'new.york.mystery', 'nickname': 'New York Mystery'}",,['#fyp'],"{'title': 'original sound - Neema Pun', 'link': '/music/original-sound-7070755673193089818'}","{'likes': '729.3K', 'comments': '2775', 'shares': '10.8K'}",https://www.tiktok.com/@new.york.mystery/video/7523748982988737806
"{'username': 'chanhvivu', 'nickname': 'Chanh Vivu'}",Nghĩ thôi đã buồn rồi,['#chanhvivu'],"{'title': 'nhạc nền  - Chanh Vivu', 'link': '/music/nhạc-nền-Chanh-Vivu-7525009836984044289'}","{'likes': '1.2M', 'comments': '14.9K', 'shares': '408.7K'}",https://www.tiktok.com/@chanhvivu/video/7525009772878236944
"{'username': 'ttcppmc.tdtc', 'nickname': 'CỤC DIỆN THẾ GIỚI TDTC'}",PHÚ QUỐC VĨNH VIỄN LÀ CỦA VIỆT NAM – CAMPUCHIA KHÔNG THỂ ĐỤNG ĐẾN #chinhtri #bangtinquocte #chinhtrithailan #hunSen #cuocgoidinhmenh #tinquocte #quydinhngoaigiao #tinnong24h #phantichchinhtri #chinhtridongnama #trungquoc #tapcanbinh #thailan #campuchia,[],"{'title': 'nhạc nền - CỤC DIỆN THẾ GIỚI - CỤC DIỆN THẾ GIỚI TDTC', 'link': '/music/nhạc-nền-CỤC-DIỆN-THẾ-GIỚI-7524204998105467665'}","{'likes': '264.3K', 'comments': '14.2K', 'shares': '22.2K'}",https://www.tiktok.com/@ttcppmc.tdtc/video/7524204945382329607
