author,description,hashtags,music,engagement,video_url
"{'username': 'huongstore.06', 'nickname': 'Kem che khuyết điểm 🐰'}",Bùn vậy,"['#kemchekhuyetdiem', '#chekhuyetdiemxuatsac', '#kemtrangda', '#xuhuongtiktok', '#chekhuyetdiem', '#kemchexam', '#nangtone']","{'title': 'Hoa Sa Đéc - 𝓑𝓸̂𝓷𝓰  🌻', 'link': '/music/Hoa-Sa-Đéc-6998407967250975514'}","{'likes': '702.4K', 'comments': '7932', 'shares': '26.5K'}",https://www.tiktok.com/@huongstore.06/video/7525692408676224272
"{'username': 'ngcuong379', 'nickname': 'Bố Bé Mỡ'}",,['@Hà Phượng'],"{'title': 'nhạc nền - Too và những chiếc quần 👖 - Tô Nam Anh 🍀', 'link': '/music/nhạc-nền-Too-và-những-chiếc-quần-👖-7102354851752971035'}","{'likes': '987.1K', 'comments': '12.5K', 'shares': '463K'}",https://www.tiktok.com/@ngcuong379/video/7524911077809786128
"{'username': 'dipquanne', 'nickname': 'Dịp Quân'}",Né cái tay gặp ngay cái cột,['#couple'],"{'title': 'nhạc nền  - Dịp Quân', 'link': '/music/nhạc-nền-Dịp-Quân-7524545593814469392'}","{'likes': '488.4K', 'comments': '8195', 'shares': '147.1K'}",https://www.tiktok.com/@dipquanne/video/7524545567163256082
"{'username': 'phuonganhle305', 'nickname': 'Phanh nè🌸'}",Ai đó hỏi 1 năm qua tôi đã cố gắng như nào 😙,['#fyp'],"{'title': 'nhạc nền  - Phanh nè🌸', 'link': '/music/nhạc-nền-Phanh-nè🌸-7525266232291904257'}","{'likes': '813.2K', 'comments': '3269', 'shares': '49.4K'}",https://www.tiktok.com/@phuonganhle305/video/7525261051865304338
"{'username': 'luky889889', 'nickname': 'Hoàng Tử Đau đẻ'}",trải nghiệm cảm giác đau đẻ tại chợ đêm sapa,[],"{'title': 'nhạc nền - 𝓐𝓒𝓱𝓲 🍀 - Khéo tay hay làm 🐿', 'link': '/music/nhạc-nền-𝓐𝓒𝓱𝓲-🍀-7275724550921718529'}","{'likes': '449.4K', 'comments': '11.4K', 'shares': '218.2K'}",https://www.tiktok.com/@luky889889/video/7525659423247846663
"{'username': 'haisanthanhvan', 'nickname': 'haisanthanhvan'}",Quá kinh khủng chưa đầy 15 dây,['#giôngbão'],"{'title': '最新事件紧急播报新闻紧张气氛战争 - 伴奏 - 大事件短视频新闻 背景音乐', 'link': '/music/最新事件紧急播报新闻紧张气氛战争-伴奏-7361704778831169552'}","{'likes': '267.1K', 'comments': '5743', 'shares': '24.9K'}",https://www.tiktok.com/@haisanthanhvan/video/7525425296992963847
"{'username': 'plxhvn2', 'nickname': 'Tin Nóng Hàng Ngày'}",Xe 04 đẳng cấp thật 😂,"['#giaothong', '#thibanglaixemay', '#phunu', '#haihuoc', '#vuive', '#vuinhon', '#haha', '#plxhvn', '#phapluatxahoi']","{'title': 'nhạc nền  - Tin Nóng Hàng Ngày', 'link': '/music/nhạc-nền-Tin-Nóng-Hàng-Ngày-7524219161837407031'}","{'likes': '138.1K', 'comments': '2004', 'shares': '19.3K'}",https://www.tiktok.com/@plxhvn2/video/7524219031616900366
"{'username': 'nottuman', 'nickname': 'Thập cẩm'}",Bơ dừa cà hê 🫰🏽🫰🏽,"['#xuhuong', '#dilamcogivui', '#viral', '#nhanvien', '#congcaphe', '#quan1angi', '#caphe', '#2025', '#fyp']","{'title': 'nhạc nền - Còn thở là content - Rì Viu Cho Vui', 'link': '/music/nhạc-nền-Còn-thở-là-content-7484853097924201232'}","{'likes': '576.9K', 'comments': '5963', 'shares': '434.5K'}",https://www.tiktok.com/@nottuman/video/7524969271366077704
"{'username': 'sapgaobaobao', 'nickname': 'Sạp Gạo Bảo Bảo'}",Trả lời,"['@thuquynh887', '#phatla', '#degrey', '#vualidon']","{'title': 'nhạc nền  - Sạp Gạo Bảo Bảo', 'link': '/music/nhạc-nền-Sạp-Gạo-Bảo-Bảo-7523913522577705744'}","{'likes': '325.8K', 'comments': '4815', 'shares': '61.8K'}",https://www.tiktok.com/@sapgaobaobao/video/7523908343476325650
"{'username': 'plxhvn2', 'nickname': 'Tin Nóng Hàng Ngày'}",Báo thủ mầm non 😂,"['#giadinh', '#treem', '#vuive', '#funny', '#haihuoc', '#haha', '#plxhvn', '#phapluatxahoi', '#giaitri']","{'title': 'nhạc nền  - Tin Nóng Hàng Ngày', 'link': '/music/nhạc-nền-Tin-Nóng-Hàng-Ngày-7525476297275886350'}","{'likes': '56.3K', 'comments': '475', 'shares': '9037'}",https://www.tiktok.com/@plxhvn2/video/7525476265239891255
"{'username': 'chanhvivu', 'nickname': 'Chanh Vivu'}",Nghĩ thôi đã buồn rồi,['#chanhvivu'],"{'title': 'nhạc nền  - Chanh Vivu', 'link': '/music/nhạc-nền-Chanh-Vivu-7525009836984044289'}","{'likes': '1.2M', 'comments': '14.9K', 'shares': '410.7K'}",https://www.tiktok.com/@chanhvivu/video/7525009772878236944
"{'username': 'dramin.vn', 'nickname': 'DRAMIN'}",Nguyên tắc của người đàn ông giả gái: Mỗi khi khách đến nhà chơi đều phải xách theo một món quà nhỏ,['#khaunghiep'],"{'title': 'nhạc nền  - DRAMIN', 'link': '/music/nhạc-nền-DRAMIN-7524640562919459600'}","{'likes': '199K', 'comments': '3912', 'shares': '64.1K'}",https://www.tiktok.com/@dramin.vn/video/7524640519792708882
"{'username': 'dangvuongne', 'nickname': 'Đăng Vương.'}",Mũi khoan tình yêu,"['#dangvuong', '#couple', '#xuhuong', '#fyp']","{'title': 'nhạc nền  - Đăng Vương.', 'link': '/music/nhạc-nền-Đăng-Vương-7524945423748975361'}","{'likes': '370.9K', 'comments': '4409', 'shares': '148.3K'}",https://www.tiktok.com/@dangvuongne/video/7524945396729138440
"{'username': 'gianghomang247', 'nickname': 'GIANG HỒ MẠNG'}",một sự nhịn chính sự lành ok người ae,"['#tuanhung', '#tienbry', '#tiengbipbibat', '#huanhoahongbibat', '#huanhoahong', '#tungmit', '#chauvietcuong', '#duymanh', '#dungtroc', '#hiepden', '#thohatduymanh', '#kinggroup', '#nguyenphuonghang', '#duthien', '#casiduthien', '#giangho', '#chuyengiangho', '#tuanthanden', '#khabanh', '#gianghomang', '#gianghomang247']","{'title': 'nhạc nền  - GIANG HỒ MẠNG', 'link': '/music/nhạc-nền-GIANG-HỒ-MẠNG-7526530419588958993'}","{'likes': '242.8K', 'comments': '5071', 'shares': '14K'}",https://www.tiktok.com/@gianghomang247/video/7526530375674268936
"{'username': 'pth_.69', 'nickname': 'Fuong Thah'}",dạ khó quá chị,"['#blockblast', '#hungrystudio', '#blockblastlove']","{'title': 'nhạc nền - Tóc dài niền răn - Tuấn nuôi tóc dài lại', 'link': '/music/nhạc-nền-Tóc-dài-niền-răn-7491221944923147025'}","{'likes': '421.4K', 'comments': '1776', 'shares': '77.4K'}",https://www.tiktok.com/@pth_.69/video/7519361838459391239
"{'username': 'cobedotdiem', 'nickname': 'Chúa tể đồ'}",Vẫn chưa hình dung được mặc kiểu gì,[],"{'title': 'nhạc nền  - Minh Huy🐭', 'link': '/music/nhạc-nền-Minh-Huy🐭-7519792108790663937'}","{'likes': '107.2K', 'comments': '1900', 'shares': '71.8K'}",https://www.tiktok.com/@cobedotdiem/video/7525628277034126610
"{'username': 'phucsyno96', 'nickname': 'Phúc Syno'}",Ai bị liệu mới hiểu...,"['#phucsyno', '#syno']","{'title': 'nhạc nền  - Phúc Syno', 'link': '/music/nhạc-nền-Phúc-Syno-7525323542834596625'}","{'likes': '433.7K', 'comments': '10K', 'shares': '171.3K'}",https://www.tiktok.com/@phucsyno96/video/7525323493693607175
"{'username': 'dienvienmanhtruong', 'nickname': 'Nguyen Manh Truong'}",Cậu đang ngủ trưa thì cứ trend với chủng🥴😂🤣,[],"{'title': 'nhạc nền  - Nguyen Manh Truong', 'link': '/music/nhạc-nền-Nguyen-Manh-Truong-7524568147618876177'}","{'likes': '391.6K', 'comments': '2770', 'shares': '8015'}",https://www.tiktok.com/@dienvienmanhtruong/video/7524568092278607122
"{'username': 'manxuatgia', 'nickname': 'Minh Anh Vương'}",Rất là vấn vở nhé =)) người Hà Lội là ko có vào đây bao giờ,"['#minhanhvuong', '#xuhướng', '#ancungtiktok']","{'title': 'nhạc nền  - Minh Anh Vương', 'link': '/music/nhạc-nền-Minh-Anh-Vương-7526056044771855120'}","{'likes': '348K', 'comments': '4270', 'shares': '26K'}",https://www.tiktok.com/@manxuatgia/video/7526055974730222856
"{'username': 'tranghieu0211', 'nickname': 'Chang Híu'}",Nuôi mãi k lớn,"['@Quỳnh Trang 🌷', '#changhiu', '#couple', '#fyp', '#xuhuong']","{'title': 'original sound - Cadel and Mia', 'link': '/music/original-sound-7498388102705056528'}","{'likes': '400.3K', 'comments': '1387', 'shares': '24.2K'}",https://www.tiktok.com/@tranghieu0211/video/7526051115180264712
"{'username': 'plxhvn2', 'nickname': 'Tin Nóng Hàng Ngày'}",Thanh niên đầu nảy số nhanh đấy 😂,"['#dulich', '#ninhbinh', '#trangan', '#haihuoc', '#vuive', '#haha', '#plxhvn', '#phapluatxahoi']","{'title': 'nhạc nền  - Tin Nóng Hàng Ngày', 'link': '/music/nhạc-nền-Tin-Nóng-Hàng-Ngày-7526262264899373838'}","{'likes': '69.4K', 'comments': '1732', 'shares': '13.1K'}",https://www.tiktok.com/@plxhvn2/video/7526262124897701133
"{'username': 'taisuan', 'nickname': 'Tài Xưng'}",Giờ nhìn đâu cũng thấy Block Blast lun 😭😭😭,"['#blockblast', '#hungrystudio', '#blockblastlove']","{'title': 'nhạc nền  - Tài Xưng', 'link': '/music/nhạc-nền-Tài-Xưng-7518015657686862608'}","{'likes': '458.4K', 'comments': '5247', 'shares': '93.8K'}",https://www.tiktok.com/@taisuan/video/7518015637038435592
"{'username': 'namanhvt11', 'nickname': 'Cậu Bảy Quận 3 🦈'}",quán dừa phải thôi nha,['#cậubảyquận3'],"{'title': 'nhạc nền  - Cậu Bảy Quận 3 🦈', 'link': '/music/nhạc-nền-Cậu-Bảy-Quận-3-🦈-7526117190903335681'}","{'likes': '449.9K', 'comments': '3401', 'shares': '92.6K'}",https://www.tiktok.com/@namanhvt11/video/7526117151846059272
"{'username': 'plxhvn2', 'nickname': 'Tin Nóng Hàng Ngày'}",Bánh vừa ra lò các cháu ăn ngay cho nóng 😂,"['#haihuoc', '#haha', '#plxhvn', '#phapluatxahoi']","{'title': 'nhạc nền  - Tin Nóng Hàng Ngày', 'link': '/music/nhạc-nền-Tin-Nóng-Hàng-Ngày-7525409542478236429'}","{'likes': '25K', 'comments': '203', 'shares': '5349'}",https://www.tiktok.com/@plxhvn2/video/7525409510911937847
"{'username': 'color.life.1978', 'nickname': 'Sơn lại cuộc đời'}",Mấy con gà thì biết gì em 🐓,['#sonlaicuocdoi'],"{'title': 'nhạc nền  - Sơn lại cuộc đời', 'link': '/music/nhạc-nền-Sơn-lại-cuộc-đời-7524933449371978512'}","{'likes': '436.3K', 'comments': '7127', 'shares': '65.3K'}",https://www.tiktok.com/@color.life.1978/video/7524933293804915986
"{'username': 'chikhang0311', 'nickname': 'Chí Khang'}",không biết nữa,"['@Mỹ lệ Nè', '#trending']","{'title': 'nhạc nền - Nhìn Một Ra Mười', 'link': '/music/nhạc-nền-7289403842511604482'}","{'likes': '260K', 'comments': '3124', 'shares': '94.4K'}",https://www.tiktok.com/@chikhang0311/video/7524533313688571144
"{'username': 'haha_412', 'nickname': 'HAHA'}",tỉnh chưa,[],"{'title': 'nhạc nền - Vy kitty🤡 - Nguyễn Vy😔', 'link': '/music/nhạc-nền-Vy-kitty🤡-7497872345080662785'}","{'likes': '350.1K', 'comments': '3265', 'shares': '6100'}",https://www.tiktok.com/@haha_412/video/7524686434909932818
"{'username': 'itsdunggee', 'nickname': 'Dũng Gee💋'}",Chuyên gia đổ thừa..,[],"{'title': 'nhạc nền  - Dũng Gee💋', 'link': '/music/nhạc-nền-Dũng-Gee💋-7524318118836603665'}","{'likes': '198.8K', 'comments': '1009', 'shares': '3748'}",https://www.tiktok.com/@itsdunggee/video/7524318083503230226
"{'username': 'longandaxua', 'nickname': 'Lê Long An'}",Thế hệ cợt nhả ra đề thi tốt nghiệp kiểu,"['@T1G Team', '#daxua', '#vietcomedy', '#t1gteam', '#hzmedia']","{'title': 'Countless - Official Sound Studio', 'link': '/music/Countless-6692683186809359108'}","{'likes': '445.8K', 'comments': '5264', 'shares': '137.3K'}",https://www.tiktok.com/@longandaxua/video/7525040820915932423
"{'username': 'dong.thuydung', 'nickname': 'Đồng Thuỳ Dung'}",Dịu dàng nữ tính thế còn gì,"['#dongthuydung', '#codongnat', '#phamvinh', '#trungthaomai']","{'title': 'nhạc nền  - Đồng Thuỳ Dung', 'link': '/music/nhạc-nền-Đồng-Thuỳ-Dung-7526152940555504400'}","{'likes': '225.8K', 'comments': '3194', 'shares': '10.3K'}",https://www.tiktok.com/@dong.thuydung/video/7526152907763272967
"{'username': 'lebaoofficial', 'nickname': 'Lê Bảo'}",Đừng bao giờ phản bội thợ cắt tóc của bạn . Lê Bảo remix,"['@Đức Barber', '@Trần Xuân', '@Trần Hà', '@Bình Xăng Con']","{'title': 'nhạc nền  - Lê Bảo', 'link': '/music/nhạc-nền-Lê-Bảo-7524695551200627457'}","{'likes': '409.4K', 'comments': '2890', 'shares': '37.5K'}",https://www.tiktok.com/@lebaoofficial/video/7524695513304747272
"{'username': 'anthonyngofficial', 'nickname': 'Anthony Ng'}",,['#anthonyng'],"{'title': 'Tuyết Yêu Thương - Dương Trần Nghĩa', 'link': '/music/Tuyết-Yêu-Thương-7329926798883031041'}","{'likes': '25.8K', 'comments': '197', 'shares': '407'}",https://www.tiktok.com/@anthonyngofficial/video/7526037708892933389
"{'username': 'saigonteu', 'nickname': 'Saigon Tếu'}",Bỗng nhiên bị bạn gái check var nhưng không biết =)))) - Stephen Vũ Saigon Tếu,[],"{'title': 'original sound  - Saigon Tếu', 'link': '/music/original-sound-Saigon-Tếu-7526122617125079809'}","{'likes': '740.4K', 'comments': '5396', 'shares': '150.7K'}",https://www.tiktok.com/@saigonteu/video/7526121871910243602
"{'username': 'khuamatvuong', 'nickname': 'Anh Mặt Vuông'}",Còn gì báo nữa hong báo hết một lần đi,"['#anhmatvuong', '#amvm']","{'title': 'nhạc nền  - Anh Mặt Vuông', 'link': '/music/nhạc-nền-Anh-Mặt-Vuông-7524277057841351425'}","{'likes': '276.3K', 'comments': '1360', 'shares': '19K'}",https://www.tiktok.com/@khuamatvuong/video/7524276995761507602
"{'username': 'namanhvt11', 'nickname': 'Cậu Bảy Quận 3 🦈'}",bao nhiêu quán sao ghé quán anh quài vậy em?,['#cậubảyquận3'],"{'title': 'nhạc nền  - Cậu Bảy Quận 3 🦈', 'link': '/music/nhạc-nền-Cậu-Bảy-Quận-3-🦈-7526508507173161729'}","{'likes': '239.6K', 'comments': '1308', 'shares': '21.1K'}",https://www.tiktok.com/@namanhvt11/video/7526508458573614343
"{'username': 'phucbinhyenofficial', 'nickname': 'Phúc Bình Yên'}",Dạ kem hú anh ạ,"['#phucbinhyenoffical', '#phucbinhyen', '#teamphucsyno']","{'title': 'nhạc nền  - Phúc Bình Yên', 'link': '/music/nhạc-nền-Phúc-Bình-Yên-7522339358611901201'}","{'likes': '495K', 'comments': '9272', 'shares': '146.7K'}",https://www.tiktok.com/@phucbinhyenofficial/video/7522339330677902600
"{'username': 'codongnat_99', 'nickname': 'Cô Đồng Nát'}",Người yêu cũ của chồng,"['#codongnat', '#dongthuydung']","{'title': 'nhạc nền  - Cô Đồng Nát', 'link': '/music/nhạc-nền-Cô-Đồng-Nát-7524672033616136976'}","{'likes': '165.8K', 'comments': '1519', 'shares': '4824'}",https://www.tiktok.com/@codongnat_99/video/7524671990519581960
"{'username': 'papa_taiche', 'nickname': 'PaPa Tái Chế'}",Phải đối đầu,"['#papataiche', '#metub']","{'title': '2020 - Official Sound Studio', 'link': '/music/2020-6770604394766403586'}","{'likes': '43.3K', 'comments': '484', 'shares': '632'}",https://www.tiktok.com/@papa_taiche/video/7525034089187921159
"{'username': 'nguyenmythanh0392', 'nickname': 'Nguyễn Mỹ Thanh'}",Cho mượn một đêm thôi,"['#nguyenmythanh', '#viral', '#comedy']","{'title': 'nhạc nền  - Nguyễn Mỹ Thanh', 'link': '/music/nhạc-nền-Nguyễn-Mỹ-Thanh-7524971182987168567'}","{'likes': '46.6K', 'comments': '1020', 'shares': '3351'}",https://www.tiktok.com/@nguyenmythanh0392/video/7524971173713628471
"{'username': 'tuyenpoi', 'nickname': 'Tuyến Pói 💠'}",NHÀ P.O.I 1 | LƯỜI,"['#tuyenpoi', '#giaitri']","{'title': 'nhạc nền  - Tuyến Pói 💠', 'link': '/music/nhạc-nền-Tuyến-Pói-💠-7524280187303840513'}","{'likes': '80.4K', 'comments': '736', 'shares': '2354'}",https://www.tiktok.com/@tuyenpoi/video/7524280133285416209
"{'username': 'ttinflyou', 'nickname': 'Chú Tín'}","Trọ trung tâm, trọ giá rẻ đồ đó…","['@CÁO NHỎ', '@Én Hốp Pi 🐱', '@Phụng đang niềng răng']","{'title': 'nhạc nền  - Chú Tín', 'link': '/music/nhạc-nền-Chú-Tín-7525106030406011665'}","{'likes': '143.2K', 'comments': '799', 'shares': '31K'}",https://www.tiktok.com/@ttinflyou/video/7525105984809749767
"{'username': 'bongtim96', 'nickname': 'Bông Tím'}",Sốc,['@Tường Hồng Phú'],"{'title': 'nhạc nền  - Bông Tím', 'link': '/music/nhạc-nền-Bông-Tím-7525450479514422033'}","{'likes': '568.5K', 'comments': '8274', 'shares': '395.5K'}",https://www.tiktok.com/@bongtim96/video/7525450454621244679
"{'username': '24h.sports', 'nickname': '24h.Sports'}",Ông cháu Yamal hú hồn luôn mà,"['#24hmedia', '#24hsports', '#thethaomoingay', '#football', '#bongda', '#lamineyamal']","{'title': 'Chill Melody - DJ ChiuChiu', 'link': '/music/Chill-Melody-7385161226214770704'}","{'likes': '110.5K', 'comments': '433', 'shares': '3308'}",https://www.tiktok.com/@24h.sports/video/7526141433024105735
"{'username': 'deryynok2sf68x', 'nickname': 'Blv FIFA🇻🇳'}",Cậu thử nào có thể kiếm soát bóng bằng trán?,"['#football', '#fyp', '#vietnam']","{'title': '原声  - Blv FIFA🇻🇳', 'link': '/music/原声-Blv-FIFA🇻🇳-7525360397667339025'}","{'likes': '67.7K', 'comments': '994', 'shares': '1474'}",https://www.tiktok.com/@deryynok2sf68x/video/7525360370186210567
"{'username': 'uci_cycling', 'nickname': 'UCI'}",No panic. Just a legend changing shoes mid-race like it’s nothing. 😎,"['#UCIWWT', '#GirodItaliaWomen']","{'title': 'YEE! - LXGAR & OZKXN & INXN', 'link': '/music/YEE-7397739530105210881'}","{'likes': '643.5K', 'comments': '1295', 'shares': '7965'}",https://www.tiktok.com/@uci_cycling/video/7524367359042161942
"{'username': 'sut88cusut', 'nickname': '𝑆𝑈𝑇𝟪𝟪 Cú Sút Từ Sao Hỏa'}",PSG có muốn đá đâu,"['#chelsea', '#fifaclubworldcup']","{'title': 'nhạc nền  - 𝑆𝑈𝑇𝟪𝟪 Cú Sút Từ Sao Hỏa', 'link': '/music/nhạc-nền-𝑆𝑈𝑇𝟪𝟪-Cú-Sút-Từ-Sao-Hỏa-7526707279630994193'}","{'likes': '100.5K', 'comments': '5198', 'shares': '10.3K'}",https://www.tiktok.com/@sut88cusut/video/7526707237725768968
"{'username': 'xiaomy99', 'nickname': 'My Chelin'}",5 người 1 đội,"['#xuhuong', '#trending']","{'title': 'Chichiquetere - HCTM', 'link': '/music/Chichiquetere-7127855869164783617'}","{'likes': '1.2M', 'comments': '15.6K', 'shares': '705.5K'}",https://www.tiktok.com/@xiaomy99/video/7525200275544526098
"{'username': 'phamquynhhoaa', 'nickname': 'Quỳnh Hoa'}",Dăm ba cái kỹ thuật này nhằm nhò gì,[],"{'title': '大展鴻圖(Blueprint Supreme) - 攬佬SKAI ISYOURGOD & AR劉夫陽', 'link': '/music/大展鴻圖-Blueprint-Supreme-7404667312807151617'}","{'likes': '1M', 'comments': '4532', 'shares': '26K'}",https://www.tiktok.com/@phamquynhhoaa/video/7519074933436058898
"{'username': 'minhnhatgk', 'nickname': 'Minh Nhật GK🥇'}","Thách đấu tuyển thủ Việt Nam tương lai, anh","['@Hendrio10', '#minhnhatgk', '#hendrio', '#dkpteam']","{'title': 'nhạc nền  - Minh Nhật GK🥇', 'link': '/music/nhạc-nền-Minh-Nhật-GK🥇-7524251194336742160'}","{'likes': '93.5K', 'comments': '296', 'shares': '1169'}",https://www.tiktok.com/@minhnhatgk/video/7524251168164384018
"{'username': '24h.tinmoi', 'nickname': '24h Bóng Đá'}",DEMBELE LIỆU CÓ GIÀNH QBV,"['#24hbongda', '#24hmedia', '#dembele', '#psg', '#lamineyamal', '#barcelona', '#aquaselin', '#fifaclubworldcup', '#thethaomoingay', '#sportsontiktok']","{'title': 'original sound  - 24h Bóng Đá', 'link': '/music/original-sound-24h-Bóng-Đá-7525008897220840208'}","{'likes': '39K', 'comments': '286', 'shares': '4577'}",https://www.tiktok.com/@24h.tinmoi/video/7525008863041572103
"{'username': 'redbull', 'nickname': 'Red Bull'}",falling head over wheels for this 🫠,"['#redbull', '#givesyouwiiings', '#energydrink', '#redbullstalenros', '#redbullsattelfest', '#bike']","{'title': 'original sound  - Red Bull', 'link': '/music/original-sound-Red-Bull-7525781927145802518'}","{'likes': '2.3M', 'comments': '12.9K', 'shares': '199.3K'}",https://www.tiktok.com/@redbull/video/7525781895959891222
"{'username': 'lionchampionshipvietnam', 'nickname': 'LION Championship'}",MMA DUO: SỨC NÓNG ĐỈNH ĐIỂM TRƯỚC NGÀY LÊN ĐÀI 🔥,"['#lionchampionship2025', '#LIONChampionship', '#lc24', '#lionchampionship24', '#NationalPride', '#mma']","{'title': 'original sound  - LION Championship', 'link': '/music/original-sound-LION-Championship-7525661602097089296'}","{'likes': '38.8K', 'comments': '874', 'shares': '1212'}",https://www.tiktok.com/@lionchampionshipvietnam/video/7525661566574906642
"{'username': 'thandogo8', 'nickname': 'Shop Thản Đồ Gỗ'}",Trọng Hải sản mày đã run chưa???,['#xu'],"{'title': 'nhạc nền  - Shop Thản Đồ Gỗ', 'link': '/music/nhạc-nền-Shop-Thản-Đồ-Gỗ-7525651727396113153'}","{'likes': '59.6K', 'comments': '3322', 'shares': '1357'}",https://www.tiktok.com/@thandogo8/video/7525651698325425415
"{'username': 'mikaylaallisonn', 'nickname': 'Mikayla Reno'}",10/10 experience,"['#halfmooncay', '#bahamas', '#cruise', '#horsebackriding', '#beachvibes', '#shittok']","{'title': 'Jet2 Advert - ✈️A7-BBH | MAN 🇬🇧', 'link': '/music/Jet2-Advert-7398162320411429664'}","{'likes': '4.6M', 'comments': '32.7K', 'shares': '1.8M'}",https://www.tiktok.com/@mikaylaallisonn/video/7525995255351594271
"{'username': 'nextmediaofficial', 'nickname': 'Next Media'}",Trọng tài lại xử ép Việt Nam rồi.,[],"{'title': 'nhạc nền  - Next Media', 'link': '/music/nhạc-nền-Next-Media-7525611909002136336'}","{'likes': '23K', 'comments': '122', 'shares': '252'}",https://www.tiktok.com/@nextmediaofficial/video/7525611866886851848
"{'username': 'tonyrosatournaments', 'nickname': 'SƠN ROSA BI LÁT'}",hạng K đi chấm,"['@Sơn Hoàng', '#tonyrosabilliards', '#khaitony', '#xh', '#xuhuong', '#fyp']","{'title': 'nhạc nền - TONY ROSA TOUR - SƠN ROSA BI LÁT', 'link': '/music/nhạc-nền-TONY-ROSA-TOUR-7525391829370424080'}","{'likes': '19.3K', 'comments': '201', 'shares': '2512'}",https://www.tiktok.com/@tonyrosatournaments/video/7525391795316935944
"{'username': 'daohongson.bjj', 'nickname': 'Đào Hồng Sơn'}",Bất lực trước những kẻ huỷ diệt phòng gym,"['@Phạm Pháp', '@Gia đình Sơn Hương', '#daohongson', '#short', '#thethaomoingay', '#vtmgr']","{'title': 'nhạc nền  - 𝙏𝙝𝙚 𝙌𝙪𝙤𝙘', 'link': '/music/nhạc-nền-𝙏𝙝𝙚-𝙌𝙪𝙤𝙘-7475312342566390544'}","{'likes': '21.1K', 'comments': '165', 'shares': '504'}",https://www.tiktok.com/@daohongson.bjj/video/7525024219508428040
"{'username': 'onsportsplus', 'nickname': 'On Sports Plus'}",Bóng rổ thế giới phải chao đảo với VĐV Zhang Ziyu sinh năm 2007 của Trung Quốc,"['#OnSports', '#VTVcab', '#SportsOnTiktok', '#ASEANU23Championship']","{'title': ""Michi'S Travel Song (Instumental) - Michi & Cheeky Band & Auralis"", 'link': ""/music/Michi'S-Travel-Song-Instumental-7491708801181468689""}","{'likes': '78.9K', 'comments': '1763', 'shares': '23.3K'}",https://www.tiktok.com/@onsportsplus/video/7526152299983506689
"{'username': 'kkkkshswu', 'nickname': 'jtsgkssesaj'}",,"['#xuhuong', '#xuhuongtiktok', '#lionchampionship', '#lion', '#vietnam']","{'title': 'nhạc nền - N:)) - 26122008nguyet', 'link': '/music/nhạc-nền-N-7503825169631267600'}","{'likes': '53.7K', 'comments': '1362', 'shares': '4219'}",https://www.tiktok.com/@kkkkshswu/video/7526227474326244616
"{'username': 'kimthiencotichh', 'nickname': '𝙏𝙝𝙞ệ𝙣Đ𝙪ô𝙞𝙍ù𝙖🏐'}",sức bật tại chỗ 3m05 ổn hok ta,"['#kimthiencotich', '#bongchuyenvietnam', '#xhuong']","{'title': 'nhạc nền  - PiLong Producer', 'link': '/music/nhạc-nền-PiLong-Producer-7507184937435515664'}","{'likes': '6740', 'comments': '401', 'shares': '204'}",https://www.tiktok.com/@kimthiencotichh/video/7525674039893888263
"{'username': 'fptbongda', 'nickname': 'FPT Bóng Đá'}","Dường như đây là góc lag của Cole Palmer, cứ đặt lòng là lưới PSG phải rung lên","['#FPTPlay', '#FIFACWC', '#SamsungAITV', '#SamsungVisionAI', '#NeoQLED', '#fptbongda', '#chelsea', '#psg']","{'title': 'nhạc nền  - FPT Bóng Đá', 'link': '/music/nhạc-nền-FPT-Bóng-Đá-7526659160788699921'}","{'likes': '127K', 'comments': '8436', 'shares': '4353'}",https://www.tiktok.com/@fptbongda/video/7526658859855891728
"{'username': 'thethao247.vn', 'nickname': 'Thể Thao 247'}",Mùa sau mà đá như bay thì đừng hỏi vì sao nhé😆,"['#lamineyamal', '#fcbarcelona', '#thethao247']","{'title': 'AURA (Super Slowed) - Ogryzek', 'link': '/music/AURA-Super-Slowed-7400722563739224065'}","{'likes': '21.6K', 'comments': '191', 'shares': '474'}",https://www.tiktok.com/@thethao247.vn/video/7525800770298694920
"{'username': 'blvduongtang', 'nickname': 'BLV Đường Tăng 2Q'}",Ông cháu Yamal bắt đầu “bệnh ngôi sao” rồi… Anh em nghĩ tương lai Barca có đáng lo không? 🤔🔥,"['#Yamal', '#Barcelona', '#FifaClubWorldCup', '#lamineyamal', '#football', '#fyp', '#foryou', '#drama', '#tinnong', '#bongda']","{'title': 'nhạc nền  - BLV Đường Tăng 2Q', 'link': '/music/nhạc-nền-BLV-Đường-Tăng-2Q-7524312050388830993'}","{'likes': '36.8K', 'comments': '855', 'shares': '801'}",https://www.tiktok.com/@blvduongtang/video/7524311983894678802
"{'username': 'hhn405', 'nickname': 'Truyện\u2002HHN'}",Tôi Chọn Làm Sát Nhân Trong Đại Dịch Zombie | G5 | Review Truyện | Truyện Hhn,"['#truyenhhn', '#fullchapmoi', '#reviewtruyen', '#vairal', '#reviewtruyenmoi', '#manhua', '#review', '#reviewmanhua', '#xuhuong', '#truyenmoi']","{'title': 'nhạc nền  - Truyện\u2002HHN', 'link': '/music/nhạc-nền-Truyện-HHN-7474211709465824001'}","{'likes': '123K', 'comments': '731', 'shares': '2140'}",https://www.tiktok.com/@hhn405/video/7524684041166114069
"{'username': 'vietsub_dao_nhan', 'nickname': 'Vietsub Đạo Nhân'}",LOẠI NẤM NÀY GIỐNG NHƯ ĐẦU RẮN,"['#hoathinhtrungquoc', '#hoathinhvietsub', '#hoathinhtrung', '#hoathinh', '#vietsub', '#anime']","{'title': 'nhạc nền  - Vietsub Đạo Nhân', 'link': '/music/nhạc-nền-Vietsub-Đạo-Nhân-7525273611490298640'}","{'likes': '14.1K', 'comments': '44', 'shares': '381'}",https://www.tiktok.com/@vietsub_dao_nhan/video/7525273572885957895
"{'username': 'tangca', 'nickname': 'Tang Ca'}","Cương thi muốn đầu thai, nên đã dùng đồng xu cuối cùng mua canh của Mạnh Bà để uống","['#cartoon', '#hoathinh']","{'title': 'nhạc nền  - Tang Ca', 'link': '/music/nhạc-nền-Tang-Ca-7525688438599748354'}","{'likes': '20.4K', 'comments': '42', 'shares': '451'}",https://www.tiktok.com/@tangca/video/7525688405934607638
"{'username': 'troncinearb', 'nickname': 'Tròn Cine'}",Cái đám này ẩn mình trong đàn bò sữa thì hợp,"['#Tiktokgiaitri', '#tiktoksoiphim', '#tiktokxemphim', '#troncine', '#howtotrainyourdragon']","{'title': 'nhạc nền  - Tròn Cine', 'link': '/music/nhạc-nền-Tròn-Cine-7524583611190807313'}","{'likes': '123.7K', 'comments': '911', 'shares': '11K'}",https://www.tiktok.com/@troncinearb/video/7524583554408369415
"{'username': 'memekingdomtv', 'nickname': 'MemeKingdom'}",Tung tung tung Sahur just made the biggest mistake of his life! 😡,"['#tungtungtungsahur', '#ballerinacappucinna', '#brainrot']","{'title': 'original sound  - MemeKingdom', 'link': '/music/original-sound-MemeKingdom-7524159636094700289'}","{'likes': '1.8M', 'comments': '34.7K', 'shares': '697.4K'}",https://www.tiktok.com/@memekingdomtv/video/7524159460756049160
"{'username': 'rudolfiogk', 'nickname': 'RUDOLFIO'}",#xuhuong #1 #phimtrungquoc #longvideos #review #reviewphim #reviewphimhay #mereviewphim #phimngontinh #khophimngontinh #daophimtrung #fyp,[],"{'title': 'He Went That Way - Dj Alera', 'link': '/music/He-Went-That-Way-7472662210184136720'}","{'likes': '30.8K', 'comments': '128', 'shares': '499'}",https://www.tiktok.com/@rudolfiogk/video/7525387205569744158
"{'username': 'qn._kanie', 'nickname': 'QN Ká🐟'}",M muốn thì t làm,['@Tarro'],"{'title': 'get out! - auxmit☆', 'link': '/music/get-out-7403007276187322384'}","{'likes': '251.5K', 'comments': '3725', 'shares': '5100'}",https://www.tiktok.com/@qn._kanie/video/7523179482342198536
"{'username': 'kidzuna._', 'nickname': '絶望'}",⚫️,"['#onepiece', '#robin', '#nicorobin', '#onepieceedit', '#anime']","{'title': 'оригинальный звук  - 絶望', 'link': '/music/оригинальный-звук-絶望-7524736254223944449'}","{'likes': '786.8K', 'comments': '2864', 'shares': '17.1K'}",https://www.tiktok.com/@kidzuna._/video/7524736201455193365
"{'username': 'xjxhgahdm', 'nickname': 'xjxhgahdm'}",,"['#Cartoon', '#Fatorangecat', '#cutecat']","{'title': 'original sound - xjxhgahdm', 'link': '/music/original-sound-7519787782122916639'}","{'likes': '3.4M', 'comments': '56.5K', 'shares': '575K'}",https://www.tiktok.com/@xjxhgahdm/video/7519782744184999198
"{'username': 'phamthang.2004', 'nickname': 'Phạm Đức Thắng'}",Dân chơi boy phố hay chỉ là một thằng Giang hồ mõm,"['#BOYPHO', '#xuhuong2026', '#giangho']","{'title': 'nhạc nền  - Phạm Đức Thắng', 'link': '/music/nhạc-nền-Phạm-Đức-Thắng-7524322265644321558'}","{'likes': '76.5K', 'comments': '400', 'shares': '23K'}",https://www.tiktok.com/@phamthang.2004/video/7524322221112806678
"{'username': 'maderezs', 'nickname': 'maderezs'}",should i make a second part with another character?,"['#demonslayer', '#tanjiro', '#kimetsunoyaiba', '#anime', '#animeedit']","{'title': 'оригинальный звук  - maderezs', 'link': '/music/оригинальный-звук-maderezs-7524788919829826321'}","{'likes': '540.1K', 'comments': '1783', 'shares': '14.8K'}",https://www.tiktok.com/@maderezs/video/7524788882534108434
"{'username': 'thegioianime_rr88', 'nickname': 'THẾ GIỚI ANIME KJC'}",Ai trong băng chưa bị Nami cho ăn hành,"['#KJC', '#lienminhKJC', '#onepiece', '#anime', '#xuhuong']","{'title': 'nhạc nền  - THẾ GIỚI ANIME KJC', 'link': '/music/nhạc-nền-THẾ-GIỚI-ANIME-KJC-7525059965929687824'}","{'likes': '22.6K', 'comments': '145', 'shares': '201'}",https://www.tiktok.com/@thegioianime_rr88/video/7525059946459696391
"{'username': 'tangca', 'nickname': 'Tang Ca'}",Ốc sên tham lam muốn làm vua của tất cả,"['#hoathinh', '#cartoon']","{'title': 'nhạc nền  - Tang Ca', 'link': '/music/nhạc-nền-Tang-Ca-7526025698369227542'}","{'likes': '6981', 'comments': '26', 'shares': '142'}",https://www.tiktok.com/@tangca/video/7526025735430081814
"{'username': 'bugcat_capoo_official', 'nickname': 'BugCat Capoo'}",Eraser dust Bugcat grows up,"['#カプー', '#capoo', '#咖波']","{'title': '原聲  - BugCat Capoo', 'link': '/music/原聲-BugCat-Capoo-7525796311287876358'}","{'likes': '1.2M', 'comments': '1612', 'shares': '148.8K'}",https://www.tiktok.com/@bugcat_capoo_official/video/7525796290240711942
"{'username': 'kewbi_', 'nickname': 'kewbi'}",,"['#mihawk', '#anime', '#edit']","{'title': 'оригинальный звук - kewbi', 'link': '/music/оригинальный-звук-7523949128750828289'}","{'likes': '283.9K', 'comments': '1378', 'shares': '5482'}",https://www.tiktok.com/@kewbi_/video/7523949083183156487
"{'username': 'tolamnguyen123', 'nickname': '✨tô lâm nguyễn✨'}",,['#tolamnguyen123'],"{'title': 'nhạc nền  - ✨tô lâm nguyễn✨', 'link': '/music/nhạc-nền-✨tô-lâm-nguyễn✨-7526525700870785808'}","{'likes': '33.9K', 'comments': '178', 'shares': '1913'}",https://www.tiktok.com/@tolamnguyen123/video/7526525663818304786
"{'username': 'kidzuna._', 'nickname': '絶望'}",,"['#onepiece', '#luffy', '#monkeydluffy', '#onepieceedit', '#anime']","{'title': 'оригинальный звук  - 絶望', 'link': '/music/оригинальный-звук-絶望-7525059507207080721'}","{'likes': '383.2K', 'comments': '2514', 'shares': '10.3K'}",https://www.tiktok.com/@kidzuna._/video/7525059380149095700
"{'username': 'ricoanimations0', 'nickname': 'Rico Animations'}",Asian Bieber! 😀,"['#fyp', '#funnyvideos', '#memes', '#viral', '#viral', '#anime']","{'title': 'original sound - Rico Animations', 'link': '/music/original-sound-7525829323442375441'}","{'likes': '1.3M', 'comments': '8678', 'shares': '254.6K'}",https://www.tiktok.com/@ricoanimations0/video/7525829306556108040
"{'username': 'maderezs', 'nickname': 'maderezs'}",Gojo with black eyes? 😲,"['#jujutsukaisen', '#gojosatoru', '#jjk', '#anime', '#animeedit']","{'title': 'оригинальный звук  - maderezs', 'link': '/music/оригинальный-звук-maderezs-7525198906460752656'}","{'likes': '1M', 'comments': '4092', 'shares': '33.3K'}",https://www.tiktok.com/@maderezs/video/7525198833618357512
"{'username': 'kyanbian.88', 'nickname': 'KỲ ÁN BÍ ẨN'}",CẢ LỚP ĐI DÃ NGOẠI BỊ ĐUỐI NƯỚC  ĐÊM THỨ 7 VỀ CHỤP ẢNH TỐT NGHIỆP! PHẦN 2,"['#kyan', '#learnontiktok', '#bian']","{'title': 'nhạc nền  - KỲ ÁN BÍ ẨN', 'link': '/music/nhạc-nền-KỲ-ÁN-BÍ-ẨN-7526586757563829047'}","{'likes': '9247', 'comments': '188', 'shares': '563'}",https://www.tiktok.com/@kyanbian.88/video/7526586593273072909
"{'username': 'p_shiri', 'nickname': 'Con người'}","Sáng nay ảnh chuyển đơn vị xuống Quảng Ngãi mất rồi.🙁 Vd này, tôi với ảnh quay tối qua ạ💗","['#Connguoi', '#fyp', '#avankien']","{'title': 'nhạc nền  - 🔮Tiểu Vyy🔮', 'link': '/music/nhạc-nền-🔮Tiểu-Vyy🔮-7513934317828016913'}","{'likes': '292.9K', 'comments': '1995', 'shares': '3885'}",https://www.tiktok.com/@p_shiri/video/7524922859563584786
"{'username': 'louispham_203', 'nickname': 'Louispnp203'}",Gửi Phong,"['#louispham203', '@paulle67']","{'title': 'nhạc nền  - Umê Blong đến cùng💗💗><', 'link': '/music/nhạc-nền-Umê-Blong-đến-cùng💗💗-7506528320251742993'}","{'likes': '290.4K', 'comments': '1432', 'shares': '18.5K'}",https://www.tiktok.com/@louispham_203/video/7526537160523091207
"{'username': 'thomanh1993', 'nickname': '🇻🇳𝓣𝓗𝓞𝓜.𝓐𝓝𝓗⚽️🏳️\u200d🌈'}",1 Tháng thời gian không phải là dài nhưng cũng đủ để lo cho em ko phải chịu nhiều thiệt thòi,"['#báchhợp_lgbt_gei🌈', '#xuhuong', '#taiwan🇹🇼']","{'title': 'nhạc nền - bước ra đời không sợ một ai - H.Tính', 'link': '/music/nhạc-nền-bước-ra-đời-không-sợ-một-ai-7517185930710551313'}","{'likes': '79.8K', 'comments': '4049', 'shares': '13.4K'}",https://www.tiktok.com/@thomanh1993/video/7525796320473353528
"{'username': 'demitrovaaa', 'nickname': 'demitrovaaa'}",Это было незапланированно и вышло случайно😀,[],"{'title': 'Fake - The Tech Thieves', 'link': '/music/Fake-6741017428655884290'}","{'likes': '1.3M', 'comments': '1383', 'shares': '24.8K'}",https://www.tiktok.com/@demitrovaaa/video/7524033509288152327
"{'username': 'xuanphi68', 'nickname': 'Xuân Phi'}",Tui cỡ này mấy bạn cỡ nào 😗😗,"['#trending', '#couples', '#CapCut', '#cute']","{'title': 'Tình yêu chậm trễ - 20th6', 'link': '/music/Tình-yêu-chậm-trễ-7123785768975223578'}","{'likes': '28.5K', 'comments': '526', 'shares': '7665'}",https://www.tiktok.com/@xuanphi68/video/7526193945928355090
"{'username': 'artychipchip', 'nickname': 'Arty và Chipchip'}","Em có lớn, cũng là em bé nhỏ. Trưởng thành mấy, cũng gọn vòng tay ôm","['#xh', '#fyp', '#trending', '#viral', '#artychipchip']","{'title': 'nhạc nền - มิวซิกแท้ - MuZik', 'link': '/music/nhạc-nền-มิวซิกแท้-7508615736529652481'}","{'likes': '162.4K', 'comments': '516', 'shares': '2421'}",https://www.tiktok.com/@artychipchip/video/7518388477076180242
"{'username': 'vochonghienlinh', 'nickname': 'Vợ chồng Hiển Linh'}",chồng đi nhậu gọi cho vợ,['#vochonghienlinh'],"{'title': 'nhạc nền  - Vợ chồng Hiển Linh', 'link': '/music/nhạc-nền-Vợ-chồng-Hiển-Linh-7525849041650895617'}","{'likes': '62.5K', 'comments': '1498', 'shares': '16.7K'}",https://www.tiktok.com/@vochonghienlinh/video/7525848998473764104
"{'username': 'htthim.204', 'nickname': 'htthim.204'}",Bé Thim 💞 Thầy Vương,"['#damcuoi', '#viral', '#thimvuong', '@Thầy Vương Toán']","{'title': 'suara asli - ntee lenn✨ - isa💫', 'link': '/music/suara-asli-ntee-lenn✨-7411450960010758917'}","{'likes': '262.4K', 'comments': '764', 'shares': '6470'}",https://www.tiktok.com/@htthim.204/video/7526442646789786887
"{'username': 'kyduyn997', 'nickname': 'La Hoàng Kỳ Duyên'}",trông cute mà cũng đơ đơ=))),[],"{'title': 'nhạc nền  - La Hoàng Kỳ Duyên', 'link': '/music/nhạc-nền-La-Hoàng-Kỳ-Duyên-7524192311740336912'}","{'likes': '378.9K', 'comments': '1559', 'shares': '11.5K'}",https://www.tiktok.com/@kyduyn997/video/7524192283369966855
"{'username': 'viethung.mtp', 'nickname': 'viethung.mtp'}",Thương vợ nhiều,['#viethungmtp'],"{'title': 'nhạc nền  - viethung.mtp', 'link': '/music/nhạc-nền-viethungmtp-7524573367396027137'}","{'likes': '45K', 'comments': '884', 'shares': '13K'}",https://www.tiktok.com/@viethung.mtp/video/7524573344503647506
"{'username': '_kimmanhquyen_', 'nickname': 'Kim Mạnh Quyền'}","Tớ đã khóc, nhưng không đau khổ...tớ hạnh phúc vì điều đấy 😎","['@Hạnh Phạm 🙊', '#kimmanhquyen', '#hanhpham', '#qhp']","{'title': 'nhạc nền  - Kim Mạnh Quyền', 'link': '/music/nhạc-nền-Kim-Mạnh-Quyền-7526849714949131009'}","{'likes': '242.2K', 'comments': '699', 'shares': '8062'}",https://www.tiktok.com/@_kimmanhquyen_/video/7526849680198700295
"{'username': 'dieunhiofficial', 'nickname': 'Diệu Nhi'}",05 - 07 - 2025,[],"{'title': 'nhạc nền  - Diệu Nhi', 'link': '/music/nhạc-nền-Diệu-Nhi-7526921624210262814'}","{'likes': '183.9K', 'comments': '772', 'shares': '5226'}",https://www.tiktok.com/@dieunhiofficial/video/7526921578601270559
"{'username': 'doan.phan.hoang.hieu', 'nickname': 'Đoàn Phan Hoàng Hiếu'}",Anh hứa sẽ Cầu Hôn em ❤️😘👰🏻‍♀️,"['@mii nèe ⋆𐙚₊˚⊹', '#cauhon', '#3yearanniversary', '#capcut', '#xuhuong']","{'title': 'nhạc nền  - bichoc1992', 'link': '/music/nhạc-nền-bichoc1992-7517437379415313168'}","{'likes': '124.4K', 'comments': '1432', 'shares': '5201'}",https://www.tiktok.com/@doan.phan.hoang.hieu/video/7523723917559663879
"{'username': 'nhandaily99', 'nickname': 'Nhà Mai Nhân'}",Cưới thôi…,"['#nhamainhan', '#nhandaily']","{'title': 'nhạc nền - thànhtrung - DoThanhTrung', 'link': '/music/nhạc-nền-thànhtrung-7504907985584392961'}","{'likes': '45.7K', 'comments': '131', 'shares': '1597'}",https://www.tiktok.com/@nhandaily99/video/7525992804368289032
"{'username': 'aocuoihoangtrinhst', 'nickname': 'Studio Hoàng Trinh sóc trăng'}",,"['#damcuoimientay❤', '#chụptiệccuoisoctrang', '#chupanhcuoidepsoctrang', '#chuphinhgiárẻsoctrang']","{'title': 'MỐI TÌNH NGHÈO - Nguyễn khắc huy', 'link': '/music/MỐI-TÌNH-NGHÈO-6773915731512838914'}","{'likes': '57.1K', 'comments': '3324', 'shares': '4121'}",https://www.tiktok.com/@aocuoihoangtrinhst/video/7526036672828443911
"{'username': 'mvnelm', 'nickname': 'mvnelm'}",hihihihi,"['#slowdown', '#bf']","{'title': 'original sound - Tapanga ☆', 'link': '/music/original-sound-7404525013048757038'}","{'likes': '971.5K', 'comments': '1099', 'shares': '65.7K'}",https://www.tiktok.com/@mvnelm/video/7521813250623819030
"{'username': 'thoanguyen1393', 'nickname': 'Thoa Nguyễn Makeup'}",Nàng dâu hot nhất Thốt Nốt hôm nay -👰🏻 HÀ MỸ NGỌC,"['#makeupcantho', '#makeup', '#makeupartist', '#makeupcodau', '#makeuptainha', '#makeuptutorial', '#codaumientay', '#côdauxinhdep', '#côdauxinhdep🍓', '#2025', '#yêu', '#hạnhphucsedenvoichungta❤️', '#hạnhphuc❤', '#cầnthơ', '#cưới', '#MAKEUP', '#makeupcodaucantho']","{'title': 'nhạc nền  - Thoa Nguyễn Makeup', 'link': '/music/nhạc-nền-Thoa-Nguyễn-Makeup-7523958252000021249'}","{'likes': '84K', 'comments': '2553', 'shares': '37.1K'}",https://www.tiktok.com/@thoanguyen1393/video/7523957960666615058
"{'username': 'thangbematnick.8', 'nickname': '𝙏𝙝𝙖̆́𝙣𝙜𝘽𝙚́ 𝗩𝗲𝗿𝟮 🛍️'}",Thi ra là vay,"['@𝙠𝙝𝙖́𝙣𝙝 𝙡𝙮🎀', '#fyp', '#xuhuongtiktok', '#thangbematnick3', '#xuhuong']","{'title': 'nhạc nền  - 𝙏𝙝𝙖̆́𝙣𝙜𝘽𝙚́ 𝗩𝗲𝗿𝟮 🛍️', 'link': '/music/nhạc-nền-𝙏𝙝𝙖̆́𝙣𝙜𝘽𝙚́-𝗩𝗲𝗿𝟮-🛍️-7526095700666223377'}","{'likes': '98.8K', 'comments': '1922', 'shares': '32.7K'}",https://www.tiktok.com/@thangbematnick.8/video/7526095653701831954
"{'username': 'hoangghuyyvu', 'nickname': '🔱 HWANG 🔱'}",Tắc Kè TÓC XANH 🎎,"['#natra', '#wang']","{'title': 'nhạc nền  - Alone Forever 💫', 'link': '/music/nhạc-nền-Alone-Forever-💫-7507612494043663120'}","{'likes': '45.1K', 'comments': '106', 'shares': '503'}",https://www.tiktok.com/@hoangghuyyvu/video/7525801629803728136
"{'username': 'sweetie_strawpie', 'nickname': 'Elaine Tien Pham'}",Áo dài trơn quá ảnh không vịnh được,[],"{'title': 'nhạc nền  - Lưu Huế', 'link': '/music/nhạc-nền-Lưu-Huế-7367013901524830993'}","{'likes': '54.2K', 'comments': '520', 'shares': '10.4K'}",https://www.tiktok.com/@sweetie_strawpie/video/7525496412646280455
"{'username': 'vbiznews', 'nickname': 'Tin Tức Showbiz'}","B RAY CHƠI LỚN : GỌI TÊN LOẠT NYC TRONG TRACK NHẠC ""THE ONE""","['#vbiznews', '#tintucshowbiz', '#tintucgiaitri', '#tngocha', '#onlive', '#bray']","{'title': 'Energy boost - Instrumental - Winner P336', 'link': '/music/Energy-boost-Instrumental-7401165328607381520'}","{'likes': '347.5K', 'comments': '4412', 'shares': '52.7K'}",https://www.tiktok.com/@vbiznews/video/7525352701639609618
"{'username': 'showbiznhatbao', 'nickname': 'SHOWBIZ NHẬT BÁO'}",Mẹ của Ngọc Thanh Tâm đến chúc mừng vợ chồng Đạt G rồi vội vã ra về ❤️❤️,"['#NgocThanhTam', '#DatG', '#CindyLu', '#damcuoidatgcindylu', '#showbiznhatbao', '#nhatbaotv', '#xuhuongtiktok', '#TikTokGiaiTri']","{'title': 'Rồi Xong Lên Xe Bông - Quách Tuấn Du', 'link': '/music/Rồi-Xong-Lên-Xe-Bông-7098594942397728769'}","{'likes': '165.1K', 'comments': '719', 'shares': '1204'}",https://www.tiktok.com/@showbiznhatbao/video/7526554367042784528
"{'username': 'meowentertainmentvn', 'nickname': 'MEOW ENTERTAINMENT'}",Vừa vào đám cưới Hùng Thuận - Cường Đôla vội vã ra về còn bo thêm cho anh bảo vệ,"['#MeowEntertainment', '#Meownetwork', '#Saptinggg', '#Saptinshowbiz', '#Kindnmeow', '#Tiktokgiaitri']","{'title': 'Bật Đèn Xanh - Vân Anh Pinky', 'link': '/music/Bật-Đèn-Xanh-7441126118013192193'}","{'likes': '116.9K', 'comments': '1378', 'shares': '2034'}",https://www.tiktok.com/@meowentertainmentvn/video/7526168967916932372
"{'username': 'kenh14disoisaodi', 'nickname': 'Đi Soi Sao Đi'}","Thấy Hải Triều là thấy cơ cực, lam lũ tới nỗi áo rách luôn","['#HaiTrieu', '#DiSoiSaoDi', '#Kenh14', '#amm', '#TikTokgiaitri']","{'title': 'Cùng Thổi Bay Cô Vy (Instrumental) - P336 Band & O2O GirlBand & MCV Music & K14', 'link': '/music/Cùng-Thổi-Bay-Cô-Vy-Instrumental-7494259432605485072'}","{'likes': '43.2K', 'comments': '431', 'shares': '542'}",https://www.tiktok.com/@kenh14disoisaodi/video/7524732846154583313
"{'username': 'cameravietnam1988', 'nickname': 'Camera Việt Nam'}",Ca sĩ Nguyên Vũ vào thấp hương tiễn biệt siêu mẫu Nam Phong,"['#cameravietnam', '#nguoimaunamphong', '#casidantruong', '#showbiz', '#casinguyenvu', '#tanglenguoimaunamphong']","{'title': 'Nhạc đồng quê yên bình - Mộc Gtar', 'link': '/music/Nhạc-đồng-quê-yên-bình-7513825496535746561'}","{'likes': '90.2K', 'comments': '1809', 'shares': '679'}",https://www.tiktok.com/@cameravietnam1988/video/7525511899937623313
"{'username': 'windmusic221', 'nickname': 'Wind Showbiz'}",Chấn động: Hoàng Tử Drill bị một nam thanh niên lạ mặt gỡ mặt nạ ngay trên sân khấu.,"['#Hoangtudrill', '#windshowbiz', '#windmusic', '#xuhuong', '#emxinh', '#emxinhsayhi', '#tiktok']","{'title': 'nhạc nền  - hoangtudrill', 'link': '/music/nhạc-nền-hoangtudrill-7495731425572834049'}","{'likes': '100.6K', 'comments': '2400', 'shares': '4461'}",https://www.tiktok.com/@windmusic221/video/7526520966592220423
"{'username': 'vbiznews', 'nickname': 'Tin Tức Showbiz'}",Lúc này lúc kia =)),"['#tiktokgiaitri', '#vbiznews', '#tintucshowbiz', '#xoainon', '#xemesis', '#gille', '#vy']","{'title': 'Energy boost - Instrumental - Winner P336', 'link': '/music/Energy-boost-Instrumental-7401165328607381520'}","{'likes': '47.8K', 'comments': '1372', 'shares': '4029'}",https://www.tiktok.com/@vbiznews/video/7525822330644303105
"{'username': 'kenhnhacgenz', 'nickname': 'Kênh Nhạc GenZ 💦'}",Tương lai từ nay về sau chẳng lo nắng mưa dãi dầu,"['#tinhnamduyenbac', '#macvankhoa', '#kenhnhacgenz', '#nhachaymoingay']","{'title': 'Tình Nam Duyên Bắc - Mạc Văn Khoa', 'link': '/music/Tình-Nam-Duyên-Bắc-7100420638355409691'}","{'likes': '237.8K', 'comments': '1386', 'shares': '6842'}",https://www.tiktok.com/@kenhnhacgenz/video/7525127552994774293
"{'username': 'meowentertainmentvn', 'nickname': 'MEOW ENTERTAINMENT'}",Cindy Lư cùng con gái chào mọi người ra về sau đám cưới,"['#MeowEntertainment', '#Meownetwork', '#Saptinggg', '#Saptinshowbiz', '#Kindnmeow', '#Tiktokgiaitri']","{'title': 'Bật Đèn Xanh - Vân Anh Pinky', 'link': '/music/Bật-Đèn-Xanh-7441126118013192193'}","{'likes': '65.3K', 'comments': '212', 'shares': '343'}",https://www.tiktok.com/@meowentertainmentvn/video/7526622464776965396
"{'username': '4jennie80', 'nickname': 'KIMJENNIE'}",Jenroseeeeeeee DAY2😭😭😭,"['#jenrose', '#jennie', '#jenniekim', '#jennierubyjane', '#rose', '#Rose', '#roses_are_rosie', '#BLACKPINK', '#blackpinkday2', '#blackpink', '#blink', '#concert', '#concertblackpink', '#concertblackpink2025', '#fye', '#fyeシ', '#fyeeeeeeeeeepppppp', '#fyee', '#fyp', '#fypシ', '#fypシ゚viral', '#fypage', '#fyppppppppppppppppppppppp', '#froyou']","{'title': '오리지널 사운드  - 송로우_Songlou', 'link': '/music/오리지널-사운드-송로우Songlou-7234884333121669889'}","{'likes': '852.2K', 'comments': '651', 'shares': '16.9K'}",https://www.tiktok.com/@4jennie80/video/7524677374626286855
"{'username': 'sangmatchuaa', 'nickname': 'Sáng Mắt Chưa'}",có họ hàng thế này sĩ hết đời 🤣,"['#datg', '#cindylu', '#sangmatchua', '#tiktokxemphim', '#tiktoktrending']","{'title': 'Em Muốn Tự Do - Du Uyên & Thưởng', 'link': '/music/Em-Muốn-Tự-Do-7482805269850195969'}","{'likes': '113.8K', 'comments': '1036', 'shares': '4055'}",https://www.tiktok.com/@sangmatchuaa/video/7526801755192053000
"{'username': 'vutruxine', 'nickname': 'Vũ trụ xi nê'}",Cận cảnh nhan sắc đôi bạn thân cũ người lên hương người lại xuống,"['#vutruxine', '#huynhmy', '#miale', '#viral', '#tiktok']","{'title': 'nhạc nền  - Vũ trụ xi nê', 'link': '/music/nhạc-nền-Vũ-trụ-xi-nê-7524951292087765761'}","{'likes': '48.3K', 'comments': '152', 'shares': '5523'}",https://www.tiktok.com/@vutruxine/video/7524951258961038600
"{'username': 'edwardnhieuchuyen', 'nickname': 'Edward Nhiều Chuyện 🤫'}",Hic 🥹🥹🥹,"['#TikTokGiaiTri', '#edwardnhieuchuyen', '#haitrieu']","{'title': 'Cô Đơn Trong Nhà Mình - Chúng Ta Của Sau Này', 'link': '/music/Cô-Đơn-Trong-Nhà-Mình-6873007641526848257'}","{'likes': '99.9K', 'comments': '723', 'shares': '1075'}",https://www.tiktok.com/@edwardnhieuchuyen/video/7522449625983225095
"{'username': 'queendrama2025', 'nickname': 'Queên Drama'}",Cái cảm giác mà muốn chạm lại không chạm được,"['#queendrama', '#philliple', '#hamoi', '#vonunganha', '#nganha']","{'title': 'nhạc nền  - Queên Drama', 'link': '/music/nhạc-nền-Queên-Drama-7525306158752516880'}","{'likes': '74.8K', 'comments': '259', 'shares': '1913'}",https://www.tiktok.com/@queendrama2025/video/7525305716396084498
"{'username': 'quangtuanofficial0302', 'nickname': 'Quang Tuấn'}",Rì Viu Phòng Ngủ Của Cát Chính Tại Running Man Mùa 3,"['#emxinh', '#ngoquangtuan', '#runningmanvietnammua3', '#runningman', '#runningmanvietnamseason3']","{'title': 'nhạc nền  - Quang Tuấn', 'link': '/music/nhạc-nền-Quang-Tuấn-7524927772985527041'}","{'likes': '606.3K', 'comments': '13K', 'shares': '196.3K'}",https://www.tiktok.com/@quangtuanofficial0302/video/7524927038541647105
"{'username': 'hothitshowbiz', 'nickname': 'HOT HIT SHOWBIZ'}",,"['#hothitshowbiz', '#fyp', '#tiktokviral', '#learnontiktok', '#datg', '#cindylu', '#wedding', '#quoctruong']","{'title': 'Thay Lòng (Yang Remix) - Hương Ly, BD Media Music', 'link': '/music/Thay-Lòng-Yang-Remix-7020360795696106242'}","{'likes': '198.9K', 'comments': '1831', 'shares': '7684'}",https://www.tiktok.com/@hothitshowbiz/video/7526588241898736903
"{'username': 'lynn0293', 'nickname': '𝐆ó𝐜 𝐂ủ𝐚 𝐌â𝐲'}",Ở bên em bao muộn phiền lo lắng trong anh tan biến hết,"['#nguyenvantoan', '#hoaminzy']","{'title': 'nhạc nền  - 𝐆ó𝐜 𝐂ủ𝐚 𝐌â𝐲', 'link': '/music/nhạc-nền-𝐆ó𝐜-𝐂ủ𝐚-𝐌â𝐲-7525784362412804880'}","{'likes': '135.6K', 'comments': '653', 'shares': '1655'}",https://www.tiktok.com/@lynn0293/video/7525784339053907208
"{'username': 'cauvongshowbiz', 'nickname': 'CẦU VỒNG SHOWBIZ'}",Mắc cỡ,"['#lephuong', '#codunghongthoatkhoitoi', '#cauvongshowbiz', '#lehuynhthuyngan', '#vocanh', '#vocanhthuyngan', '#xuhuong']","{'title': 'nhạc nền  - Văn Sang', 'link': '/music/nhạc-nền-Văn-Sang-7494391248649472785'}","{'likes': '18.4K', 'comments': '214', 'shares': '223'}",https://www.tiktok.com/@cauvongshowbiz/video/7524984222646324498
"{'username': 'conkhom.khomcon', 'nickname': 'Con Khọm'}",Rumor thôi mà thương chị Phương quá,"['#conkhom', '#bichphuong', '#emxinhsayhi']","{'title': 'nhạc nền  - Con Khọm', 'link': '/music/nhạc-nền-Con-Khọm-7524580832376539905'}","{'likes': '57.4K', 'comments': '295', 'shares': '2250'}",https://www.tiktok.com/@conkhom.khomcon/video/7524575640033496327
"{'username': 'showbiznhatbao', 'nickname': 'SHOWBIZ NHẬT BÁO'}",Nhìn mà đau dùm luôn á 🥹🥹 đỉnhh ghê trời,"['#DatG', '#CindyLu', '#damcuoidatgcindylu', '#showbiznhatbao', '#nhatbaotv', '#xuhuongtiktok', '#TikTokGiaiTri']","{'title': 'Mai Mai Ben Nhau - Noo Phước Thịnh', 'link': '/music/Mai-Mai-Ben-Nhau-6824307927965239297'}","{'likes': '36.9K', 'comments': '1412', 'shares': '10.2K'}",https://www.tiktok.com/@showbiznhatbao/video/7526603186086481153
"{'username': 'huynhlapofficial', 'nickname': 'Huỳnh Lập Official'}",Ai nói cái gì vậy?,"['@Phương Mỹ Chi', '#huynhlap', '#phuongmychi', '#trending', '#content', '#love', '#trieuview', '#xuhuong', '#j4f']","{'title': 'original sound - Storage', 'link': '/music/original-sound-7368442174057073414'}","{'likes': '329.7K', 'comments': '1803', 'shares': '84.2K'}",https://www.tiktok.com/@huynhlapofficial/video/7526150844094369042
"{'username': 'nlinh_o0', 'nickname': 'Nhật Linh đời thường🩴'}",,"['#600kfl', '#ffyp']","{'title': 'nhạc nền  - ℂ𝕠 ℕ𝕘𝕦𝕪𝕖𝕥', 'link': '/music/nhạc-nền-ℂ𝕠-ℕ𝕘𝕦𝕪𝕖𝕥-7257752046827735814'}","{'likes': '575.8K', 'comments': '9199', 'shares': '345.5K'}",https://www.tiktok.com/@nlinh_o0/video/7525014544935030024
"{'username': 'mucnuong.09', 'nickname': 'Mực nướngg'}",Thoáng nghe câu giả dối...,"['#xuhuong', '#học', '#hè2025']","{'title': 'nhạc nền  - Quang Bán Cà Phê', 'link': '/music/nhạc-nền-Quang-Bán-Cà-Phê-7523468261599169296'}","{'likes': '280.3K', 'comments': '1685', 'shares': '31.8K'}",https://www.tiktok.com/@mucnuong.09/video/7525619785632107794
"{'username': 'luc.evisu', 'nickname': 'Lực Evisu'}",Thôi rồi đoạn tuyệt từ đây ✊👊,['#lucevisu'],"{'title': 'nhạc nền - Duy Tuấnn - duytuan2k4', 'link': '/music/nhạc-nền-Duy-Tuấnn-7515825380675095312'}","{'likes': '154.1K', 'comments': '2142', 'shares': '24.5K'}",https://www.tiktok.com/@luc.evisu/video/7524924823844211976
"{'username': 'louispham_203', 'nickname': 'Louispnp203'}",Trend chọn tui:),"['#louispham203', '@Louisnhoxiu', '@Louisxinkkkkk']","{'title': 'เสียงต้นฉบับ  - บูมมี่ยิม', 'link': '/music/เสียงต้นฉบับ-บูมมี่ยิม-7515797987860155152'}","{'likes': '896.8K', 'comments': '2128', 'shares': '41.4K'}",https://www.tiktok.com/@louispham_203/video/7520982249580399880
"{'username': 'khoadibao', 'nickname': 'Khoa Báo 🐆'}",Đưa tay ....,"['@Mia Lê', '@✨Hina Quỳnh Như✨']","{'title': 'nhạc nền  - Huỳnh Hải Sơn', 'link': '/music/nhạc-nền-Huỳnh-Hải-Sơn-7369914403531082513'}","{'likes': '53.5K', 'comments': '792', 'shares': '37.3K'}",https://www.tiktok.com/@khoadibao/video/7526046795118513416
"{'username': 'igchubby.thdh_1', 'nickname': 'H&M 👩🏻\u200d❤️\u200d💋\u200d👨🏻'}",Em có bồ hong,[],"{'title': 'nhạc nền - Blackpink kư🥀 - noirstore3', 'link': '/music/nhạc-nền-Blackpink-kư🥀-7102823177987148571'}","{'likes': '325K', 'comments': '1394', 'shares': '35.8K'}",https://www.tiktok.com/@igchubby.thdh_1/video/7523597462804696328
"{'username': 'hoanglananh31', 'nickname': 'Hoàng Lan Anh'}",khi nào hả a,[],"{'title': 'nhạc nền  - Duy Hưng 🐈\u200d⬛', 'link': '/music/nhạc-nền-Duy-Hưng-🐈\u200d⬛-7522685185025280785'}","{'likes': '208.6K', 'comments': '690', 'shares': '11.5K'}",https://www.tiktok.com/@hoanglananh31/video/7526411445794393352
"{'username': 'huongcoc92', 'nickname': '🍀Thắm Víp🍀'}",Hơi đen nhưng mà đẹp🤭,"['@Thắm Víp 2k3', '#fyp', '#tiktokgiaitri']","{'title': 'nhạc nền  - Bùi Nhật Linh', 'link': '/music/nhạc-nền-Bùi-Nhật-Linh-7522731159203023617'}","{'likes': '35.3K', 'comments': '2665', 'shares': '15.2K'}",https://www.tiktok.com/@huongcoc92/video/7524687797253360914
"{'username': 'nguyenthingochuyen0225', 'nickname': 'Nguyễn Thị Ngọc Huyền'}",Ói luôn🤣,"['#nguyenthingochuyen', '#makeup']","{'title': 'nhạc nền - Vy kitty🤡 - Nguyễn Vy😔', 'link': '/music/nhạc-nền-Vy-kitty🤡-7497872345080662785'}","{'likes': '179.2K', 'comments': '2453', 'shares': '6007'}",https://www.tiktok.com/@nguyenthingochuyen0225/video/7524216728793009415
"{'username': 'maitrithuc2020', 'nickname': 'Mai Trí Thức'}",Ráng lên em,[],"{'title': 'nhạc nền  - 3,14', 'link': '/music/nhạc-nền-314-7195772490504342298'}","{'likes': '137K', 'comments': '5775', 'shares': '154.9K'}",https://www.tiktok.com/@maitrithuc2020/video/7524719306983165202
"{'username': 'katie_ngyen', 'nickname': 'Lê Tuấn Kha'}",,"['#xhtiktok', '#xh']","{'title': 'nhạc nền  - 🥷🏻', 'link': '/music/nhạc-nền-🥷🏻-7523895531811965697'}","{'likes': '118K', 'comments': '1802', 'shares': '6769'}",https://www.tiktok.com/@katie_ngyen/video/7526381470504537352
"{'username': 'tin_nguyen_9', 'nickname': 'Tín Nguyễn'}",View này có quen không học viên của,"['@T&9 Dance Studio', '#tinnguyen', '#lightontv']","{'title': 'nhạc nền - Vy kitty🤡 - Nguyễn Vy😔', 'link': '/music/nhạc-nền-Vy-kitty🤡-7497872345080662785'}","{'likes': '254K', 'comments': '2609', 'shares': '4799'}",https://www.tiktok.com/@tin_nguyen_9/video/7525767432036683016
"{'username': 'hincamdiec', 'nickname': '𝓗𝓲𝓷🐥'}",Rất bức xúc,['#j4f'],"{'title': 'Hàng Xóm Là Thánh Soi - 6 nhất tiktok', 'link': '/music/Hàng-Xóm-Là-Thánh-Soi-6639911376514976514'}","{'likes': '132.8K', 'comments': '444', 'shares': '8128'}",https://www.tiktok.com/@hincamdiec/video/7525644268472487176
"{'username': 'kimanhne_36', 'nickname': '𝐊𝐚𝐧𝐡 𝐃𝐚̂𝐮𝐮 🍓'}",Mệnh ai nấy nhép ??,"['@𝓚𝓲𝓶 𝓐𝓷𝓱 🇻🇳', '@Trần Nhật Tân', '@SHIN NHẬT TRƯỜNG 🇻🇳', '@Dep zai thì đổi tên🍦', '@Lương Quỳnh Như', '@✨ Min Minn ✨', '@Hong Anh', '@minhle', '@Minh Hiền', '@𝑯𝒊𝒆̂́𝒖 𝑳𝒆̂', '#kanhdau', '#xuhuong']","{'title': 'Bố tiên sư m ẹ mày là thg mặt l - Đào Nguyễn Ánh 🎭', 'link': '/music/Bố-tiên-sư-m-ẹ-mày-là-thg-mặt-l-7254032502710536965'}","{'likes': '101.3K', 'comments': '474', 'shares': '2168'}",https://www.tiktok.com/@kimanhne_36/video/7526090688073567496
"{'username': 'lgni.anil_19', 'nickname': '𝔫𝔞'}",lên tiếp con nhạc cho ae drip drill,"['#fyp', '#viral', '#quockang', '#quockangmaidinh']","{'title': 'Last night in hood - Talktoem’pAi', 'link': '/music/Last-night-in-hood-7522715818791127821'}","{'likes': '221.3K', 'comments': '5369', 'shares': '26.1K'}",https://www.tiktok.com/@lgni.anil_19/video/7524934570886712594
"{'username': 'uyenan.h', 'nickname': 'Huỳnh Uyển Ân'}",Quên bài 🤭,['#uyenan'],"{'title': 'Tần số chung MiiNa - ctri', 'link': '/music/Tần-số-chung-MiiNa-7506491962544605969'}","{'likes': '132.8K', 'comments': '971', 'shares': '3031'}",https://www.tiktok.com/@uyenan.h/video/7526006180234136839
"{'username': 'nlinh_o0', 'nickname': 'Nhật Linh đời thường🩴'}",,"['#NhanVatChinh', '#600kfl', '#fyp']","{'title': 'nhạc nền  - ℂ𝕠 ℕ𝕘𝕦𝕪𝕖𝕥', 'link': '/music/nhạc-nền-ℂ𝕠-ℕ𝕘𝕦𝕪𝕖𝕥-7257752046827735814'}","{'likes': '241.1K', 'comments': '9189', 'shares': '33.9K'}",https://www.tiktok.com/@nlinh_o0/video/7526466977901186312
"{'username': 'ltvi', 'nickname': 'Lê Tú Vi'}",Gan dữ rồi!,[],"{'title': 'nhạc nền  - Ông Bố 3 Vịt Giời', 'link': '/music/nhạc-nền-Ông-Bố-3-Vịt-Giời-7493895529760328465'}","{'likes': '31K', 'comments': '361', 'shares': '394'}",https://www.tiktok.com/@ltvi/video/7525393792698944775
"{'username': 'huongsyu', 'nickname': 'Hương Sicula🍫🍫🍫'}",Ngày này cũng đã tới 👩🏻‍🎓🥳♥️,"['#xuhuong', '#fyp', '#viral', '#graduation', '#hutech']","{'title': 'nhạc nền  - Hương Sicula🍫🍫🍫', 'link': '/music/nhạc-nền-Hương-Sicula🍫🍫🍫-7524674046089317121'}","{'likes': '378.4K', 'comments': '2682', 'shares': '4777'}",https://www.tiktok.com/@huongsyu/video/7524674016330845447
"{'username': 'rc.world.vn', 'nickname': 'RC World'}",Có thể là đến chiều thật đấy :)))),"['#rcworldvietnam', '#remotecontrol', '#game', '#q10', '#hcm']","{'title': 'AI SỢ THÌ ĐI VỀ - Guxxi', 'link': '/music/AI-SỢ-THÌ-ĐI-VỀ-7408571512674256912'}","{'likes': '215.8K', 'comments': '4275', 'shares': '67.4K'}",https://www.tiktok.com/@rc.world.vn/video/7526438735915896082
"{'username': 'rdlcqquv9ec', 'nickname': 'Lyra'}",,"['#beauty', '#girl', '#followme', '#fyp', '#pretty', '#beautiful']","{'title': 'Cheap Thrills - Beauty Queen 👑🇻🇳', 'link': '/music/Cheap-Thrills-6838061113121262338'}","{'likes': '601.9K', 'comments': '9845', 'shares': '46.5K'}",https://www.tiktok.com/@rdlcqquv9ec/video/7523622436139584823
"{'username': 'dieulinhh2612', 'nickname': 'Tran linh🫧'}",,"['#xuhuongdalat', '#xuhuongdalat']","{'title': 'nhạc nền  - Đà Lạt +', 'link': '/music/nhạc-nền-Đà-Lạt-7313463807073536769'}","{'likes': '120.6K', 'comments': '662', 'shares': '8062'}",https://www.tiktok.com/@dieulinhh2612/video/7525356789634829575
"{'username': 'klook_vietnam', 'nickname': 'Klook Vietnam'}",Trò chơi ghê và la đã nhứt ở VinWonders Nam Hội An gọi tên trò này nha....,"['#vinwondersnamhoian', '#namhoian', '#hoian', '#conlocsamac', '#fypシ', '#trending', '#vietnam', '#travel', '#fypシ゚viral', '#funny', '#funnyvideos', '#tiktoktravel', '#xuhuongtiktok']","{'title': 'original sound  - Klook Vietnam', 'link': '/music/original-sound-Klook-Vietnam-7523970134327757584'}","{'likes': '158.4K', 'comments': '2561', 'shares': '45.3K'}",https://www.tiktok.com/@klook_vietnam/video/7523970105886149906
"{'username': 'tuantudo86', 'nickname': 'Tuấn ""Tự Do""'}",Buổi học cuối cùng tại Hồng Tiến | Phần 11 | Chuẩn bị kiểm tra phòng nhân viên,"['#tuantudo', '#quannhautudo', '#vtmgr', '#learnontiktok']","{'title': 'nhạc nền  - Tuấn ""Tự Do""', 'link': '/music/nhạc-nền-Tuấn-Tự-Do-7525002603164453648'}","{'likes': '143.4K', 'comments': '655', 'shares': '1347'}",https://www.tiktok.com/@tuantudo86/video/7525002500018031880
"{'username': 'mechunchinoii', 'nickname': 'Mẹ ChunChin'}",Lâu không vào bếp,"['#kitchen', '#hack', '#life', '#xuhuong', '#fyp']","{'title': 'suara asli - H 7 7 7 Y - MAMUD', 'link': '/music/suara-asli-H-7-7-7-Y-7213025211377027867'}","{'likes': '12.9K', 'comments': '104', 'shares': '1154'}",https://www.tiktok.com/@mechunchinoii/video/7526089417442774290
"{'username': 'uymoi97', 'nickname': 'Uý Phức Tạp'}",Cái kết đón cô bé đi concert,"['@kimchichii🍄🦀', '#uymoi', '#uyphuctap', '#xeomcongnghe', '#xeomvlog', '#vacaiket', '#grab']","{'title': 'nhạc nền  - Uý Phức Tạp', 'link': '/music/nhạc-nền-Uý-Phức-Tạp-7523937557286013713'}","{'likes': '472.3K', 'comments': '4578', 'shares': '10.4K'}",https://www.tiktok.com/@uymoi97/video/7523937505012419847
"{'username': 'congviennuocvwnt', 'nickname': 'Công Viên Nước🌊VWNT'}","Gần mực thì đen, gần thiên nhiên thì bị đen, Công Viên Nước VinWonders Nha Trang có rắn đen…","['#congviennuoc', '#dulich', '#greencreator', '#vinwonders', '#vinpearl', '#wondersummer2025', '#vinpearlgolf']","{'title': 'Gần Mực Thì Đen - Di Di', 'link': '/music/Gần-Mực-Thì-Đen-7503530513060842257'}","{'likes': '67K', 'comments': '488', 'shares': '8052'}",https://www.tiktok.com/@congviennuocvwnt/video/7526427775238950162
"{'username': 'trochoimongoland', 'nickname': 'Trò Chơi Mongo Land Đà Lạt'}",Trượt phao chill quá cả nhà ơi,"['#mongoland', '#dalat', '#trochoi', '#truotphao', '#trochoidalat', '#dulichdalat']","{'title': 'Love Story - Indila - Penguin Piano', 'link': '/music/Love-Story-Indila-7340829413377312770'}","{'likes': '83.9K', 'comments': '824', 'shares': '4557'}",https://www.tiktok.com/@trochoimongoland/video/7524294249655864594
"{'username': 'quanganhsurprise', 'nickname': '✨ Quang Anh Surprise ✨'}",Triệu lộ tư phiên bản tốt nghiệp cả hội trường cười bò :)) 🤣🤣 ( có hậu trường ),"['#graduation', '#dtu', '#duytanuniversity', '#daihocduytan', '#xuhuong', '#fyp', '#viral']","{'title': 'nhạc nền  - Quất Tử 橘子', 'link': '/music/nhạc-nền-Quất-Tử-橘子-7512842351078542096'}","{'likes': '145.3K', 'comments': '2441', 'shares': '4044'}",https://www.tiktok.com/@quanganhsurprise/video/7520880920870522130
"{'username': 'gulkhanabukhan', 'nickname': 'Gulkhan Abukhan'}",Звук топ 🤣🙏🏻,[],"{'title': 'оригинальный звук - Zangar', 'link': '/music/оригинальный-звук-7523961563876920120'}","{'likes': '5M', 'comments': '7353', 'shares': '161.7K'}",https://www.tiktok.com/@gulkhanabukhan/video/7526142718343433478
"{'username': 'vya2209', 'nickname': 'A Vy'}",Bắp rang phô maii 👅,[],"{'title': 'nhạc nền  - Bin Yet quãi đạn 📸', 'link': '/music/nhạc-nền-Bin-Yet-quãi-đạn-📸-7518000305552804625'}","{'likes': '276.3K', 'comments': '1545', 'shares': '7173'}",https://www.tiktok.com/@vya2209/video/7523241458573266194
"{'username': 'totomuzy', 'nickname': 'Fantastic Stories'}",Tiny Workers Restore Cracked Lips in Realistic ASMR Macro,"['#beautycleaning', '#asmr', '#macroart', '#realismlips', '#tinyworkers', '#satisfying', '#weirdcore', '#surrealvideo', '#skinrepair', '#3drender', '#beautycleaning']","{'title': 'оригінальний аудіозапис – Fantastic Stories - Fantastic Stories', 'link': '/music/оригінальний-аудіозапис-–-Fantastic-Stories-7523625274459720453'}","{'likes': '804K', 'comments': '2569', 'shares': '172.5K'}",https://www.tiktok.com/@totomuzy/video/7523625257442348344
"{'username': 'amazingfunny643', 'nickname': 'AMAZING FUNNY'}",@AMAZING FUNNY,[],"{'title': 'Originalton - funnyvideos', 'link': '/music/Originalton-7357377038493666081'}","{'likes': '9.1M', 'comments': '29.3K', 'shares': '117.3K'}",https://www.tiktok.com/@amazingfunny643/video/7516608363057122574
"{'username': 'duongtrieuvuu', 'nickname': 'Dương Triệu Vũ'}",Sao bình thường cái gì bên Mỹ cũng bự mà nhà em trồng cây ổi ra trái em tưởng trái hạt tiêu 😂,[],"{'title': 'nhạc nền  - Dương Triệu Vũ', 'link': '/music/nhạc-nền-Dương-Triệu-Vũ-7523780882893703953'}","{'likes': '66.3K', 'comments': '750', 'shares': '844'}",https://www.tiktok.com/@duongtrieuvuu/video/7523780863876713736
"{'username': 'ngoc_2761', 'nickname': 'Nguyễn Thị Ngọc'}",Phát hoảng vì soi filter không lấy một cùi mụn 🤣🤣,"['#tiktokviral', '#xuhuongtiktok', '#fypシ゚']","{'title': 'nhạc nền  - Nolove🖤', 'link': '/music/nhạc-nền-Nolove🖤-7484981218019150609'}","{'likes': '21.6K', 'comments': '744', 'shares': '515'}",https://www.tiktok.com/@ngoc_2761/video/7524570927552630036
"{'username': 'huy20db', 'nickname': 'huyền đang ế'}",,"['#8x9x', '#8x9x_tuổi_thơ', '#quêhươngtôi', '#quêtôi', '#tuổithơ', '#tuổitrẻ']","{'title': 'nhạc nền  - huyền đang ế', 'link': '/music/nhạc-nền-huyền-đang-ế-7524366627052342032'}","{'likes': '32.1K', 'comments': '1989', 'shares': '2012'}",https://www.tiktok.com/@huy20db/video/7524366582538128661
"{'username': 'cheducanh04', 'nickname': 'Chế Đức Anh'}",Cuối cùng ngày này cũng đã đến,"['#cheducanh', '#xuhuong']","{'title': 'nhạc nền  - Chế Đức Anh', 'link': '/music/nhạc-nền-Chế-Đức-Anh-7526156543810095888'}","{'likes': '210.1K', 'comments': '1232', 'shares': '5125'}",https://www.tiktok.com/@cheducanh04/video/7526156422602624264
"{'username': 'dangthuhaf', 'nickname': 'Đặng Thu Hà'}",Chắc tại quên bước kẻ mắt nên chưa giống thôi =)))),"['#dangthuha', '#dangthuhaf', '#schannel']","{'title': 'nhạc nền  - Đặng Thu Hà', 'link': '/music/nhạc-nền-Đặng-Thu-Hà-7525450014315809553'}","{'likes': '165.8K', 'comments': '336', 'shares': '1228'}",https://www.tiktok.com/@dangthuhaf/video/7525449973115178248
"{'username': '1900hairsalon.official', 'nickname': '1900 Hair Salon'}","Hàm răng mái tóc. Là góc con người.      Nụ cười của Con rất xinh đẹp, một mái tóc mới sẽ đem lại nhiều niềm vui cho Con","['#1900hairsalon', '#hientoc', '#theanh28']","{'title': 'Future - Official Sound Studio', 'link': '/music/Future-6693354155173481218'}","{'likes': '159K', 'comments': '5338', 'shares': '8995'}",https://www.tiktok.com/@1900hairsalon.official/video/7524148638478519559
"{'username': 'giaovienc3', 'nickname': 'Giáo Viên Gia Đình'}",ghét thậc,"['#xh', '#giaoviencap3', '#giaoviengiadinh']","{'title': 'nhạc nền  - Giáo Viên Gia Đình', 'link': '/music/nhạc-nền-Giáo-Viên-Gia-Đình-7526426191520074497'}","{'likes': '53.1K', 'comments': '230', 'shares': '2932'}",https://www.tiktok.com/@giaovienc3/video/7526426152697711890
"{'username': 'oanhtieudong_td', 'nickname': '⋆˚࿔ Shoto𝜗𝜚˚⋆'}",Ý là cũng cũng=)),"['#togahimiko', '#toga', '#himiko', '#flopcutdi', '#xuhuong', '#viral']","{'title': 'Teen Sái Cổ (Machimix) (Cut 1) - Machiot & tlinh', 'link': '/music/Teen-Sái-Cổ-Machimix-Cut-1-7508772901329209345'}","{'likes': '170.3K', 'comments': '1712', 'shares': '7102'}",https://www.tiktok.com/@oanhtieudong_td/video/7524237260389240071
"{'username': 'tdk2barbershop', 'nickname': 'TDK2 Barber Shop'}",Có chơi có chịu:)),"['#tdk2barbershop', '#barbershop', '#tocnamdep', '#xuhuong']","{'title': 'nhạc nền - CAPCUT 🇻🇳 - Percent?', 'link': '/music/nhạc-nền-CAPCUT-🇻🇳-7274893868951227138'}","{'likes': '394.7K', 'comments': '1754', 'shares': '9200'}",https://www.tiktok.com/@tdk2barbershop/video/7524508689080782081
"{'username': 'du_duong_tap_phoi_do', 'nickname': 'DuDương dáng 🔻'}",,"['#viral', '#myhair', '#myhairstyle']","{'title': 'GRR - Fantomel', 'link': '/music/GRR-7508780693699463938'}","{'likes': '87.7K', 'comments': '257', 'shares': '1468'}",https://www.tiktok.com/@du_duong_tap_phoi_do/video/7525819506845928711
"{'username': 'nhakhoaduyngoc_5ae', 'nickname': 'Nha khoa Duy Ngọc'}",,['#nhakhoaduyngoc'],"{'title': 'nhạc nền  - Nha khoa Duy Ngọc', 'link': '/music/nhạc-nền-Nha-khoa-Duy-Ngọc-7521766576824666897'}","{'likes': '193.5K', 'comments': '3070', 'shares': '21.1K'}",https://www.tiktok.com/@nhakhoaduyngoc_5ae/video/7521766544028847380
"{'username': 'giohanhphuc9', 'nickname': 'Giờ Hạnh Phúc'}","Lễ rửa đầu sau lễ xuống tóc hihi. Một tháng mình thường xuống tóc 2-3 lần, mỗi lần mình lại ủng hộ một ông thợ tóc khác nhau,và một người gội đầu khác nhau. Mình có thể mua tăng đơ về tự cạo trọc nhưng mình không mua, vì mình thích được ủng hộ nhằm tạo công ăn việc làm cho những người cắt tóc ven đường...! Cảm ơn bạn đã đón xem, động viên, khích lệ và ủng hộ mình. Biết ơn bạn nhiều lắm!",['@giohanhphuc99'],"{'title': 'original sound  - Giờ Hạnh Phúc', 'link': '/music/original-sound-Giờ-Hạnh-Phúc-7525452396814699281'}","{'likes': '69.7K', 'comments': '614', 'shares': '18.6K'}",https://www.tiktok.com/@giohanhphuc9/video/7525452296201784577
"{'username': 'dailywithbong', 'nickname': 'Daily with Bông 🌸'}",your sign to get,"['#microbangs', '#fyp']","{'title': 'original sound - Pro Mitch Music', 'link': '/music/original-sound-6890277581002738438'}","{'likes': '241.9K', 'comments': '1413', 'shares': '41.6K'}",https://www.tiktok.com/@dailywithbong/video/7523162526582836488
"{'username': 'truongbarber89hy', 'nickname': 'Tóc nam đẹp 89 Hưng yên'}",Con màu chơi mùa hè cảm thấy mát lạnh hết cả người,"['#tócnamđẹp89hưngyên', '#tócđẹp', '#biến_hình', '#màunhuộmđẹp', '#uốntoc', '#layerbung', '#tócnam', '#uốntocnam', '#màu_tóc_đẹp']","{'title': 'nhạc nền  - Tóc nam đẹp 89 Hưng yên', 'link': '/music/nhạc-nền-Tóc-nam-đẹp-89-Hưng-yên-7522459468715264769'}","{'likes': '63.4K', 'comments': '1634', 'shares': '2317'}",https://www.tiktok.com/@truongbarber89hy/video/7522459442684775698
"{'username': 'tiktokcreators_vn', 'nickname': 'TikTok Creators Vietnam'}",Bật mood ‘em xinh’ cùng,['#goclamdep'],"{'title': 'original sound  - TikTok Creators Vietnam', 'link': '/music/original-sound-TikTok-Creators-Vietnam-7522480660376767233'}","{'likes': '20.5K', 'comments': '1033', 'shares': '2676'}",https://www.tiktok.com/@tiktokcreators_vn/video/7522480608015092999
"{'username': 'panh15.10', 'nickname': 'ChếHoàng PhươngAnh'}",Chiến này tới công chiện với Panh,"['@Chế Đức Anh', '#vtcosmeticsxskvn', '#vtmaskcollagen', '@VTCosmetics x SKVN', '@StyleKorean_VN']","{'title': 'nhạc nền  - ChếHoàng PhươngAnh', 'link': '/music/nhạc-nền-ChếHoàng-PhươngAnh-7526156297310325521'}","{'likes': '84.2K', 'comments': '330', 'shares': '609'}",https://www.tiktok.com/@panh15.10/video/7526156261176495378
"{'username': 'meymeyxink28', 'nickname': 'TeaMey'}",Coi video mới để biết kết quả sau gần 1 tuần ủ bột nha,"['#botthaomoc', '#trangda', '#trangdatainha']","{'title': 'nhạc nền  - sầu ka', 'link': '/music/nhạc-nền-sầu-ka-7489597801056963334'}","{'likes': '41.6K', 'comments': '832', 'shares': '12.1K'}",https://www.tiktok.com/@meymeyxink28/video/7524250330641550599
"{'username': 'eimichann', 'nickname': 'EimiChan'}",Trả lời,"['@H. L. Uyên', '#lamdep', '#skincare', '#eimichan', '#NVNM', '#TNK5', '#bdpun']","{'title': 'nhạc nền  - EimiChan', 'link': '/music/nhạc-nền-EimiChan-7523234183259425553'}","{'likes': '42.7K', 'comments': '927', 'shares': '3132'}",https://www.tiktok.com/@eimichann/video/7523234147070971144
"{'username': 'taitc2000', 'nickname': 'TÀI TC 🇻🇳'}",Chỉ ẻm chơi trên pc,"['#taitc', '#8NamFreeFire']","{'title': 'nhạc nền  - TÀI TC 🇻🇳', 'link': '/music/nhạc-nền-TÀI-TC-🇻🇳-7524632282972818177'}","{'likes': '179.2K', 'comments': '1602', 'shares': '2107'}",https://www.tiktok.com/@taitc2000/video/7524632233605451016
"{'username': 'bequynhff21.2', 'nickname': 'Bé Quỳnh FF🐰'}",Ai mà hãy dỗi vậy nhỉ 😉,"['#bequynhff', '#nhasangtaofreefire', '#8NamFreeFire']","{'title': 'nhạc nền  - Bé Quỳnh FF🐰', 'link': '/music/nhạc-nền-Bé-Quỳnh-FF🐰-7525722728494582544'}","{'likes': '134.2K', 'comments': '2642', 'shares': '5239'}",https://www.tiktok.com/@bequynhff21.2/video/7525722706474536210
"{'username': 'thaodangyeuuu04', 'nickname': 'NTヽMèoSợYêu❀'}",Tôi không nên đặt niềm tin vào cậu taaa,"['#8namfreefire', '#meosoyeu', '#gđmeosoyeu', '#gdkhameo', '#gđkhameo', '#nhasangtaofreefire', '#gamingontiktok', '#ugc8t']","{'title': 'nhạc nền  - NTヽMèoSợYêu❀', 'link': '/music/nhạc-nền-NTヽMèoSợYêu❀-7525777574711085825'}","{'likes': '126.5K', 'comments': '1154', 'shares': '1820'}",https://www.tiktok.com/@thaodangyeuuu04/video/7525777550413565202
"{'username': 'jeeker97', 'nickname': 'Jeeker'}",Trả lời,"['@F.    TuyếtHà? ㊢ 🍼🧸', '#WhatToPlay', '#Jeeker', '#GamingOnTikTok', '#8namfreefire', '#freefire']","{'title': 'nhạc nền  - Jeeker', 'link': '/music/nhạc-nền-Jeeker-7524655091295456016'}","{'likes': '235.1K', 'comments': '12.5K', 'shares': '22.5K'}",https://www.tiktok.com/@jeeker97/video/7524654995124374805
"{'username': 'garancg', 'nickname': 'Gà Rán Chiên Giòn'}",Phim ngắn : Em gái của tôi tập 4,"['#freefire', '#garenafreefire', '#8namfreefire']","{'title': 'nhạc nền  - Gà Rán Chiên Giòn', 'link': '/music/nhạc-nền-Gà-Rán-Chiên-Giòn-7525051071446666000'}","{'likes': '57.9K', 'comments': '1086', 'shares': '1309'}",https://www.tiktok.com/@garancg/video/7525050974017228052
"{'username': 'phanlocdz69', 'nickname': 'Lộc Cá Chép 🐟'}",ai nói tui không dám du trend này 😆.,"['#freefire', '#loccachep', '#8NamFreeFire', '#nhasangtaofreefire', '#gamingontiktok', '#BeLenDoUGC']","{'title': 'nhạc nền  - Lộc Cá Chép 🐟', 'link': '/music/nhạc-nền-Lộc-Cá-Chép-🐟-7525623624926087953'}","{'likes': '273.7K', 'comments': '8313', 'shares': '10.3K'}",https://www.tiktok.com/@phanlocdz69/video/7525623429735779591
"{'username': 'huyenranchu', 'nickname': 'Huyền Ranchu'}",Chơi gần 3 chục lần k thắng nổi 😅,"['#quanghai', '#chuthanhhuyen', '#Lido', '#fyp']","{'title': 'nhạc nền  - Huyền Ranchu', 'link': '/music/nhạc-nền-Huyền-Ranchu-7524990475607100176'}","{'likes': '96.3K', 'comments': '183', 'shares': '1294'}",https://www.tiktok.com/@huyenranchu/video/7524990447937129746
"{'username': 'daquavis_mc', 'nickname': 'Daquavis'}",Minecraft memes,"['#minecraft', '#minecraftmemes', '#minecrafter']","{'title': 'original sound - Daquavis', 'link': '/music/original-sound-7525228947118803725'}","{'likes': '849.1K', 'comments': '1878', 'shares': '9021'}",https://www.tiktok.com/@daquavis_mc/video/7525228829271543054
"{'username': 'boboo7720', 'nickname': '𝓒𝓮𝓶...!'}",Cái gì mà...!,"['#nhasangtaofreefire', '#cem', '#garenafreefire', '#xhfreefire', '#8NamFreeFire', '#cemdqb']","{'title': 'nhạc nền  - 𝓒𝓮𝓶...!', 'link': '/music/nhạc-nền-𝓒𝓮𝓶-7525405424809118465'}","{'likes': '203.7K', 'comments': '3227', 'shares': '6107'}",https://www.tiktok.com/@boboo7720/video/7525405357661834503
"{'username': 'reallongr', 'nickname': 'LongR'}",Tranh thủ troll lại chị Quỳnh🤫,"['#nhasangtaofreefire', '#freefire', '#longr', '#8namfreefire']","{'title': 'nhạc nền  - LongR', 'link': '/music/nhạc-nền-LongR-7524625381589371664'}","{'likes': '99.4K', 'comments': '2718', 'shares': '2414'}",https://www.tiktok.com/@reallongr/video/7524625342338780434
"{'username': 'bequynhff21.2', 'nickname': 'Bé Quỳnh FF🐰'}",Thật là xác định đó nha,"['#bequynhff', '#nhasangtaofreefire', '#8NamFreeFire']","{'title': 'nhạc nền  - Bé Quỳnh FF🐰', 'link': '/music/nhạc-nền-Bé-Quỳnh-FF🐰-7524675883597056784'}","{'likes': '136K', 'comments': '2881', 'shares': '1440'}",https://www.tiktok.com/@bequynhff21.2/video/7524675856975809810
"{'username': 'peo151012_25', 'nickname': 'PÈO PEL - TP🐧'}",Nhìn styler ngứa cả con mắt🤮,"['#chịdai', '#mấyconngua🥰', '#đihoc', '#fyp', '#content', '#xh', '#xuhuong']","{'title': 'nhạc nền  - PÈO PEL - TP🐧', 'link': '/music/nhạc-nền-PÈO-PEL-TP🐧-7525640760922770177'}","{'likes': '174K', 'comments': '6551', 'shares': '38.5K'}",https://www.tiktok.com/@peo151012_25/video/7525640734586752263
"{'username': 'garancg', 'nickname': 'Gà Rán Chiên Giòn'}",Phim ngắn : Em gái của tôi tập 6,"['#freefire', '#garenafreefire', '#8namfreefire']","{'title': 'nhạc nền  - Gà Rán Chiên Giòn', 'link': '/music/nhạc-nền-Gà-Rán-Chiên-Giòn-7525796334394280721'}","{'likes': '45.3K', 'comments': '812', 'shares': '1163'}",https://www.tiktok.com/@garancg/video/7525796288667946261
"{'username': 'hanissey.baohan', 'nickname': 'Hanisseynichi 🔎🕵🏼'}",Em xin lỗi ...,['@Duy Lê'],"{'title': 'erm - chuột xào🐹', 'link': '/music/erm-7430350513599712016'}","{'likes': '89.3K', 'comments': '2248', 'shares': '11K'}",https://www.tiktok.com/@hanissey.baohan/video/7519737030625070343
"{'username': 'dautay196_', 'nickname': '🇩â🇺🍓🍓🍓'}",có cách hết🐱👍,"['#xuhuong', '#handmade', '#pov', '#liênquânmobile']","{'title': 'nhạc nền  - 🇩â🇺🍓🍓🍓', 'link': '/music/nhạc-nền-🇩â🇺🍓🍓🍓-7525498132839418625'}","{'likes': '149.2K', 'comments': '3929', 'shares': '118K'}",https://www.tiktok.com/@dautay196_/video/7525498100991937812
"{'username': 'hongle9911', 'nickname': 'Hồng Lê Tạp Hoá 🐝'}","Chịuuu , chơi game mà nhọc 😂","['#giaitri', '#game', '#viral', '#giaitritiktok']","{'title': 'nhạc nền  - Hồng Lê Tạp Hoá 🐝', 'link': '/music/nhạc-nền-Hồng-Lê-Tạp-Hoá-🐝-7524219246449150736'}","{'likes': '39.1K', 'comments': '226', 'shares': '956'}",https://www.tiktok.com/@hongle9911/video/7524219215927266567
"{'username': 'bequynhff21.2', 'nickname': 'Bé Quỳnh FF🐰'}",Nay được gánh vui quá😗,"['#bequynhff', '#nhasangtaofreefire', '#8NamFreeFire']","{'title': 'nhạc nền  - Bé Quỳnh FF🐰', 'link': '/music/nhạc-nền-Bé-Quỳnh-FF🐰-7526014296495000321'}","{'likes': '79.5K', 'comments': '2268', 'shares': '1843'}",https://www.tiktok.com/@bequynhff21.2/video/7526014256748301575
"{'username': 'garancg', 'nickname': 'Gà Rán Chiên Giòn'}",Phim ngắn : Em gái của tôi tập 2,"['#freefire', '#garenafreefire', '#8namfreefire']","{'title': 'nhạc nền  - Gà Rán Chiên Giòn', 'link': '/music/nhạc-nền-Gà-Rán-Chiên-Giòn-7523935203707800337'}","{'likes': '101.7K', 'comments': '1694', 'shares': '2894'}",https://www.tiktok.com/@garancg/video/7523935148983782664
"{'username': 'cothitv18', 'nickname': 'Cô Thi TV'}",Là sao nữa vậy 😤,"['#cothitv20', '#GamingOnTikTok', '#8namfreefire', '#sinhnhatffkol']","{'title': 'Scheming Weasel - Tsoulfas Panormitis', 'link': '/music/Scheming-Weasel-6871631467076799234'}","{'likes': '77.2K', 'comments': '793', 'shares': '1007'}",https://www.tiktok.com/@cothitv18/video/7524945852046019848
"{'username': 'thaodangyeuuu04', 'nickname': 'NTヽMèoSợYêu❀'}",Tui tưởng Linh và Nhi là cùng một người... sao em lại dỗi nhỉ ??,"['#8namfreefire', '#meosoyeu', '#gđmeosoyeu', '#gdkhameo', '#gđkhameo', '#nhasangtaofreefire', '#gamingontiktok', '#ugc8t']","{'title': 'nhạc nền  - NTヽMèoSợYêu❀', 'link': '/music/nhạc-nền-NTヽMèoSợYêu❀-7525762629248371473'}","{'likes': '56.9K', 'comments': '716', 'shares': '993'}",https://www.tiktok.com/@thaodangyeuuu04/video/7525762541436374290
"{'username': 'huongstore.06', 'nickname': 'Kem che khuyết điểm 🐰'}",Bùn vậy,"['#kemchekhuyetdiem', '#chekhuyetdiemxuatsac', '#kemtrangda', '#xuhuongtiktok', '#chekhuyetdiem', '#kemchexam', '#nangtone']","{'title': 'Hoa Sa Đéc - 𝓑𝓸̂𝓷𝓰  🌻', 'link': '/music/Hoa-Sa-Đéc-6998407967250975514'}","{'likes': '706.7K', 'comments': '7979', 'shares': '26.7K'}",https://www.tiktok.com/@huongstore.06/video/7525692408676224272
"{'username': 'ngcuong379', 'nickname': 'Bố Bé Mỡ'}",,['@Hà Phượng'],"{'title': 'nhạc nền - Too và những chiếc quần 👖 - Tô Nam Anh 🍀', 'link': '/music/nhạc-nền-Too-và-những-chiếc-quần-👖-7102354851752971035'}","{'likes': '989K', 'comments': '12.5K', 'shares': '464K'}",https://www.tiktok.com/@ngcuong379/video/7524911077809786128
"{'username': 'dipquanne', 'nickname': 'Dịp Quân'}",Né cái tay gặp ngay cái cột,['#couple'],"{'title': 'nhạc nền  - Dịp Quân', 'link': '/music/nhạc-nền-Dịp-Quân-7524545593814469392'}","{'likes': '488.6K', 'comments': '8201', 'shares': '147.1K'}",https://www.tiktok.com/@dipquanne/video/7524545567163256082
"{'username': 'phuonganhle305', 'nickname': 'Phanh nè🌸'}",Ai đó hỏi 1 năm qua tôi đã cố gắng như nào 😙,['#fyp'],"{'title': 'nhạc nền  - Phanh nè🌸', 'link': '/music/nhạc-nền-Phanh-nè🌸-7525266232291904257'}","{'likes': '816.5K', 'comments': '3284', 'shares': '49.5K'}",https://www.tiktok.com/@phuonganhle305/video/7525261051865304338
"{'username': 'luky889889', 'nickname': 'Hoàng Tử Đau đẻ'}",trải nghiệm cảm giác đau đẻ tại chợ đêm sapa,[],"{'title': 'nhạc nền - 𝓐𝓒𝓱𝓲 🍀 - Khéo tay hay làm 🐿', 'link': '/music/nhạc-nền-𝓐𝓒𝓱𝓲-🍀-7275724550921718529'}","{'likes': '449.9K', 'comments': '11.4K', 'shares': '218.4K'}",https://www.tiktok.com/@luky889889/video/7525659423247846663
"{'username': 'plxhvn2', 'nickname': 'Tin Nóng Hàng Ngày'}",Xe 04 đẳng cấp thật 😂,"['#giaothong', '#thibanglaixemay', '#phunu', '#haihuoc', '#vuive', '#vuinhon', '#haha', '#plxhvn', '#phapluatxahoi']","{'title': 'nhạc nền  - Tin Nóng Hàng Ngày', 'link': '/music/nhạc-nền-Tin-Nóng-Hàng-Ngày-7524219161837407031'}","{'likes': '138.1K', 'comments': '2004', 'shares': '19.3K'}",https://www.tiktok.com/@plxhvn2/video/7524219031616900366
"{'username': 'nottuman', 'nickname': 'Thập cẩm'}",Bơ dừa cà hê 🫰🏽🫰🏽,"['#xuhuong', '#dilamcogivui', '#viral', '#nhanvien', '#congcaphe', '#quan1angi', '#caphe', '#2025', '#fyp']","{'title': 'nhạc nền - Còn thở là content - Rì Viu Cho Vui', 'link': '/music/nhạc-nền-Còn-thở-là-content-7484853097924201232'}","{'likes': '577.1K', 'comments': '5966', 'shares': '434.6K'}",https://www.tiktok.com/@nottuman/video/7524969271366077704
"{'username': 'sapgaobaobao', 'nickname': 'Sạp Gạo Bảo Bảo'}",Trả lời,"['@thuquynh887', '#phatla', '#degrey', '#vualidon']","{'title': 'nhạc nền  - Sạp Gạo Bảo Bảo', 'link': '/music/nhạc-nền-Sạp-Gạo-Bảo-Bảo-7523913522577705744'}","{'likes': '326.1K', 'comments': '4817', 'shares': '61.9K'}",https://www.tiktok.com/@sapgaobaobao/video/7523908343476325650
"{'username': 'plxhvn2', 'nickname': 'Tin Nóng Hàng Ngày'}",Báo thủ mầm non 😂,"['#giadinh', '#treem', '#vuive', '#funny', '#haihuoc', '#haha', '#plxhvn', '#phapluatxahoi', '#giaitri']","{'title': 'nhạc nền  - Tin Nóng Hàng Ngày', 'link': '/music/nhạc-nền-Tin-Nóng-Hàng-Ngày-7525476297275886350'}","{'likes': '56.4K', 'comments': '475', 'shares': '9048'}",https://www.tiktok.com/@plxhvn2/video/7525476265239891255
"{'username': 'chanhvivu', 'nickname': 'Chanh Vivu'}",Nghĩ thôi đã buồn rồi,['#chanhvivu'],"{'title': 'nhạc nền  - Chanh Vivu', 'link': '/music/nhạc-nền-Chanh-Vivu-7525009836984044289'}","{'likes': '1.2M', 'comments': '14.9K', 'shares': '411.2K'}",https://www.tiktok.com/@chanhvivu/video/7525009772878236944
"{'username': 'dramin.vn', 'nickname': 'DRAMIN'}",Nguyên tắc của người đàn ông giả gái: Mỗi khi khách đến nhà chơi đều phải xách theo một món quà nhỏ,['#khaunghiep'],"{'title': 'nhạc nền  - DRAMIN', 'link': '/music/nhạc-nền-DRAMIN-7524640562919459600'}","{'likes': '199.1K', 'comments': '3916', 'shares': '64.1K'}",https://www.tiktok.com/@dramin.vn/video/7524640519792708882
"{'username': 'dangvuongne', 'nickname': 'Đăng Vương.'}",Mũi khoan tình yêu,"['#dangvuong', '#couple', '#xuhuong', '#fyp']","{'title': 'nhạc nền  - Đăng Vương.', 'link': '/music/nhạc-nền-Đăng-Vương-7524945423748975361'}","{'likes': '372.4K', 'comments': '4417', 'shares': '148.6K'}",https://www.tiktok.com/@dangvuongne/video/7524945396729138440
"{'username': 'pth_.69', 'nickname': 'Fuong Thah'}",dạ khó quá chị,"['#blockblast', '#hungrystudio', '#blockblastlove']","{'title': 'nhạc nền - Tóc dài niền răn - Tuấn nuôi tóc dài lại', 'link': '/music/nhạc-nền-Tóc-dài-niền-răn-7491221944923147025'}","{'likes': '421.9K', 'comments': '1785', 'shares': '77.6K'}",https://www.tiktok.com/@pth_.69/video/7519361838459391239
"{'username': 'cobedotdiem', 'nickname': 'Chúa tể đồ'}",Vẫn chưa hình dung được mặc kiểu gì,[],"{'title': 'nhạc nền  - Minh Huy🐭', 'link': '/music/nhạc-nền-Minh-Huy🐭-7519792108790663937'}","{'likes': '107.7K', 'comments': '1910', 'shares': '72K'}",https://www.tiktok.com/@cobedotdiem/video/7525628277034126610
"{'username': 'phucsyno96', 'nickname': 'Phúc Syno'}",Ai bị liệu mới hiểu...,"['#phucsyno', '#syno']","{'title': 'nhạc nền  - Phúc Syno', 'link': '/music/nhạc-nền-Phúc-Syno-7525323542834596625'}","{'likes': '434K', 'comments': '10K', 'shares': '171.4K'}",https://www.tiktok.com/@phucsyno96/video/7525323493693607175
"{'username': 'dienvienmanhtruong', 'nickname': 'Nguyen Manh Truong'}",Cậu đang ngủ trưa thì cứ trend với chủng🥴😂🤣,[],"{'title': 'nhạc nền  - Nguyen Manh Truong', 'link': '/music/nhạc-nền-Nguyen-Manh-Truong-7524568147618876177'}","{'likes': '392.1K', 'comments': '2775', 'shares': '8030'}",https://www.tiktok.com/@dienvienmanhtruong/video/7524568092278607122
"{'username': 'manxuatgia', 'nickname': 'Minh Anh Vương'}",Rất là vấn vở nhé =)) người Hà Lội là ko có vào đây bao giờ,"['#minhanhvuong', '#xuhướng', '#ancungtiktok']","{'title': 'nhạc nền  - Minh Anh Vương', 'link': '/music/nhạc-nền-Minh-Anh-Vương-7526056044771855120'}","{'likes': '349.4K', 'comments': '4287', 'shares': '26.1K'}",https://www.tiktok.com/@manxuatgia/video/7526055974730222856
"{'username': 'tranghieu0211', 'nickname': 'Chang Híu'}",Nuôi mãi k lớn,"['@Quỳnh Trang 🌷', '#changhiu', '#couple', '#fyp', '#xuhuong']","{'title': 'original sound - Cadel and Mia', 'link': '/music/original-sound-7498388102705056528'}","{'likes': '401.6K', 'comments': '1392', 'shares': '24.2K'}",https://www.tiktok.com/@tranghieu0211/video/7526051115180264712
"{'username': 'plxhvn2', 'nickname': 'Tin Nóng Hàng Ngày'}",Thanh niên đầu nảy số nhanh đấy 😂,"['#dulich', '#ninhbinh', '#trangan', '#haihuoc', '#vuive', '#haha', '#plxhvn', '#phapluatxahoi']","{'title': 'nhạc nền  - Tin Nóng Hàng Ngày', 'link': '/music/nhạc-nền-Tin-Nóng-Hàng-Ngày-7526262264899373838'}","{'likes': '69.6K', 'comments': '1736', 'shares': '13.1K'}",https://www.tiktok.com/@plxhvn2/video/7526262124897701133
"{'username': 'taisuan', 'nickname': 'Tài Xưng'}",Giờ nhìn đâu cũng thấy Block Blast lun 😭😭😭,"['#blockblast', '#hungrystudio', '#blockblastlove']","{'title': 'nhạc nền  - Tài Xưng', 'link': '/music/nhạc-nền-Tài-Xưng-7518015657686862608'}","{'likes': '459K', 'comments': '5256', 'shares': '93.9K'}",https://www.tiktok.com/@taisuan/video/7518015637038435592
"{'username': 'plxhvn2', 'nickname': 'Tin Nóng Hàng Ngày'}",Thợ làm cửa ẩu quá 😨,"['#tainan', '#mayman', '#tintuc', '#plxhvn', '#phapluatxahoi']","{'title': 'nhạc nền  - Tin Nóng Hàng Ngày', 'link': '/music/nhạc-nền-Tin-Nóng-Hàng-Ngày-7524805609854700343'}","{'likes': '48.6K', 'comments': '1089', 'shares': '2168'}",https://www.tiktok.com/@plxhvn2/video/7524805462311636238
