url,thumbnail,description,likes,category
https://www.tiktok.com/@huongstore.06/video/7525692408676224272,https://p16-sign-sg.tiktokcdn.com/tos-alisg-p-0037/oM1hGowYEg9KAFzD7AUIAgBQeEAcCID0EQwfRT~tplv-photomode-zoomcover:480:480.jpeg?dr=14555&x-expires=1752796800&x-signature=JyfYFaY8PWGdjOPOXha0GdWFYQU%3D&t=4d5b0474&ps=13740610&shp=81f88b70&shcp=43f4a2f9&idc=my&ftpl=1,,702K,all
https://www.tiktok.com/@ngcuong379/video/7524911077809786128,https://p16-sign-sg.tiktokcdn.com/tos-alisg-p-0037/o8FEV2ItIThEUHbBetCDfBzRqnAFBIdgEbEoIZ~tplv-photomode-zoomcover:480:480.jpeg?dr=14555&x-expires=1752796800&x-signature=gpxFIB3gsyznybmhx34NfrtomLw%3D&t=4d5b0474&ps=13740610&shp=81f88b70&shcp=43f4a2f9&idc=my&ftpl=1,,987K,all
https://www.tiktok.com/@dipquanne/video/7524545567163256082,https://p16-sign-sg.tiktokcdn.com/tos-alisg-p-0037/oYiPlEWANIYNAAlB9RAOrAFiBGByaBjlijJEs~tplv-photomode-zoomcover:480:480.jpeg?dr=14555&x-expires=1752796800&x-signature=K9BpkDe37Ri%2F8ihIjluHDFp9jvo%3D&t=4d5b0474&ps=13740610&shp=81f88b70&shcp=43f4a2f9&idc=my&ftpl=1,,488.4K,all
https://www.tiktok.com/@phuonganhle305/video/7525261051865304338,https://p16-sign-sg.tiktokcdn.com/tos-alisg-p-0037/o0x8i3pNwx3IAIGR0zIx6WiFCGAvq4fGAZBmBS~tplv-photomode-zoomcover:480:480.jpeg?dr=14555&x-expires=1752796800&x-signature=AoVg%2BynQDYH4Q%2FRgSrDJ7NiKlio%3D&t=4d5b0474&ps=13740610&shp=81f88b70&shcp=43f4a2f9&idc=my&ftpl=1,,812.8K,all
https://www.tiktok.com/@luky889889/video/7525659423247846663,https://p16-sign-sg.tiktokcdn.com/tos-alisg-p-0037/oUDwAUBjICxcfEEV2fRgENyB2NZXIgkpAMAAFo~tplv-photomode-zoomcover:480:480.jpeg?dr=14555&x-expires=1752796800&x-signature=QK1sQEJb0F3KbBcFP3Jy07uLjGM%3D&t=4d5b0474&ps=13740610&shp=81f88b70&shcp=43f4a2f9&idc=my&ftpl=1,,449.4K,all
https://www.tiktok.com/@haisanthanhvan/video/7525425296992963847,https://p16-sign-sg.tiktokcdn.com/tos-alisg-p-0037/oownfAeeo3IEzrjdIlA0EILImSXLkQvnGyD1CG~tplv-photomode-zoomcover:480:480.jpeg?dr=14555&x-expires=1752796800&x-signature=rHYEbXP1b3Gky0PwGwfzMLSOQ14%3D&t=4d5b0474&ps=13740610&shp=81f88b70&shcp=43f4a2f9&idc=my&ftpl=1,,267.1K,all
https://www.tiktok.com/@plxhvn2/video/7524219031616900366,https://p16-sign.tiktokcdn-us.com/tos-useast5-p-0068-tx/oYwDAVoQWgzDeCCygtSt2fEWFCAVDAawu6mVAI~tplv-photomode-zoomcover:480:480.jpeg?dr=14555&x-expires=1752796800&x-signature=BmIpbOWIie9yunRm0Bosvi4rB4k%3D&t=4d5b0474&ps=13740610&shp=81f88b70&shcp=43f4a2f9&idc=my&ftpl=1,,138.1K,all
https://www.tiktok.com/@nottuman/video/7524969271366077704,https://p16-sign-sg.tiktokcdn.com/tos-alisg-p-0037/oYfQIMjFIgD3xucEZDF5fI37DRC8IAClBwDofA~tplv-photomode-zoomcover:480:480.jpeg?dr=14555&x-expires=1752796800&x-signature=m0rbDVBzlJ1RR9h5jDccWj7nJs4%3D&t=4d5b0474&ps=13740610&shp=81f88b70&shcp=43f4a2f9&idc=my&ftpl=1,,576.9K,all
https://www.tiktok.com/@sapgaobaobao/video/7523908343476325650,https://p16-sign-sg.tiktokcdn.com/tos-alisg-p-0037/oYWjv1EDjAdNaUofIHf2nOAIDfAHFDAl1EAQJQ~tplv-photomode-zoomcover:480:480.jpeg?dr=14555&x-expires=1752796800&x-signature=QpYYYtX5a9mIBZ5ZwTM7WdCq77A%3D&t=4d5b0474&ps=13740610&shp=81f88b70&shcp=43f4a2f9&idc=my&ftpl=1,,325.8K,all
https://www.tiktok.com/@plxhvn2/video/7525476265239891255,https://p19-sign.tiktokcdn-us.com/tos-useast5-p-0068-tx/okEBvi01fBA4BYBBIPQnAJAwij3ipN9gSBcAKI~tplv-photomode-zoomcover:480:480.jpeg?dr=14555&x-expires=1752796800&x-signature=eeLbRKr4kFJXlxOyMdUIUGL%2BEMQ%3D&t=4d5b0474&ps=13740610&shp=81f88b70&shcp=43f4a2f9&idc=my&ftpl=1,,56.3K,all
https://www.tiktok.com/@chanhvivu/video/7525009772878236944,https://p16-sign-sg.tiktokcdn.com/tos-alisg-p-0037/oE5AoJBUismfNNuYvIYQAAgC516IIqIPw0xPvi~tplv-photomode-zoomcover:480:480.jpeg?dr=14555&x-expires=1752796800&x-signature=7mYIj8QA1hgZTSotES4XE6FL1V8%3D&t=4d5b0474&ps=13740610&shp=81f88b70&shcp=43f4a2f9&idc=my&ftpl=1,,1.2M,all
https://www.tiktok.com/@dramin.vn/video/7524640519792708882,https://p9-sign-sg.tiktokcdn.com/tos-alisg-p-0037/o4YlPxNIALkiBkz3l56sGAaiiAB0sKADBEAAA~tplv-photomode-zoomcover:480:480.jpeg?dr=14555&x-expires=1752796800&x-signature=bi26mQGfUftWuCCbPikclOZ%2BDTg%3D&t=4d5b0474&ps=13740610&shp=81f88b70&shcp=43f4a2f9&idc=my&ftpl=1,,199K,all
https://www.tiktok.com/@dangvuongne/video/7524945396729138440,https://p16-sign-sg.tiktokcdn.com/tos-alisg-p-0037/osAMAeWNGGDhLAgJLbIefQIEtJQQf0qAFUWyCA~tplv-photomode-zoomcover:480:480.jpeg?dr=14555&x-expires=1752796800&x-signature=92ZPfcWdA6uCNE8Vfrl7Qwlirw8%3D&t=4d5b0474&ps=13740610&shp=81f88b70&shcp=43f4a2f9&idc=my&ftpl=1,,370.6K,all
https://www.tiktok.com/@gianghomang247/video/7526530375674268936,https://p16-sign-sg.tiktokcdn.com/tos-alisg-p-0037/oAEzKc780EKABAAxmBOi1B2iIRBA43ALOwfvxp~tplv-photomode-zoomcover:480:480.jpeg?dr=14555&x-expires=1752796800&x-signature=zHQJL512pKlpdan%2FXAZJtbjLyvs%3D&t=4d5b0474&ps=13740610&shp=81f88b70&shcp=43f4a2f9&idc=my&ftpl=1,,242.3K,all
https://www.tiktok.com/@peter_mai_/video/7524019342153878806,https://p16-pu-sign-no.tiktokcdn-eu.com/tos-no1a-p-0037-no/oEXVQLQ04IG3AZAzIsTID7fVuILmj1OIlBeze2~tplv-photomode-zoomcover:480:480.jpeg?dr=14555&x-expires=1752796800&x-signature=tV8QLvTeLQ%2FwUjE7eWikofMwfmk%3D&t=4d5b0474&ps=13740610&shp=81f88b70&shcp=43f4a2f9&idc=my&ftpl=1,,20.4M,all
https://www.tiktok.com/@pth_.69/video/7519361838459391239,https://p16-sign-sg.tiktokcdn.com/tos-alisg-p-0037/ocAGAwiof7hg8JpArFMIIQHoQajGQeXAAekR0e~tplv-photomode-zoomcover:480:480.jpeg?dr=14555&x-expires=1752796800&x-signature=4zxX7bTmim60vSmDw7PaxAyS1gk%3D&t=4d5b0474&ps=13740610&shp=81f88b70&shcp=43f4a2f9&idc=my&ftpl=1,,421.4K,all
https://www.tiktok.com/@cobedotdiem/video/7525628277034126610,https://p16-sign-sg.tiktokcdn.com/tos-alisg-p-0037/oM6PaQ9xjEBIVniHZAEiWTTEwJkBBAwFBBYZL~tplv-photomode-zoomcover:480:480.jpeg?dr=14555&x-expires=1752796800&x-signature=ZgkEfyEqF2RCU%2BWbudbRCew3S0Y%3D&t=4d5b0474&ps=13740610&shp=81f88b70&shcp=43f4a2f9&idc=my&ftpl=1,,107.1K,all
https://www.tiktok.com/@phucsyno96/video/7525323493693607175,https://p9-sign-sg.tiktokcdn.com/tos-alisg-p-0037/owmwoQMGeAC9n0GTIeteORgAsLjMq3KNdoIgDE~tplv-photomode-zoomcover:480:480.jpeg?dr=14555&x-expires=1752796800&x-signature=nZcS7T09asYr93Z2y26K2tpA2yU%3D&t=4d5b0474&ps=13740610&shp=81f88b70&shcp=43f4a2f9&idc=my&ftpl=1,,433.6K,all
https://www.tiktok.com/@dienvienmanhtruong/video/7524568092278607122,https://p16-sign-sg.tiktokcdn.com/tos-alisg-p-0037/oQbDMbMXXeQB2RZefjjhACBIHotBAo08AQU7DQ~tplv-photomode-zoomcover:480:480.jpeg?dr=14555&x-expires=1752796800&x-signature=gDFXEeijCtzmfx4CKvLYaAoCFuk%3D&t=4d5b0474&ps=13740610&shp=81f88b70&shcp=43f4a2f9&idc=my&ftpl=1,,391.5K,all
https://www.tiktok.com/@manxuatgia/video/7526055974730222856,https://p16-sign-sg.tiktokcdn.com/tos-alisg-p-0037/oM4AvCE9BiDojVAEH1LWFSxDf1oDZQII7gIee4~tplv-photomode-zoomcover:480:480.jpeg?dr=14555&x-expires=1752796800&x-signature=Jwz5dWRMvipxpdjNwd05ksuJnZQ%3D&t=4d5b0474&ps=13740610&shp=81f88b70&shcp=43f4a2f9&idc=my&ftpl=1,,347.7K,all
https://www.tiktok.com/@tranghieu0211/video/7526051115180264712,https://p16-sign-sg.tiktokcdn.com/tos-alisg-p-0037/oIAz0QnYQrDeyHujCnFEAbDSI4AjWhzQQPfCoe~tplv-photomode-zoomcover:480:480.jpeg?dr=14555&x-expires=1752796800&x-signature=sw4sizrxWtbvmjpbulnjQhuF0%2FY%3D&t=4d5b0474&ps=13740610&shp=81f88b70&shcp=43f4a2f9&idc=my&ftpl=1,,400.1K,all
https://www.tiktok.com/@plxhvn2/video/7526262124897701133,https://p19-sign.tiktokcdn-us.com/tos-useast5-p-0068-tx/oQsJBAyiKJdfVPBOpwAVkIAOEAA0N8BmRE4BiB~tplv-photomode-zoomcover:480:480.jpeg?dr=14555&x-expires=1752796800&x-signature=AH7BkSCW%2FBhUetz%2BbLU4VyhfSg4%3D&t=4d5b0474&ps=13740610&shp=81f88b70&shcp=43f4a2f9&idc=my&ftpl=1,,69.4K,all
https://www.tiktok.com/@taisuan/video/7518015637038435592,https://p16-sign-sg.tiktokcdn.com/tos-alisg-p-0037/o4ntIUyxiDA2W9fbzVFmBRoBFEbg6BEVQgfiVE~tplv-photomode-zoomcover:480:480.jpeg?dr=14555&x-expires=1752796800&x-signature=tScDihI%2FeBF5nYrGXaXsXkWhMqk%3D&t=4d5b0474&ps=13740610&shp=81f88b70&shcp=43f4a2f9&idc=my&ftpl=1,,458.4K,all
https://www.tiktok.com/@namanhvt11/video/7526117151846059272,https://p16-sign-sg.tiktokcdn.com/tos-alisg-p-0037/oUWmEo2AfDANtqA9A2F3DjQABIfAOEO5IUfUzE~tplv-photomode-zoomcover:720:720.jpeg?dr=14555&x-expires=1752796800&x-signature=bXOivmOYuTfGDKjXiFXeAMqm8KI%3D&t=4d5b0474&ps=13740610&shp=81f88b70&shcp=43f4a2f9&idc=my&ftpl=1,,449.6K,comedy
https://www.tiktok.com/@plxhvn2/video/7525409510911937847,https://p16-sign.tiktokcdn-us.com/tos-useast5-p-0068-tx/o448ElB0BwAI6BKCAigAvA6AvDDBNiygeJcoMB~tplv-photomode-zoomcover:720:720.jpeg?dr=14555&x-expires=1752796800&x-signature=L1dMXK74eyZzqF1GE7AJq0KrvuA%3D&t=4d5b0474&ps=13740610&shp=81f88b70&shcp=43f4a2f9&idc=my&ftpl=1,,25K,comedy
https://www.tiktok.com/@color.life.1978/video/7524933293804915986,https://p16-sign-sg.tiktokcdn.com/tos-alisg-p-0037/oQtdEKsX8BAv7cAlAvi4AI0ABCHwqBlNIKfcti~tplv-photomode-zoomcover:720:720.jpeg?dr=14555&x-expires=1752796800&x-signature=lJ9kVDmH4t4lMCWjaMyoG4I0JZI%3D&t=4d5b0474&ps=13740610&shp=81f88b70&shcp=43f4a2f9&idc=my&ftpl=1,,436.3K,comedy
https://www.tiktok.com/@chikhang0311/video/7524533313688571144,https://p16-sign-sg.tiktokcdn.com/tos-alisg-p-0037/ogm1F7FTIiUcWJjAkg0CsBzANI93qAofwAZipI~tplv-photomode-zoomcover:720:720.jpeg?dr=14555&x-expires=1752796800&x-signature=pf30uAMy1eiS0jzBZgbe%2BVSUD6Y%3D&t=4d5b0474&ps=13740610&shp=81f88b70&shcp=43f4a2f9&idc=my&ftpl=1,,259.9K,comedy
https://www.tiktok.com/@haha_412/video/7524686434909932818,https://p9-sign-sg.tiktokcdn.com/tos-alisg-p-0037/ost2AYin5Av01OBAilAGbDadXBBAvIwPSEEKS~tplv-photomode-zoomcover:720:720.jpeg?dr=14555&x-expires=1752796800&x-signature=x787pkg7MfNYOhre0siE%2BO36Yks%3D&t=4d5b0474&ps=13740610&shp=81f88b70&shcp=43f4a2f9&idc=my&ftpl=1,,349.9K,comedy
https://www.tiktok.com/@itsdunggee/video/7524318083503230226,https://p16-sign-sg.tiktokcdn.com/tos-alisg-p-0037/o8BRBigYE8oAS7E3ICrA4UiAUakXvBf75mAEe4~tplv-photomode-zoomcover:720:720.jpeg?dr=14555&x-expires=1752796800&x-signature=A3jypJZXShGqNnPZQHHvEBwno24%3D&t=4d5b0474&ps=13740610&shp=81f88b70&shcp=43f4a2f9&idc=my&ftpl=1,,198.8K,comedy
https://www.tiktok.com/@longandaxua/video/7525040820915932423,https://p16-sign-sg.tiktokcdn.com/tos-alisg-p-0037/o03CUyNIBItUgu6UA8iGqiI6pAfQ05AIiKwYCN~tplv-photomode-zoomcover:720:720.jpeg?dr=14555&x-expires=1752796800&x-signature=4YmT7C6h%2FESGyZbSxGwz12aYsR4%3D&t=4d5b0474&ps=13740610&shp=81f88b70&shcp=43f4a2f9&idc=my&ftpl=1,,445.7K,comedy
https://www.tiktok.com/@dong.thuydung/video/7526152907763272967,https://p16-sign-sg.tiktokcdn.com/tos-alisg-p-0037/owDyRofIcxjEERU2BAQacjOfKhigrFQDJ9UBOk~tplv-photomode-zoomcover:720:720.jpeg?dr=14555&x-expires=1752796800&x-signature=M6a2V8kVUzzshZF%2BN5mvRUnDxug%3D&t=4d5b0474&ps=13740610&shp=81f88b70&shcp=43f4a2f9&idc=my&ftpl=1,,225.5K,comedy
https://www.tiktok.com/@lebaoofficial/video/7524695513304747272,https://p16-sign-sg.tiktokcdn.com/tos-alisg-p-0037/osZGgPtEI6iJA3tBGLVFrliXBZCYJ0KABIacI~tplv-photomode-zoomcover:720:720.jpeg?dr=14555&x-expires=1752796800&x-signature=pbrTJpSYRkMsxv3WchfBJh%2FK0ZA%3D&t=4d5b0474&ps=13740610&shp=81f88b70&shcp=43f4a2f9&idc=my&ftpl=1,,409.2K,comedy
https://www.tiktok.com/@tuan_than_den_ha_noi/video/7525028777416477959,https://p16-sign-sg.tiktokcdn.com/tos-alisg-p-0037/oEo3Gee7IIfoQ6ilWEQALCicQTjIA0oWDDXooK~tplv-photomode-zoomcover:720:720.jpeg?dr=14555&x-expires=1752796800&x-signature=gXhifZCFFceO9Gv6v98ISRtPQz4%3D&t=4d5b0474&ps=13740610&shp=81f88b70&shcp=43f4a2f9&idc=my&ftpl=1,,74K,comedy
https://www.tiktok.com/@anthonyngofficial/video/7526037708892933389,https://p16-sign.tiktokcdn-us.com/tos-useast5-p-0068-tx/okpcDf6AEEqSQytxQEogFBnjIaRdArIozD3yTe~tplv-photomode-zoomcover:720:720.jpeg?dr=14555&x-expires=1752796800&x-signature=QbLUbpj81NDyzGAdrln3So4u%2FZo%3D&t=4d5b0474&ps=13740610&shp=81f88b70&shcp=43f4a2f9&idc=my&ftpl=1,,25.8K,comedy
https://www.tiktok.com/@saigonteu/video/7526121871910243602,https://p16-sign-sg.tiktokcdn.com/tos-alisg-p-0037/o0AJHQ4oBIBvRy49AJiAK5KfRBv50AAEiCwlBO~tplv-photomode-zoomcover:720:720.jpeg?dr=14555&x-expires=1752796800&x-signature=oBKcLNSVp4smnSVeprhOuKBCC9c%3D&t=4d5b0474&ps=13740610&shp=81f88b70&shcp=43f4a2f9&idc=my&ftpl=1,,740.2K,comedy
https://www.tiktok.com/@khuamatvuong/video/7524276995761507602,https://p16-sign-sg.tiktokcdn.com/tos-alisg-p-0037/o0AACUEIEBgoVIafemFQrKBNdhoyQEADDC5RA1~tplv-photomode-zoomcover:720:720.jpeg?dr=14555&x-expires=1752796800&x-signature=8m2PQuIzC9dOIPvUUyCTMQcAZkg%3D&t=4d5b0474&ps=13740610&shp=81f88b70&shcp=43f4a2f9&idc=my&ftpl=1,,276.3K,comedy
https://www.tiktok.com/@namanhvt11/video/7526508458573614343,https://p9-sign-sg.tiktokcdn.com/tos-alisg-p-0037/ocaE2EwDgCACxQpFfAoRBAA0Irn6EcQe7luD3U~tplv-photomode-zoomcover:720:720.jpeg?dr=14555&x-expires=1752796800&x-signature=CNonh3Jh%2BJNo%2F9p9SPsq0QTV39o%3D&t=4d5b0474&ps=13740610&shp=81f88b70&shcp=43f4a2f9&idc=my&ftpl=1,,239.2K,comedy
https://www.tiktok.com/@phucbinhyenofficial/video/7522339330677902600,https://p16-sign-sg.tiktokcdn.com/tos-alisg-p-0037/ocxtiXtFiBax0AkQYEABxraiSBI1vBSWJI83G~tplv-photomode-zoomcover:720:720.jpeg?dr=14555&x-expires=1752796800&x-signature=nWAMWFGfp4RejEF%2F%2BoFiPj518AY%3D&t=4d5b0474&ps=13740610&shp=81f88b70&shcp=43f4a2f9&idc=my&ftpl=1,,495K,comedy
https://www.tiktok.com/@codongnat_99/video/7524671990519581960,https://p16-sign-sg.tiktokcdn.com/tos-alisg-p-0037/okgthRgIEoDAbU4FQmBeBoAD6s5BRED7IkVAfq~tplv-photomode-zoomcover:720:720.jpeg?dr=14555&x-expires=1752796800&x-signature=1zYDP8uf7D9c91Pc3NfWvrC7BSY%3D&t=4d5b0474&ps=13740610&shp=81f88b70&shcp=43f4a2f9&idc=my&ftpl=1,,165.7K,comedy
https://www.tiktok.com/@papa_taiche/video/7525034089187921159,https://p16-sign-sg.tiktokcdn.com/tos-alisg-p-0037/oQtISivPa9XY0mZI5rzVELEARBy6GuwISKAiB~tplv-photomode-zoomcover:720:720.jpeg?dr=14555&x-expires=1752796800&x-signature=%2Ftjl4PPHT5vuBXWWLL74KSpx3xQ%3D&t=4d5b0474&ps=13740610&shp=81f88b70&shcp=43f4a2f9&idc=my&ftpl=1,,43.3K,comedy
https://www.tiktok.com/@nguyenmythanh0392/video/7524971173713628471,https://p16-sign.tiktokcdn-us.com/tos-useast5-p-0068-tx/o4EfWFAEEIZIgZbihufCOB3ARlc1oDSQDQOXBO~tplv-photomode-zoomcover:720:720.jpeg?dr=14555&x-expires=1752796800&x-signature=n%2BiveZ2%2BFamasW7EAH4rrUu7PW0%3D&t=4d5b0474&ps=13740610&shp=81f88b70&shcp=43f4a2f9&idc=my&ftpl=1,,46.6K,comedy
https://www.tiktok.com/@tuyenpoi/video/7524280133285416209,https://p9-sign-sg.tiktokcdn.com/tos-alisg-p-0037/oseIQezuKA5jGjGhAmlIAnCocD1Lge47QHTzn2~tplv-photomode-zoomcover:720:720.jpeg?dr=14555&x-expires=1752796800&x-signature=xAyyxLyjQb34V2HX6AfCYiJwS5s%3D&t=4d5b0474&ps=13740610&shp=81f88b70&shcp=43f4a2f9&idc=my&ftpl=1,,80.4K,comedy
https://www.tiktok.com/@ttinflyou/video/7525105984809749767,https://p16-sign-sg.tiktokcdn.com/tos-alisg-p-0037/oUNbjtEIEDAQfm3fRjFouFteaAZjDIA7DCRjBq~tplv-photomode-zoomcover:720:720.jpeg?dr=14555&x-expires=1752796800&x-signature=UjnfANekJVRzGJy0YXorRSCnmrM%3D&t=4d5b0474&ps=13740610&shp=81f88b70&shcp=43f4a2f9&idc=my&ftpl=1,,143.1K,comedy
https://www.tiktok.com/@bongtim96/video/7525450454621244679,https://p16-sign-sg.tiktokcdn.com/tos-alisg-p-0037/oo6dCfDrDDRQFmGIevEx4IIV3CoIsiKAfujZpA~tplv-photomode-zoomcover:720:720.jpeg?dr=14555&x-expires=1752796800&x-signature=yQ3EJRBQhB1JbaLfTgCjkvUASq0%3D&t=4d5b0474&ps=13740610&shp=81f88b70&shcp=43f4a2f9&idc=my&ftpl=1,,568.2K,comedy
https://www.tiktok.com/@24h.sports/video/7526141433024105735,https://p16-sign-sg.tiktokcdn.com/tos-alisg-p-0037/ocKK4OiBSASkdyKbBgzbOFwEBfAaiAAG0BA0RI~tplv-photomode-zoomcover:720:720.jpeg?dr=14555&x-expires=1752796800&x-signature=7fMrkgb4oR64%2BxYz3%2BgFehrdAyw%3D&t=4d5b0474&ps=13740610&shp=81f88b70&shcp=43f4a2f9&idc=my&ftpl=1,,110.5K,sports
https://www.tiktok.com/@deryynok2sf68x/video/7525360370186210567,https://p16-sign-sg.tiktokcdn.com/tos-alisg-p-0037/o4EB9LoIv3fDjBAcgdU23fEVFEARdCbzkHgk4I~tplv-photomode-zoomcover:720:720.jpeg?dr=14555&x-expires=1752796800&x-signature=FJEY8W8TdKEQUr8616RkMSEwHyM%3D&t=4d5b0474&ps=13740610&shp=81f88b70&shcp=43f4a2f9&idc=my&ftpl=1,,67.7K,sports
https://www.tiktok.com/@uci_cycling/video/7524367359042161942,https://p16-pu-sign-no.tiktokcdn-eu.com/tos-no1a-p-0037-no/ocfREEYCa9hYBA6rxMCOIQQ7gAiEFoAfayBkAi~tplv-photomode-zoomcover:720:720.jpeg?dr=14555&x-expires=1752796800&x-signature=JcDDeJR07J3DBNIcz1b9Qft79yw%3D&t=4d5b0474&ps=13740610&shp=81f88b70&shcp=43f4a2f9&idc=my&ftpl=1,,643.5K,sports
https://www.tiktok.com/@sut88cusut/video/7526707237725768968,https://p16-sign-sg.tiktokcdn.com/tos-alisg-p-0037/oAGIjeH0KASjGT2IEgLIA1CoPD6LIPPfQmielh~tplv-photomode-zoomcover:720:720.jpeg?dr=14555&x-expires=1752796800&x-signature=6w3cHRpx4t3ReIX%2Fk36RX%2F5oUuA%3D&t=4d5b0474&ps=13740610&shp=81f88b70&shcp=43f4a2f9&idc=my&ftpl=1,,100.4K,sports
https://www.tiktok.com/@xiaomy99/video/7525200275544526098,https://p16-sign-sg.tiktokcdn.com/tos-alisg-p-0037/oYiav4cG7AsEBtY5hGAjaprFXdMIgIBAuui6g~tplv-photomode-zoomcover:720:720.jpeg?dr=14555&x-expires=1752796800&x-signature=8Tmh7fQ8MKLtAJuMU7n0jdHMl4k%3D&t=4d5b0474&ps=13740610&shp=81f88b70&shcp=43f4a2f9&idc=my&ftpl=1,,1.2M,sports
https://www.tiktok.com/@phamquynhhoaa/video/7519074933436058898,https://p16-sign-sg.tiktokcdn.com/tos-alisg-p-0037/o0AtAfDgDBCoFAAETyEPRfIaWCUQiy0g4cR87A~tplv-photomode-zoomcover:720:720.jpeg?dr=14555&x-expires=1752796800&x-signature=T0jMj5FBmPlYFGHTRKBavKB6nlU%3D&t=4d5b0474&ps=13740610&shp=81f88b70&shcp=43f4a2f9&idc=my&ftpl=1,,1M,sports
https://www.tiktok.com/@minhnhatgk/video/7524251168164384018,https://p16-sign-sg.tiktokcdn.com/tos-alisg-p-0037/osQDoaPyCX84EBguwtJBbUeAE5Upr4gQGgfFRg~tplv-photomode-zoomcover:720:720.jpeg?dr=14555&x-expires=1752796800&x-signature=ltbE6KI9NeHKvUoBRmQ2sj3ravc%3D&t=4d5b0474&ps=13740610&shp=81f88b70&shcp=43f4a2f9&idc=my&ftpl=1,,93.5K,sports
https://www.tiktok.com/@24h.tinmoi/video/7525008863041572103,https://p16-sign-sg.tiktokcdn.com/tos-alisg-p-0037/oYEuIABAVMabA7DoDFBQfA0flOlCOEAgUNj4Cb~tplv-photomode-zoomcover:720:720.jpeg?dr=14555&x-expires=1752796800&x-signature=BSuA8AmmEYQo%2B45jrl%2BpiO9tQ0A%3D&t=4d5b0474&ps=13740610&shp=81f88b70&shcp=43f4a2f9&idc=my&ftpl=1,,39K,sports
https://www.tiktok.com/@redbull/video/7525781895959891222,https://p16-pu-sign-no.tiktokcdn-eu.com/tos-no1a-p-0037-no/o8hk7FKWQDhDwAJV5AAqAJXiIf3fleWEyCQAeA~tplv-photomode-zoomcover:720:720.jpeg?dr=14555&x-expires=1752796800&x-signature=eF8896AMvNp9wOON3zEDcgmWdrw%3D&t=4d5b0474&ps=13740610&shp=81f88b70&shcp=43f4a2f9&idc=my&ftpl=1,,2.3M,sports
https://www.tiktok.com/@lionchampionshipvietnam/video/7525661566574906642,https://p16-sign-sg.tiktokcdn.com/tos-alisg-p-0037/owAwBA7aClvEVHgiCEVHi8YhBAIaAijFFBZAE~tplv-photomode-zoomcover:720:720.jpeg?dr=14555&x-expires=1752796800&x-signature=NJJSPmvjvAdh7hCjknSpGQ1%2BdfE%3D&t=4d5b0474&ps=13740610&shp=81f88b70&shcp=43f4a2f9&idc=my&ftpl=1,,38.8K,sports
https://www.tiktok.com/@thandogo8/video/7525651698325425415,https://p16-sign-sg.tiktokcdn.com/tos-alisg-p-0037/ogBD7hQgBLJGfC5eARoMPeImLIAjXO4EDI8WAg~tplv-photomode-zoomcover:720:720.jpeg?dr=14555&x-expires=1752796800&x-signature=4H%2Blns9vnS9aH174a2olftwZ3BA%3D&t=4d5b0474&ps=13740610&shp=81f88b70&shcp=43f4a2f9&idc=my&ftpl=1,,59.6K,sports
https://www.tiktok.com/@mikaylaallisonn/video/7525995255351594271,https://p16-pu-sign-useast8.tiktokcdn-us.com/tos-useast8-p-0068-tx2/oQOAbAiNOYBiIwAGnLo0iGxiPyqBV0ICtEEfBb~tplv-photomode-zoomcover:720:720.jpeg?dr=14555&x-expires=1752796800&x-signature=0hKkyyxOYYlHel9LSDS0gdhsY3s%3D&t=4d5b0474&ps=13740610&shp=81f88b70&shcp=43f4a2f9&idc=my&ftpl=1,,4.6M,sports
https://www.tiktok.com/@nextmediaofficial/video/7525611866886851848,https://p16-sign-sg.tiktokcdn.com/tos-alisg-p-0037/ogAAAB60KiUAAKcIvvwfBiVOBBjkVCE0igcKBw~tplv-photomode-zoomcover:720:720.jpeg?dr=14555&x-expires=1752796800&x-signature=5mEHxMeAUgfsGaOTYiq9b6Xchj0%3D&t=4d5b0474&ps=13740610&shp=81f88b70&shcp=43f4a2f9&idc=my&ftpl=1,,23K,sports
https://www.tiktok.com/@tonyrosatournaments/video/7525391795316935944,https://p16-sign-sg.tiktokcdn.com/tos-alisg-p-0037/o8RERkXAIrrEUmbBQvtDfBfR7hAFNs4gExcoIE~tplv-photomode-zoomcover:720:720.jpeg?dr=14555&x-expires=1752796800&x-signature=rB7G9RltD8ielHbvsF70aVJ4YaA%3D&t=4d5b0474&ps=13740610&shp=81f88b70&shcp=43f4a2f9&idc=my&ftpl=1,,19.3K,sports
https://www.tiktok.com/@daohongson.bjj/video/7525024219508428040,https://p16-sign-sg.tiktokcdn.com/tos-alisg-p-0037/okQcQIBhRg3bAfDopFzjfOnsaF7EREWgcuk1Bn~tplv-photomode-zoomcover:720:720.jpeg?dr=14555&x-expires=1752796800&x-signature=Z7Nx1al6f3ga5lL7uEmctTAUUBg%3D&t=4d5b0474&ps=13740610&shp=81f88b70&shcp=43f4a2f9&idc=my&ftpl=1,,21.1K,sports
https://www.tiktok.com/@onsportsplus/video/7526152299983506689,https://p16-sign-sg.tiktokcdn.com/tos-alisg-p-0037/ocyAvhADiADBJr5HBYbuaSQiEAdA4xiUvkIAl~tplv-photomode-zoomcover:720:720.jpeg?dr=14555&x-expires=1752796800&x-signature=YPT80pglvL%2FoOyaXZRrPUmSVgmk%3D&t=4d5b0474&ps=13740610&shp=81f88b70&shcp=43f4a2f9&idc=my&ftpl=1,,78.9K,sports
https://www.tiktok.com/@kkkkshswu/video/7526227474326244616,https://p9-sign-sg.tiktokcdn.com/tos-alisg-p-0037/ogQvoiBFjIDovIkfbyiIHeCAiBtAA4pA5Qfyqt~tplv-photomode-zoomcover:720:720.jpeg?dr=14555&x-expires=1752796800&x-signature=sO%2F7qPqtZ4iPeP6GizIoeCpAfTY%3D&t=4d5b0474&ps=13740610&shp=81f88b70&shcp=43f4a2f9&idc=my&ftpl=1,,53.7K,sports
https://www.tiktok.com/@xem.khng/video/7517906685390769422,https://p19-sign.tiktokcdn-us.com/tos-useast5-p-0068-tx/oMVpGfSshIIyRmOReFULRaEIQUGCebAIJAeUIR~tplv-photomode-zoomcover:720:720.jpeg?dr=14555&x-expires=1752796800&x-signature=9MfhD5czuYM2I9xkNABeKah7LYE%3D&t=4d5b0474&ps=13740610&shp=81f88b70&shcp=43f4a2f9&idc=my&ftpl=1,,64.6K,sports
https://www.tiktok.com/@kimthiencotichh/video/7525674039893888263,https://p16-sign-sg.tiktokcdn.com/tos-alisg-p-0037/oIwAKfIdAiFIS44QjGSEDRnfVIQnIALhADA4eG~tplv-photomode-zoomcover:720:720.jpeg?dr=14555&x-expires=1752796800&x-signature=nHhNU8r0yLIoN1y1o3HOvNqHfVc%3D&t=4d5b0474&ps=13740610&shp=81f88b70&shcp=43f4a2f9&idc=my&ftpl=1,,6728,sports
https://www.tiktok.com/@fptbongda/video/7526658859855891728,https://p16-sign-sg.tiktokcdn.com/tos-alisg-p-0037/oUBBCIDoFAAKdE07AVbEACfCAgNEIQAfgoBRlE~tplv-photomode-zoomcover:720:720.jpeg?dr=14555&x-expires=1752796800&x-signature=lcarwKQZ2%2B3NGGcaQIwA8OS3SEA%3D&t=4d5b0474&ps=13740610&shp=81f88b70&shcp=43f4a2f9&idc=my&ftpl=1,,126.7K,sports
https://www.tiktok.com/@thethao247.vn/video/7525800770298694920,https://p9-sign-sg.tiktokcdn.com/tos-alisg-p-0037/okLBPfDQFODlcBiQbRVAABiEW5yQQUFfgoQbaE~tplv-photomode-zoomcover:720:720.jpeg?dr=14555&x-expires=1752796800&x-signature=pkR9ASa1Rlex75VjvJzHjRfA0gs%3D&t=4d5b0474&ps=13740610&shp=81f88b70&shcp=43f4a2f9&idc=my&ftpl=1,,21.6K,sports
https://www.tiktok.com/@blvduongtang/video/7524311983894678802,https://p9-sign-sg.tiktokcdn.com/tos-alisg-p-0037/okjhHDlJAe2IfAdQa3oLIE81ECbeM6ArQAGuIv~tplv-photomode-zoomcover:720:720.jpeg?dr=14555&x-expires=1752796800&x-signature=C%2F8QlF0AnG7IlcptXFacZ9aFM1I%3D&t=4d5b0474&ps=13740610&shp=81f88b70&shcp=43f4a2f9&idc=my&ftpl=1,,36.8K,sports
https://www.tiktok.com/@hhn405/video/7524684041166114069,https://p16-sign-sg.tiktokcdn.com/tos-alisg-p-0037/oAfSaeiABDBEUlglohDnUoQJbIAuLGRrQFMED0~tplv-photomode-zoomcover:720:720.jpeg?dr=14555&x-expires=1752796800&x-signature=neiZxGXtj4lc89ovJsTtlsA2E3c%3D&t=4d5b0474&ps=13740610&shp=81f88b70&shcp=43f4a2f9&idc=sg1&ftpl=1,,123K,anime-and-comics
https://www.tiktok.com/@vietsub_dao_nhan/video/7525273572885957895,https://p16-sign-sg.tiktokcdn.com/tos-alisg-p-0037/oUFv3UA3eAEtPiBXAGrQfFE7JIDoLEApxkAI2f~tplv-photomode-zoomcover:720:720.jpeg?dr=14555&x-expires=1752796800&x-signature=RsF2jgIRzZUnbDnjsYjnBwveA%2Fo%3D&t=4d5b0474&ps=13740610&shp=81f88b70&shcp=43f4a2f9&idc=sg1&ftpl=1,,14.1K,anime-and-comics
https://www.tiktok.com/@tangca/video/7525688405934607638,https://p16-pu-sign-no.tiktokcdn-eu.com/tos-no1a-p-0037-no/o8gwDIgIE4DAckAFJxBSFon2eTgFREBlIqd8fL~tplv-photomode-zoomcover:720:720.jpeg?dr=14555&x-expires=1752796800&x-signature=BD7vUsVg%2FBAsmW2R99FftcZhtTg%3D&t=4d5b0474&ps=13740610&shp=81f88b70&shcp=43f4a2f9&idc=sg1&ftpl=1,,20.4K,anime-and-comics
https://www.tiktok.com/@troncinearb/video/7524583554408369415,https://p9-sign-sg.tiktokcdn.com/tos-alisg-p-0037/oUEsIAAAKshNAOB0biBMf1UBHh4BxiAwKblOBw~tplv-photomode-zoomcover:720:720.jpeg?dr=14555&x-expires=1752796800&x-signature=ULaY3%2F3J1Jvc0%2BGSaqcuYL8ez6Y%3D&t=4d5b0474&ps=13740610&shp=81f88b70&shcp=43f4a2f9&idc=sg1&ftpl=1,,123.7K,anime-and-comics
https://www.tiktok.com/@rubishorts2023/video/7524571566529678623,https://p16-pu-sign-useast8.tiktokcdn-us.com/tos-useast8-p-0068-tx2/oAviaBAABliRBypscqEEI8ADR7LJp2lrgwGVV~tplv-photomode-zoomcover:720:720.jpeg?dr=14555&x-expires=1752796800&x-signature=NR43R6hJL6rRqEzSWOrLsZBeSpo%3D&t=4d5b0474&ps=13740610&shp=81f88b70&shcp=43f4a2f9&idc=sg1&ftpl=1,,8175,anime-and-comics
https://www.tiktok.com/@memekingdomtv/video/7524159460756049160,https://p9-sign-sg.tiktokcdn.com/tos-alisg-p-0037/o4AilCxMAMBEGB0JiALXWarVBvIYUzEPAAs0q~tplv-photomode-zoomcover:720:720.jpeg?dr=14555&x-expires=1752796800&x-signature=ARXUv9C4l64054ePQxrdkbsdtZw%3D&t=4d5b0474&ps=13740610&shp=81f88b70&shcp=43f4a2f9&idc=sg1&ftpl=1,,1.8M,anime-and-comics
https://www.tiktok.com/@rudolfiogk/video/7525387205569744158,https://p16-pu-sign-useast8.tiktokcdn-us.com/tos-useast8-p-0068-tx2/oIB5sqEAKlAibi8iBXKX7Nf9AVByiBAIhAt02v~tplv-photomode-zoomcover:720:720.jpeg?dr=14555&x-expires=1752796800&x-signature=vLn4IIRaDiaIOnEMrnOhAFtKvmU%3D&t=4d5b0474&ps=13740610&shp=81f88b70&shcp=43f4a2f9&idc=sg1&ftpl=1,,30.8K,anime-and-comics
https://www.tiktok.com/@qn._kanie/video/7523179482342198536,https://p16-sign-sg.tiktokcdn.com/tos-alisg-p-0037/oI4ghtZaAJNE7hUoRk2BBEOV8EQeQCFPUz4ZfD~tplv-photomode-zoomcover:720:720.jpeg?dr=14555&x-expires=1752796800&x-signature=Y%2BfYM5QmAdjLUQDWvPIdBFevAZc%3D&t=4d5b0474&ps=13740610&shp=81f88b70&shcp=43f4a2f9&idc=sg1&ftpl=1,,251.5K,anime-and-comics
https://www.tiktok.com/@kidzuna._/video/7524736201455193365,https://p16-sign-sg.tiktokcdn.com/tos-alisg-p-0037/oADbcI5QDi0uTCddgEf3AOAAnFcMAoBCmnSVea~tplv-photomode-zoomcover:720:720.jpeg?dr=14555&x-expires=1752796800&x-signature=WO8VzUPKvpGYYcPNsgBQa1MnV%2Fs%3D&t=4d5b0474&ps=13740610&shp=81f88b70&shcp=43f4a2f9&idc=sg1&ftpl=1,,786.6K,anime-and-comics
https://www.tiktok.com/@xjxhgahdm/video/7519782744184999198,https://p16-pu-sign-useast8.tiktokcdn-us.com/tos-useast8-p-0068-tx2/o8EbIBIXjoetAxDQ0FN6fshYTTlIfEPAq80pCI~tplv-photomode-zoomcover:720:720.jpeg?dr=14555&x-expires=1752796800&x-signature=F3ZaK6wu7CEzNcRl5tqJbqfd03A%3D&t=4d5b0474&ps=13740610&shp=81f88b70&shcp=43f4a2f9&idc=sg1&ftpl=1,,3.4M,anime-and-comics
https://www.tiktok.com/@rubishorts2023/video/7523564710055267615,https://p16-pu-sign-useast8.tiktokcdn-us.com/tos-useast8-p-0068-tx2/okpfAaDBuIoaF1uJkVfBREFBnhBuERERAEEp0E~tplv-photomode-zoomcover:720:720.jpeg?dr=14555&x-expires=1752796800&x-signature=tYSfLR%2BbHmx0ttrdNrUD1bPz0Uc%3D&t=4d5b0474&ps=13740610&shp=81f88b70&shcp=43f4a2f9&idc=sg1&ftpl=1,,25.9K,anime-and-comics
https://www.tiktok.com/@phamthang.2004/video/7524322221112806678,https://p16-pu-sign-no.tiktokcdn-eu.com/tos-no1a-p-0037-no/okmrcMgafAImcLpTBDRoAzBIwEFkFENVI8YITe~tplv-photomode-zoomcover:720:720.jpeg?dr=14555&x-expires=1752796800&x-signature=JxiWjZxs90M%2FtdYaUwj7%2BJZLeQE%3D&t=4d5b0474&ps=13740610&shp=81f88b70&shcp=43f4a2f9&idc=sg1&ftpl=1,,76.5K,anime-and-comics
https://www.tiktok.com/@maderezs/video/7524788882534108434,https://p16-sign-sg.tiktokcdn.com/tos-alisg-p-0037/oMWoCazAE5vFHD1A4geIbsDAVt4LDBAgCfLQjU~tplv-photomode-zoomcover:720:720.jpeg?dr=14555&x-expires=1752796800&x-signature=4LzeRcNPEWchTKXgLZ8qJJAQH8A%3D&t=4d5b0474&ps=13740610&shp=81f88b70&shcp=43f4a2f9&idc=sg1&ftpl=1,,539.9K,anime-and-comics
https://www.tiktok.com/@thegioianime_rr88/video/7525059946459696391,https://p9-sign-sg.tiktokcdn.com/tos-alisg-p-0037/oEquKz590EKABAA7YBNi0BEiIKBAccAjLwfAhE~tplv-photomode-zoomcover:720:720.jpeg?dr=14555&x-expires=1752796800&x-signature=ojAp40z08hZUIb0pVaIY%2BUhmBuU%3D&t=4d5b0474&ps=13740610&shp=81f88b70&shcp=43f4a2f9&idc=sg1&ftpl=1,,22.6K,anime-and-comics
https://www.tiktok.com/@wibubymike.y2o/video/7525998970972196104,https://p16-sign-sg.tiktokcdn.com/tos-alisg-p-0037/o4g4WEbNoBFhuexrADBddxGcFAgEUIfRDEcyxo~tplv-photomode-zoomcover:720:720.jpeg?dr=14555&x-expires=1752796800&x-signature=k6V1UywZbDYGIF3VsFDx%2Fbu7%2BFE%3D&t=4d5b0474&ps=13740610&shp=81f88b70&shcp=43f4a2f9&idc=sg1&ftpl=1,,37.6K,anime-and-comics
https://www.tiktok.com/@tangca/video/7526025735430081814,https://p16-pu-sign-no.tiktokcdn-eu.com/tos-no1a-p-0037-no/osNUjAlXdkBeuEQoDcFfFBg3ToMICcI7R2D6EH~tplv-photomode-zoomcover:720:720.jpeg?dr=14555&x-expires=1752796800&x-signature=an59kw8w6ksq5gCKegfv1cjPSPg%3D&t=4d5b0474&ps=13740610&shp=81f88b70&shcp=43f4a2f9&idc=sg1&ftpl=1,,6966,anime-and-comics
https://www.tiktok.com/@bugcat_capoo_official/video/7525796290240711942,https://p16-sign-va.tiktokcdn.com/tos-maliva-p-0068/o8cDjO9IYGGQEgOgZELhAfXGAwkjQFf8efwR88~tplv-photomode-zoomcover:720:720.jpeg?dr=14555&x-expires=1752796800&x-signature=hubZiQcTbOWwiikiydo%2BIoguDTg%3D&t=4d5b0474&ps=13740610&shp=81f88b70&shcp=43f4a2f9&idc=sg1&ftpl=1,,1.2M,anime-and-comics
https://www.tiktok.com/@kewbi_/video/7523949083183156487,https://p16-sign-sg.tiktokcdn.com/tos-alisg-p-0037/oYwxAeIQQDAQZV1eG3LoUjL7w763LIAfGCNjCP~tplv-photomode-zoomcover:720:720.jpeg?dr=14555&x-expires=1752796800&x-signature=LCOePnb6z%2FSJlsWNkuHaWNEOJi0%3D&t=4d5b0474&ps=13740610&shp=81f88b70&shcp=43f4a2f9&idc=sg1&ftpl=1,,283.9K,anime-and-comics
https://www.tiktok.com/@tolamnguyen123/video/7526525663818304786,https://p16-sign-sg.tiktokcdn.com/tos-alisg-p-0037/owtIeluzEoWI4O5CozmGeDfj4zALAsyAc3UQIH~tplv-photomode-zoomcover:720:720.jpeg?dr=14555&x-expires=1752796800&x-signature=FQ6aT00lSkDiCtnnkJMZjl96Wkg%3D&t=4d5b0474&ps=13740610&shp=81f88b70&shcp=43f4a2f9&idc=sg1&ftpl=1,,33.7K,anime-and-comics
https://www.tiktok.com/@kidzuna._/video/7525059380149095700,https://p16-sign-sg.tiktokcdn.com/tos-alisg-p-0037/o0D34IfQDowMMEw6AEfzAeAAgFcZAQDEspkrqc~tplv-photomode-zoomcover:720:720.jpeg?dr=14555&x-expires=1752796800&x-signature=GtX%2B7XuMtxCyRnko9zc5a3ism28%3D&t=4d5b0474&ps=13740610&shp=81f88b70&shcp=43f4a2f9&idc=sg1&ftpl=1,,383.1K,anime-and-comics
https://www.tiktok.com/@ricoanimations0/video/7525829306556108040,https://p16-sign-sg.tiktokcdn.com/tos-alisg-p-0037/oUeEBc9UFQARuMZAnvOzifBL8gEumBDjoIhRBF~tplv-photomode-zoomcover:720:720.jpeg?dr=14555&x-expires=1752796800&x-signature=DB16W1vY9h1ASKVD9YySsQakeo4%3D&t=4d5b0474&ps=13740610&shp=81f88b70&shcp=43f4a2f9&idc=sg1&ftpl=1,,1.3M,anime-and-comics
https://www.tiktok.com/@maderezs/video/7525198833618357512,https://p16-sign-sg.tiktokcdn.com/tos-alisg-p-0037/oAAiAlIO9AAdg4YAAEGdanBGPPgH7pVBEuali~tplv-photomode-zoomcover:720:720.jpeg?dr=14555&x-expires=1752796800&x-signature=f%2BQG9MUvAETFDqZdpJlC4uGMX7Q%3D&t=4d5b0474&ps=13740610&shp=81f88b70&shcp=43f4a2f9&idc=sg1&ftpl=1,,1M,anime-and-comics
https://www.tiktok.com/@kyanbian.88/video/7526586593273072909,https://p16-sign.tiktokcdn-us.com/tos-useast5-p-0068-tx/oUinbCRQQ7HfZ95nC1FEA1DeI5AjHBvQIPfak5~tplv-photomode-zoomcover:720:720.jpeg?dr=14555&x-expires=1752796800&x-signature=mrYZW1KFg6thDTGwM3H5r0SiGmY%3D&t=4d5b0474&ps=13740610&shp=81f88b70&shcp=43f4a2f9&idc=sg1&ftpl=1,,9141,anime-and-comics
https://www.tiktok.com/@p_shiri/video/7524922859563584786,https://p16-sign-sg.tiktokcdn.com/tos-alisg-p-0037/ocAlDIXQoEqDdjWITttfCF52dDy7beIfXdzrcA~tplv-photomode-zoomcover:480:480.jpeg?dr=14555&x-expires=1752796800&x-signature=Za7h6763teXap9EMKBV6ydt%2BqA4%3D&t=4d5b0474&ps=13740610&shp=81f88b70&shcp=43f4a2f9&idc=my&ftpl=1,,292.7K,relationship
https://www.tiktok.com/@louispham_203/video/7526537160523091207,https://p16-sign-sg.tiktokcdn.com/tos-alisg-p-0037/oE7pRdiIIAw0e4OPOoiqzuFGlbA3bCAnBAdIB1~tplv-photomode-zoomcover:480:480.jpeg?dr=14555&x-expires=1752796800&x-signature=FTCzweFCufLoa%2B87zuMw%2Bm7BynQ%3D&t=4d5b0474&ps=13740610&shp=81f88b70&shcp=43f4a2f9&idc=my&ftpl=1,,290K,relationship
https://www.tiktok.com/@thomanh1993/video/7525796320473353528,https://p16-sign-va.tiktokcdn.com/tos-maliva-p-0068/oQAFZ9jDVihgeEAuvHGf0gtfkwfGI3LAxToRkj~tplv-photomode-zoomcover:480:480.jpeg?dr=14555&x-expires=1752796800&x-signature=g6xSkUACXfXD7ch5fITFLW0K%2Fwo%3D&t=4d5b0474&ps=13740610&shp=81f88b70&shcp=43f4a2f9&idc=my&ftpl=1,,79.7K,relationship
https://www.tiktok.com/@lyvdat/video/7523936131998829832,https://p16-sign-sg.tiktokcdn.com/tos-alisg-p-0037/oQdi1CAKIrIqZHYfav3jqIT90BDZmBSANEiwAA~tplv-photomode-zoomcover:480:480.jpeg?dr=14555&x-expires=1752796800&x-signature=xDOo8ux1fnmEHv%2FHvpF1VUJHRdI%3D&t=4d5b0474&ps=13740610&shp=81f88b70&shcp=43f4a2f9&idc=my&ftpl=1,,50.5K,relationship
https://www.tiktok.com/@demitrovaaa/video/7524033509288152327,https://p16-sign-sg.tiktokcdn.com/tos-alisg-p-0037/ogou1ckjWgGJIeDDIQXAqdGDLbehACUAmgDqve~tplv-photomode-zoomcover:480:480.jpeg?dr=14555&x-expires=1752796800&x-signature=JtVsFTu0%2BdaItsWgLroMRPp8bp0%3D&t=4d5b0474&ps=13740610&shp=81f88b70&shcp=43f4a2f9&idc=my&ftpl=1,,1.3M,relationship
https://www.tiktok.com/@xuanphi68/video/7526193945928355090,https://p16-sign-sg.tiktokcdn.com/tos-alisg-p-0037/oomKUFDlREByOIZm5yEIulBAaB4gYfURcof94R~tplv-photomode-zoomcover:480:480.jpeg?dr=14555&x-expires=1752796800&x-signature=Ql3cyzJCDzvKmV%2F9o132GqpSQdo%3D&t=4d5b0474&ps=13740610&shp=81f88b70&shcp=43f4a2f9&idc=my&ftpl=1,,28.5K,relationship
https://www.tiktok.com/@artychipchip/video/7518388477076180242,https://p9-sign-sg.tiktokcdn.com/tos-alisg-p-0037/o8A9XVeLDQCPQtqzArFAo3jf1EfmQADIE2ANIr~tplv-photomode-zoomcover:480:480.jpeg?dr=14555&x-expires=1752796800&x-signature=yX9PHmQo8dzPj6%2FF6AFz0LQeY4E%3D&t=4d5b0474&ps=13740610&shp=81f88b70&shcp=43f4a2f9&idc=my&ftpl=1,,162.3K,relationship
https://www.tiktok.com/@vochonghienlinh/video/7525848998473764104,https://p16-sign-sg.tiktokcdn.com/tos-alisg-p-0037/o8LHxYQyaI6lEMl8AASAABTLEzuviPBEBA4iI~tplv-photomode-zoomcover:480:480.jpeg?dr=14555&x-expires=1752796800&x-signature=SJpZUZH7SI4kVIaBmPQ6TBy5E5I%3D&t=4d5b0474&ps=13740610&shp=81f88b70&shcp=43f4a2f9&idc=my&ftpl=1,,62.4K,relationship
https://www.tiktok.com/@htthim.204/video/7526442646789786887,https://p16-sign-sg.tiktokcdn.com/tos-alisg-p-0037/osAUw6wfRoEfDUBFCMDmTuF0A38cgAlIIVlAQE~tplv-photomode-zoomcover:480:480.jpeg?dr=14555&x-expires=1752796800&x-signature=9CctFqtCiWaGhxR4GGoVoKAqMSo%3D&t=4d5b0474&ps=13740610&shp=81f88b70&shcp=43f4a2f9&idc=my&ftpl=1,,261.5K,relationship
https://www.tiktok.com/@perry_biene97/video/7524405130100329750,https://p16-pu-sign-no.tiktokcdn-eu.com/tos-no1a-p-0037-no/o8N6Ho8jfABeFTDZEU0Y6tQgaFRGAbPuEkEQFK~tplv-photomode-zoomcover:480:480.jpeg?dr=14555&x-expires=1752796800&x-signature=CAUCMPAt0wOTdFVN5EDON3MLI6M%3D&t=4d5b0474&ps=13740610&shp=81f88b70&shcp=43f4a2f9&idc=my&ftpl=1,,41.1K,relationship
https://www.tiktok.com/@kyduyn997/video/7524192283369966855,https://p9-sign-sg.tiktokcdn.com/tos-alisg-p-0037/oY6rIaRx0IqRCOAwTANiGNZiIFBGZzA5owf6QC~tplv-photomode-zoomcover:480:480.jpeg?dr=14555&x-expires=1752796800&x-signature=TvaoK2omyYO5bTmrmuDMNkbcPxg%3D&t=4d5b0474&ps=13740610&shp=81f88b70&shcp=43f4a2f9&idc=my&ftpl=1,,378.8K,relationship
https://www.tiktok.com/@viethung.mtp/video/7524573344503647506,https://p16-sign-sg.tiktokcdn.com/tos-alisg-p-0037/o4pEbiwBgEwBJcJifYoRBBA2IVs15bI2Kfw13U~tplv-photomode-zoomcover:480:480.jpeg?dr=14555&x-expires=1752796800&x-signature=PcPTtyLzxVyK7qCsdfKEoxm2%2BCE%3D&t=4d5b0474&ps=13740610&shp=81f88b70&shcp=43f4a2f9&idc=my&ftpl=1,,45K,relationship
https://www.tiktok.com/@_kimmanhquyen_/video/7526849680198700295,https://p16-sign-sg.tiktokcdn.com/tos-alisg-p-0037/oMA6fbM8jQQoHoDrECMSQvWXAeJ6AAsQo0eAgI~tplv-photomode-zoomcover:480:480.jpeg?dr=14555&x-expires=1752796800&x-signature=zCTr1%2F9wAwiFdxoHpZ5%2FudmyPOU%3D&t=4d5b0474&ps=13740610&shp=81f88b70&shcp=43f4a2f9&idc=my&ftpl=1,,235.7K,relationship
https://www.tiktok.com/@dieunhiofficial/video/7526921578601270559,https://p16-pu-sign-useast8.tiktokcdn-us.com/tos-useast8-p-0068-tx2/oEAy3qkfRoEHDVESCuDpH9FPA2WdAA2IZqfAQE~tplv-photomode-zoomcover:480:480.jpeg?dr=14555&x-expires=1752796800&x-signature=TJEXEUOza6CKMurVWTOcyMyahvw%3D&t=4d5b0474&ps=13740610&shp=81f88b70&shcp=43f4a2f9&idc=my&ftpl=1,,181.9K,relationship
https://www.tiktok.com/@doan.phan.hoang.hieu/video/7523723917559663879,https://p16-sign-sg.tiktokcdn.com/tos-alisg-p-0037/owiVEfHzDBpoFIcE8pEoaDIxaBUIMfTgrVR2IA~tplv-photomode-zoomcover:480:480.jpeg?dr=14555&x-expires=1752796800&x-signature=zvFBkepi8xjjGDSMfzqd3l0NUmk%3D&t=4d5b0474&ps=13740610&shp=81f88b70&shcp=43f4a2f9&idc=my&ftpl=1,,124.3K,relationship
https://www.tiktok.com/@nhandaily99/video/7525992804368289032,https://p16-sign-sg.tiktokcdn.com/tos-alisg-p-0037/okIjQABARZUcAaDo3FDxfxfKmK8EbEAgUmbTCd~tplv-photomode-zoomcover:480:480.jpeg?dr=14555&x-expires=1752796800&x-signature=E%2BXgMIbgLmjBkm1tZL%2BjXzRD3tA%3D&t=4d5b0474&ps=13740610&shp=81f88b70&shcp=43f4a2f9&idc=my&ftpl=1,,45.5K,relationship
https://www.tiktok.com/@aocuoihoangtrinhst/video/7526036672828443911,https://p16-sign-sg.tiktokcdn.com/tos-alisg-p-0037/oMXgrqtnAapEdtUoRWABBzpNQEQfQKFj2zicfD~tplv-photomode-zoomcover:480:480.jpeg?dr=14555&x-expires=1752796800&x-signature=S%2FatmL%2BhmIKTkIyjKKC%2Fzol%2F6ws%3D&t=4d5b0474&ps=13740610&shp=81f88b70&shcp=43f4a2f9&idc=my&ftpl=1,,57K,relationship
https://www.tiktok.com/@mvnelm/video/7521813250623819030,https://p16-pu-sign-no.tiktokcdn-eu.com/tos-no1a-p-0037-no/oA84sb7IxDLXZ6aIDQf5fEADsABAqQfNMIjFQD~tplv-photomode-zoomcover:480:480.jpeg?dr=14555&x-expires=1752796800&x-signature=imUgRl0xEcGnWOenogFFOc%2BzfxE%3D&t=4d5b0474&ps=13740610&shp=81f88b70&shcp=43f4a2f9&idc=my&ftpl=1,,971.2K,relationship
https://www.tiktok.com/@thuongtourist/video/7524671312741125394,https://p16-sign-sg.tiktokcdn.com/tos-alisg-p-0037/osijvADG0C1EBJYwAJAPaZx9XLrIOIBAtqi0R~tplv-photomode-zoomcover:480:480.jpeg?dr=14555&x-expires=1752796800&x-signature=9FRgl5CwzSR7MegSlvzTyYavf0w%3D&t=4d5b0474&ps=13740610&shp=81f88b70&shcp=43f4a2f9&idc=my&ftpl=1,,47.2K,relationship
https://www.tiktok.com/@thoanguyen1393/video/7523957960666615058,https://p16-sign-sg.tiktokcdn.com/tos-alisg-p-0037/o0QUQNDSj7C1ACDQAFz0f0NngxxIfESAopOfC2~tplv-photomode-zoomcover:480:480.jpeg?dr=14555&x-expires=1752796800&x-signature=Za2MgA8AKJD4SKQuPkFRUAFzTKA%3D&t=4d5b0474&ps=13740610&shp=81f88b70&shcp=43f4a2f9&idc=my&ftpl=1,,84K,relationship
https://www.tiktok.com/@thangbematnick.8/video/7526095653701831954,https://p16-sign-sg.tiktokcdn.com/tos-alisg-p-0037/o0a2ECqhkIIEvzIJHYCiUAcIBvhqdgiyBCXAP~tplv-photomode-zoomcover:480:480.jpeg?dr=14555&x-expires=1752796800&x-signature=qjNH1mEgl12RgcRUHFUPSBnRWN8%3D&t=4d5b0474&ps=13740610&shp=81f88b70&shcp=43f4a2f9&idc=my&ftpl=1,,98.4K,relationship
https://www.tiktok.com/@hoangghuyyvu/video/7525801629803728136,https://p16-sign-sg.tiktokcdn.com/tos-alisg-p-0037/okZQXrnMBDCcdU0iVqFDgSQERA9eGHwfEDBoAQ~tplv-photomode-zoomcover:480:480.jpeg?dr=14555&x-expires=1752796800&x-signature=RNBSZh3AzbzwAxHdFGZcpsuup6U%3D&t=4d5b0474&ps=13740610&shp=81f88b70&shcp=43f4a2f9&idc=my&ftpl=1,,45K,relationship
https://www.tiktok.com/@sweetie_strawpie/video/7525496412646280455,https://p16-sign-sg.tiktokcdn.com/tos-alisg-p-0037/oMjC8FDSDhMfNw3iyQxlAyovCpIIIlrPDe7fEA~tplv-photomode-zoomcover:480:480.jpeg?dr=14555&x-expires=1752796800&x-signature=43sKPVQkc0oviiqn6kgYB2NQ4CM%3D&t=4d5b0474&ps=13740610&shp=81f88b70&shcp=43f4a2f9&idc=my&ftpl=1,,54.2K,relationship
https://www.tiktok.com/@vbiznews/video/7525352701639609618,https://p16-sign-sg.tiktokcdn.com/tos-alisg-p-0037/okAGpBHlaE7biyIlrAq5GaYiVA9ABA2PZvAFT~tplv-photomode-zoomcover:480:480.jpeg?dr=14555&x-expires=1752796800&x-signature=rsO5uhJP7I%2F2QRUpsghM4q%2F0BKI%3D&t=4d5b0474&ps=13740610&shp=81f88b70&shcp=43f4a2f9&idc=my2&ftpl=1,,347.5K,shows
https://www.tiktok.com/@showbiznhatbao/video/7526554367042784528,https://p16-sign-sg.tiktokcdn.com/tos-alisg-p-0037/oYABDW6z6OoIfBIdzhB6FIGbUcsRifigROTEMw~tplv-photomode-zoomcover:480:480.jpeg?dr=14555&x-expires=1752796800&x-signature=yizaulszK7US0bA4ar%2BnjZYXhrU%3D&t=4d5b0474&ps=13740610&shp=81f88b70&shcp=43f4a2f9&idc=my2&ftpl=1,,163K,shows
https://www.tiktok.com/@nguyettduylinh/video/7525071346389372173,https://p16-sign.tiktokcdn-us.com/tos-useast5-p-0068-tx/o0JCOvzuGwTIBu5IAQ7iAfApbBNiEnNs0rYO7J~tplv-photomode-zoomcover:480:480.jpeg?dr=14555&x-expires=1752796800&x-signature=CDYA9Mkfd02y%2FZwdeuSPTekkIyM%3D&t=4d5b0474&ps=13740610&shp=81f88b70&shcp=43f4a2f9&idc=my2&ftpl=1,,152.6K,shows
https://www.tiktok.com/@tuduylinh/video/7526354400307154207,https://p16-pu-sign-useast8.tiktokcdn-us.com/tos-useast8-p-0068-tx2/oIJCQ6BoEAPQvLR8dEO4fDGAl0qDcFrtvVIeoE~tplv-photomode-zoomcover:480:480.jpeg?dr=14555&x-expires=1752796800&x-signature=PtTZg1IpnWh3n2hlrc8ZjLOPDYw%3D&t=4d5b0474&ps=13740610&shp=81f88b70&shcp=43f4a2f9&idc=my2&ftpl=1,,75.9K,shows
https://www.tiktok.com/@meowentertainmentvn/video/7526168967916932372,https://p16-sign-sg.tiktokcdn.com/tos-alisg-p-0037/ogExdRCoGcyULF5KlfBDtgAEUnBfAXqAQIAREl~tplv-photomode-zoomcover:480:480.jpeg?dr=14555&x-expires=1752796800&x-signature=ZhdKO9ryyP6XF3V%2BlTIF%2FMPZeJ8%3D&t=4d5b0474&ps=13740610&shp=81f88b70&shcp=43f4a2f9&idc=my2&ftpl=1,,116.8K,shows
https://www.tiktok.com/@kenh14disoisaodi/video/7524732846154583313,https://p16-sign-sg.tiktokcdn.com/tos-alisg-p-0037/oobAcBETWqDMROgug1FTFeaBfyUHDoQEccQuh1~tplv-photomode-zoomcover:480:480.jpeg?dr=14555&x-expires=1752796800&x-signature=JZ38KRlXdVrk6SYM%2FRY862av45U%3D&t=4d5b0474&ps=13740610&shp=81f88b70&shcp=43f4a2f9&idc=my2&ftpl=1,,43.2K,shows
https://www.tiktok.com/@cameravietnam1988/video/7525511899937623313,https://p16-sign-sg.tiktokcdn.com/tos-alisg-p-0037/oEAAefEeYANoAftUBmtAAkaDjn4fGAYhgqA7Ef~tplv-photomode-zoomcover:480:480.jpeg?dr=14555&x-expires=1752796800&x-signature=ytAnK8%2FAFLVXjqZh6gG4hoUAAlQ%3D&t=4d5b0474&ps=13740610&shp=81f88b70&shcp=43f4a2f9&idc=my2&ftpl=1,,90.1K,shows
https://www.tiktok.com/@windmusic221/video/7526520966592220423,https://p16-sign-sg.tiktokcdn.com/tos-alisg-p-0037/oEySoRVFBkdiaiuEOzYAZWE4zI9BVKbAHQBvv~tplv-photomode-zoomcover:480:480.jpeg?dr=14555&x-expires=1752796800&x-signature=avBKQiQaIUGgLZQru93GlcsQ9Fs%3D&t=4d5b0474&ps=13740610&shp=81f88b70&shcp=43f4a2f9&idc=my2&ftpl=1,,99.8K,shows
https://www.tiktok.com/@tuduylinh/video/7526350105981521182,https://p16-pu-sign-useast8.tiktokcdn-us.com/tos-useast8-p-0068-tx2/ooDmy6faB0fvoF8EF9zBAcV0EcIE9I6ARHJjB8~tplv-photomode-zoomcover:480:480.jpeg?dr=14555&x-expires=1752796800&x-signature=VTNteZWa6UklX7r1rBtZgvnr4uc%3D&t=4d5b0474&ps=13740610&shp=81f88b70&shcp=43f4a2f9&idc=my2&ftpl=1,,77.7K,shows
https://www.tiktok.com/@vbiznews/video/7525822330644303105,https://p9-sign-sg.tiktokcdn.com/tos-alisg-p-0037/o4AxBA92gkvlQHxiEp0J2XYFBAIaAiJXEAIAE~tplv-photomode-zoomcover:480:480.jpeg?dr=14555&x-expires=1752796800&x-signature=W2kbn8rX9Su8QD2gRgwR8zvudKQ%3D&t=4d5b0474&ps=13740610&shp=81f88b70&shcp=43f4a2f9&idc=my2&ftpl=1,,47.8K,shows
https://www.tiktok.com/@kenhnhacgenz/video/7525127552994774293,https://p16-sign-sg.tiktokcdn.com/tos-alisg-p-0037/oo9RrjLuHIGYf0BA02IAefIDhdQfGnJGQz1nPF~tplv-photomode-zoomcover:480:480.jpeg?dr=14555&x-expires=1752796800&x-signature=Vp8BK21qb3GXmqYYMZcfjficb%2BI%3D&t=4d5b0474&ps=13740610&shp=81f88b70&shcp=43f4a2f9&idc=my2&ftpl=1,,237.7K,shows
https://www.tiktok.com/@meowentertainmentvn/video/7526622464776965396,https://p16-sign-sg.tiktokcdn.com/tos-alisg-p-0037/o0fQb3jBIvD5CzLE67F9OEA0DeAwIAE9eQAoXA~tplv-photomode-zoomcover:480:480.jpeg?dr=14555&x-expires=1752796800&x-signature=3vF8bBR4OQaUC%2FjESLdNhJL%2BWFo%3D&t=4d5b0474&ps=13740610&shp=81f88b70&shcp=43f4a2f9&idc=my2&ftpl=1,,64.4K,shows
https://www.tiktok.com/@4jennie80/video/7524677374626286855,https://p16-sign-sg.tiktokcdn.com/tos-alisg-p-0037/oIoDIaUEADEf7gAACDJCfFGyYBUi3QYnRQbs5A~tplv-photomode-zoomcover:480:480.jpeg?dr=14555&x-expires=1752796800&x-signature=VAciG9ksERtSjYrrMrCk22anE48%3D&t=4d5b0474&ps=13740610&shp=81f88b70&shcp=43f4a2f9&idc=my2&ftpl=1,,851.6K,shows
https://www.tiktok.com/@sangmatchuaa/video/7526801755192053000,https://p16-sign-sg.tiktokcdn.com/tos-alisg-p-0037/o8NqEfUaDB1oFhTEb0EkJjIldBUI7Yeg3rR9GA~tplv-photomode-zoomcover:480:480.jpeg?dr=14555&x-expires=1752796800&x-signature=U83RJGKiAboce5k%2FDuoTgebsiHg%3D&t=4d5b0474&ps=13740610&shp=81f88b70&shcp=43f4a2f9&idc=my2&ftpl=1,,113K,shows
https://www.tiktok.com/@vutruxine/video/7524951258961038600,https://p16-sign-sg.tiktokcdn.com/tos-alisg-p-0037/o8QDQ2A9vjyfEEQLtI5DYUAAEDonbvAIJAfFrf~tplv-photomode-zoomcover:480:480.jpeg?dr=14555&x-expires=1752796800&x-signature=gtgE0UbrVwoF0BZgjsudbDF9UgQ%3D&t=4d5b0474&ps=13740610&shp=81f88b70&shcp=43f4a2f9&idc=my2&ftpl=1,,48.3K,shows
https://www.tiktok.com/@edwardnhieuchuyen/video/7522449625983225095,https://p16-sign-sg.tiktokcdn.com/tos-alisg-p-0037/ogrNGfqXBAN0itMC7liHolIBMAqITlNwxyIQ2A~tplv-photomode-zoomcover:480:480.jpeg?dr=14555&x-expires=1752796800&x-signature=ACRMT%2BhqffBFHl1Lx%2FOZJofjSzM%3D&t=4d5b0474&ps=13740610&shp=81f88b70&shcp=43f4a2f9&idc=my2&ftpl=1,,99.8K,shows
https://www.tiktok.com/@queendrama2025/video/7525305716396084498,https://p9-sign-sg.tiktokcdn.com/tos-alisg-p-0037/oYzvBiFTCGSX9ApBIbaiE8YgIC8mzEyVQAvBA~tplv-photomode-zoomcover:480:480.jpeg?dr=14555&x-expires=1752796800&x-signature=NXMQgfBnbCETrilaZJy9SAqG6DU%3D&t=4d5b0474&ps=13740610&shp=81f88b70&shcp=43f4a2f9&idc=my2&ftpl=1,,74.8K,shows
https://www.tiktok.com/@quangtuanofficial0302/video/7524927038541647105,https://p16-sign-sg.tiktokcdn.com/tos-alisg-p-0037/oUbioAOIjQQAqoRftDIAW6DQAeyFEDSeEAOl02~tplv-photomode-zoomcover:480:480.jpeg?dr=14555&x-expires=1752796800&x-signature=O47OJWa7AnysvKv%2FrVHmKl0WonQ%3D&t=4d5b0474&ps=13740610&shp=81f88b70&shcp=43f4a2f9&idc=my2&ftpl=1,,606.1K,shows
https://www.tiktok.com/@hothitshowbiz/video/7526588241898736903,https://p16-sign-sg.tiktokcdn.com/tos-alisg-p-0037/o8Y1iEa0BRAgPgz0HCVNEDiIBudPu0iIYPZjA~tplv-photomode-zoomcover:480:480.jpeg?dr=14555&x-expires=1752796800&x-signature=xSmBsN7Slo5jPwE8XxPL00M2UBc%3D&t=4d5b0474&ps=13740610&shp=81f88b70&shcp=43f4a2f9&idc=my2&ftpl=1,,195.1K,shows
https://www.tiktok.com/@lynn0293/video/7525784339053907208,https://p16-sign-sg.tiktokcdn.com/tos-alisg-p-0037/o0awPAYoQIYHOBVoFFiF0iRCIE9RBymADN8DN~tplv-photomode-zoomcover:480:480.jpeg?dr=14555&x-expires=1752796800&x-signature=SLX50App70LkNt0u0I5cvVLSsAM%3D&t=4d5b0474&ps=13740610&shp=81f88b70&shcp=43f4a2f9&idc=my2&ftpl=1,,135.1K,shows
https://www.tiktok.com/@cauvongshowbiz/video/7524984222646324498,https://p16-sign-sg.tiktokcdn.com/tos-alisg-p-0037/oMqoN74IlIRXCHXAi0wwF6B9iifGAAUHBIkuuU~tplv-photomode-zoomcover:480:480.jpeg?dr=14555&x-expires=1752796800&x-signature=D3GVmfyw4sfwHcVGnmZ5kXGt8Sw%3D&t=4d5b0474&ps=13740610&shp=81f88b70&shcp=43f4a2f9&idc=my2&ftpl=1,,18.4K,shows
https://www.tiktok.com/@conkhom.khomcon/video/7524575640033496327,https://p16-sign-sg.tiktokcdn.com/tos-alisg-p-0037/o4TAjT0IssbBYA5qwSqblfiviCAIVBNyXJ7odE~tplv-photomode-zoomcover:480:480.jpeg?dr=14555&x-expires=1752796800&x-signature=NUbefvg6ZI%2F9e8hnRk40a4YnNCI%3D&t=4d5b0474&ps=13740610&shp=81f88b70&shcp=43f4a2f9&idc=my2&ftpl=1,,57.4K,shows
https://www.tiktok.com/@showbiznhatbao/video/7526603186086481153,https://p16-sign-sg.tiktokcdn.com/tos-alisg-p-0037/oYrjGIAfQRQKweI8QCnwMoLY75AcuDe7TVActZ~tplv-photomode-zoomcover:480:480.jpeg?dr=14555&x-expires=1752796800&x-signature=0eW7jXhHEYg4mI7WvQJjYnu7TJo%3D&t=4d5b0474&ps=13740610&shp=81f88b70&shcp=43f4a2f9&idc=my2&ftpl=1,,36.9K,shows
https://www.tiktok.com/@huynhlapofficial/video/7526150844094369042,https://p16-sign-sg.tiktokcdn.com/tos-alisg-p-0037/ogwAamgUI5oVk2lvyHiYD1I9QEJCiBaAQZ1ZB~tplv-photomode-zoomcover:480:480.jpeg?dr=14555&x-expires=1752796800&x-signature=ACIWLYbN6g8LbxxnzVCnK%2BQbl6U%3D&t=4d5b0474&ps=13740610&shp=81f88b70&shcp=43f4a2f9&idc=my2&ftpl=1,,329.2K,shows
https://www.tiktok.com/@nlinh_o0/video/7525014544935030024,https://p16-sign-sg.tiktokcdn.com/tos-alisg-p-0037/owuEIYBGj7SAE4FiEOKa8VAvBOSlB4i7vaEAl~tplv-photomode-zoomcover:480:480.jpeg?dr=14555&x-expires=1752796800&x-signature=E5%2FbNIVehIIEFFwbrGkKnI8Rli0%3D&t=4d5b0474&ps=13740610&shp=81f88b70&shcp=43f4a2f9&idc=my&ftpl=1,,575K,lipsync
https://www.tiktok.com/@mucnuong.09/video/7525619785632107794,https://p16-sign-sg.tiktokcdn.com/tos-alisg-p-0037/oI1E2fFwcg1RBNsICD4iAoBUXBciISZ0ohe5Xh~tplv-photomode-zoomcover:480:480.jpeg?dr=14555&x-expires=1752796800&x-signature=4fpBHO9LlUf4BgmZm7MrxWPfGrY%3D&t=4d5b0474&ps=13740610&shp=81f88b70&shcp=43f4a2f9&idc=my&ftpl=1,,280K,lipsync
https://www.tiktok.com/@luc.evisu/video/7524924823844211976,https://p9-sign-sg.tiktokcdn.com/tos-alisg-p-0037/ogIim5IyEi07AIViA5F33Yjr58B3MtnatGBv7~tplv-photomode-zoomcover:480:480.jpeg?dr=14555&x-expires=1752796800&x-signature=YchuKqfAT0sxtxDMeve3r5Ym%2Ftk%3D&t=4d5b0474&ps=13740610&shp=81f88b70&shcp=43f4a2f9&idc=my&ftpl=1,,154K,lipsync
https://www.tiktok.com/@louispham_203/video/7520982249580399880,https://p16-sign-sg.tiktokcdn.com/tos-alisg-p-0037/oMQ4o2fnZCfQ8ALjHDZQEYiDpvIdAkei7q5GIQ~tplv-photomode-zoomcover:480:480.jpeg?dr=14555&x-expires=1752796800&x-signature=DkEcp%2F74kJXML5P%2Bv4LOwkn729M%3D&t=4d5b0474&ps=13740610&shp=81f88b70&shcp=43f4a2f9&idc=my&ftpl=1,,896.7K,lipsync
https://www.tiktok.com/@thuytien07141983/video/7524000562401135880,https://p16-sign-sg.tiktokcdn.com/tos-alisg-p-0037/okmZBlfDUQ58RzoEIPeA7aDpVBVARE5NFHa0Qg~tplv-photomode-zoomcover:480:480.jpeg?dr=14555&x-expires=1752796800&x-signature=Mpl8KdrY%2FLBOg4ttC2XIz8vEglU%3D&t=4d5b0474&ps=13740610&shp=81f88b70&shcp=43f4a2f9&idc=my&ftpl=1,,99.4K,lipsync
https://www.tiktok.com/@khoadibao/video/7526046795118513416,https://p16-sign-sg.tiktokcdn.com/tos-alisg-p-0037/owfQEajxIvD4fxFEn4FOxIb7DIK5IAC9epEomA~tplv-photomode-zoomcover:480:480.jpeg?dr=14555&x-expires=1752796800&x-signature=13EUtO9Zdnr4Vi3v%2FXgEGOD2Kdg%3D&t=4d5b0474&ps=13740610&shp=81f88b70&shcp=43f4a2f9&idc=my&ftpl=1,,53.4K,lipsync
https://www.tiktok.com/@ig.khalac248/video/7518717576558513426,https://p16-sign-sg.tiktokcdn.com/tos-alisg-p-0037/oMtR0Vi9hGr2BXcdE4zl27gEBfAoiBBwVB5oeI~tplv-photomode-zoomcover:480:480.jpeg?dr=14555&x-expires=1752796800&x-signature=fVRgj9BjzMrexn3%2Fo7jpApOj7Yw%3D&t=4d5b0474&ps=13740610&shp=81f88b70&shcp=43f4a2f9&idc=my&ftpl=1,,1.1M,lipsync
https://www.tiktok.com/@igchubby.thdh_1/video/7523597462804696328,https://p16-sign-sg.tiktokcdn.com/tos-alisg-p-0037/oofqp6AABCBEXfg15nDKUoIAaIMATMRrTFjEFh~tplv-photomode-zoomcover:480:480.jpeg?dr=14555&x-expires=1752796800&x-signature=hDK2zElCC%2Bu7%2BZpjWzMVbvxi05w%3D&t=4d5b0474&ps=13740610&shp=81f88b70&shcp=43f4a2f9&idc=my&ftpl=1,,324.4K,lipsync
https://www.tiktok.com/@hoanglananh31/video/7526411445794393352,https://p16-sign-sg.tiktokcdn.com/tos-alisg-p-0037/oEmm2AfIjQfAroZeMDIAkTGQA9OLID3lEAK6X5~tplv-photomode-zoomcover:480:480.jpeg?dr=14555&x-expires=1752796800&x-signature=bQSRRxnaCFk5P5apYyRR0MKdD5U%3D&t=4d5b0474&ps=13740610&shp=81f88b70&shcp=43f4a2f9&idc=my&ftpl=1,,208.3K,lipsync
https://www.tiktok.com/@huongcoc92/video/7524687797253360914,https://p16-sign-sg.tiktokcdn.com/tos-alisg-p-0037/ostUjFCjoDQZ2IIeDAfsAp7tIfTLzPDEbIQZhB~tplv-photomode-zoomcover:480:480.jpeg?dr=14555&x-expires=1752796800&x-signature=jb0HXskgzCXxVzAauqDvB2e1ZlI%3D&t=4d5b0474&ps=13740610&shp=81f88b70&shcp=43f4a2f9&idc=my&ftpl=1,,35.2K,lipsync
https://www.tiktok.com/@nguyenthingochuyen0225/video/7524216728793009415,https://p16-sign-sg.tiktokcdn.com/tos-alisg-p-0037/oIAA6UIQIDAQF01ePxLoWHDuyoaBeIACGEsjAe~tplv-photomode-zoomcover:480:480.jpeg?dr=14555&x-expires=1752796800&x-signature=sNtTQE8Yx5bDw2xeFEIh03chyS8%3D&t=4d5b0474&ps=13740610&shp=81f88b70&shcp=43f4a2f9&idc=my&ftpl=1,,178.9K,lipsync
https://www.tiktok.com/@maitrithuc2020/video/7524719306983165202,https://p9-sign-sg.tiktokcdn.com/tos-alisg-p-0037/osAus5Gtb4ASBIrtFtvBaLXPEiYdziBEQV0B1~tplv-photomode-zoomcover:480:480.jpeg?dr=14555&x-expires=1752796800&x-signature=IT6OvPkPmbC8ubJhCFbdM6G9gZQ%3D&t=4d5b0474&ps=13740610&shp=81f88b70&shcp=43f4a2f9&idc=my&ftpl=1,,136.9K,lipsync
https://www.tiktok.com/@katie_ngyen/video/7526381470504537352,https://p16-sign-sg.tiktokcdn.com/tos-alisg-p-0037/oklBMEPVaTVdIIYHYAECizaIdBB4a9MFABo7i~tplv-photomode-zoomcover:480:480.jpeg?dr=14555&x-expires=1752796800&x-signature=JUhM%2BOyA55piHnLSk7ixnIseZPg%3D&t=4d5b0474&ps=13740610&shp=81f88b70&shcp=43f4a2f9&idc=my&ftpl=1,,116.6K,lipsync
https://www.tiktok.com/@tin_nguyen_9/video/7525767432036683016,https://p16-sign-sg.tiktokcdn.com/tos-alisg-p-0037/oEIIKq0AH3S45UiwBAEUtOi1jXCAHwfxi5ChpZ~tplv-photomode-zoomcover:480:480.jpeg?dr=14555&x-expires=1752796800&x-signature=LFF7Wd4oHovvcs6QW1L8Y%2FSIEkA%3D&t=4d5b0474&ps=13740610&shp=81f88b70&shcp=43f4a2f9&idc=my&ftpl=1,,253.5K,lipsync
https://www.tiktok.com/@hincamdiec/video/7525644268472487176,https://p16-sign-sg.tiktokcdn.com/tos-alisg-p-0037/ocBiAdA4EXixEqD0BEZURmipI4wvHa12ApBY1~tplv-photomode-zoomcover:480:480.jpeg?dr=14555&x-expires=1752796800&x-signature=VLKxC4zP%2FsWknuWWr3h2t%2B7xD5E%3D&t=4d5b0474&ps=13740610&shp=81f88b70&shcp=43f4a2f9&idc=my&ftpl=1,,132.2K,lipsync
https://www.tiktok.com/@kimanhne_36/video/7526090688073567496,https://p16-sign-sg.tiktokcdn.com/tos-alisg-p-0037/owMAlIH9PV7bABiCiFOEUyaIYEBaBVKl69CEk~tplv-photomode-zoomcover:480:480.jpeg?dr=14555&x-expires=1752796800&x-signature=HyVjiX%2F%2BvprueIN5FvpeYpVIjQA%3D&t=4d5b0474&ps=13740610&shp=81f88b70&shcp=43f4a2f9&idc=my&ftpl=1,,101K,lipsync
https://www.tiktok.com/@lgni.anil_19/video/7524934570886712594,https://p16-sign-sg.tiktokcdn.com/tos-alisg-p-0037/oUB9EIAj8ECe9MAQAiDKQ4QbffITNCDo4D6j2F~tplv-photomode-zoomcover:480:480.jpeg?dr=14555&x-expires=1752796800&x-signature=vqfhdY%2FT%2BG7HRGIKP6lRvKoCbSc%3D&t=4d5b0474&ps=13740610&shp=81f88b70&shcp=43f4a2f9&idc=my&ftpl=1,,221.1K,lipsync
https://www.tiktok.com/@g.minhtrg/video/7524651519053008136,https://p16-sign-sg.tiktokcdn.com/tos-alisg-p-0037/oIIshIA0RNs7dijQzixBrwECodAfAYU6YImyin~tplv-photomode-zoomcover:480:480.jpeg?dr=14555&x-expires=1752796800&x-signature=vPZ%2BOOOfsFu0u6suozC2sEcyGFE%3D&t=4d5b0474&ps=13740610&shp=81f88b70&shcp=43f4a2f9&idc=my&ftpl=1,,130.5K,lipsync
https://www.tiktok.com/@uyenan.h/video/7526006180234136839,https://p9-sign-sg.tiktokcdn.com/tos-alisg-p-0037/ogi7AB9EtAiNA9hfCwwxpK0svBIBOAXRiIWBAN~tplv-photomode-zoomcover:480:480.jpeg?dr=14555&x-expires=1752796800&x-signature=ynLPwL8wSNiimUaUkglxB2oe%2FlE%3D&t=4d5b0474&ps=13740610&shp=81f88b70&shcp=43f4a2f9&idc=my&ftpl=1,,131.9K,lipsync
https://www.tiktok.com/@thuytien07141983/video/7524007009289800967,https://p16-sign-sg.tiktokcdn.com/tos-alisg-p-0037/oMbTYhViaPrE5BJvqVkIbAIHq9GDIAqYBpi2p~tplv-photomode-zoomcover:480:480.jpeg?dr=14555&x-expires=1752796800&x-signature=0DguVrIanthXGqHIvGhDeZhBApw%3D&t=4d5b0474&ps=13740610&shp=81f88b70&shcp=43f4a2f9&idc=my&ftpl=1,,123.6K,lipsync
https://www.tiktok.com/@nlinh_o0/video/7526466977901186312,https://p16-sign-sg.tiktokcdn.com/tos-alisg-p-0037/o0dCMfbz9w2IB4NICw9iAMAqYAOiIidL0PDk8p~tplv-photomode-zoomcover:480:480.jpeg?dr=14555&x-expires=1752796800&x-signature=n%2BHcDOkkhULO5XgSlcW0W065WHs%3D&t=4d5b0474&ps=13740610&shp=81f88b70&shcp=43f4a2f9&idc=my&ftpl=1,,240.2K,lipsync
https://www.tiktok.com/@ltvi/video/7525393792698944775,https://p16-sign-sg.tiktokcdn.com/tos-alisg-p-0037/o8MvFGHEl4ReCI6IjBFoAkZDgNU8dBkcf5bEz3~tplv-photomode-zoomcover:480:480.jpeg?dr=14555&x-expires=1752796800&x-signature=g8KaK1G8Q%2BmQwKvFYz3%2FbVJnwyc%3D&t=4d5b0474&ps=13740610&shp=81f88b70&shcp=43f4a2f9&idc=my&ftpl=1,,31K,lipsync
https://www.tiktok.com/@ig.khalac248/video/7525070157836733714,https://p16-sign-sg.tiktokcdn.com/tos-alisg-p-0037/ogfa3BRlQJDGFoVuCYLIAbGbI3AjmcNIIjeeoN~tplv-photomode-zoomcover:480:480.jpeg?dr=14555&x-expires=1752796800&x-signature=nzKyetKobbZ3ajCf%2BnYcA7Wt%2Be0%3D&t=4d5b0474&ps=13740610&shp=81f88b70&shcp=43f4a2f9&idc=my&ftpl=1,,285.8K,lipsync
https://www.tiktok.com/@huongsyu/video/7524674016330845447,https://p16-sign-sg.tiktokcdn.com/tos-alisg-p-0037/o0CL2UEwKnAiaioABmIdwNfCAGBXABAInAy0Zt~tplv-photomode-zoomcover:480:480.jpeg?dr=14555&x-expires=1752796800&x-signature=2MVfGncftunggKYwrOckhEc76fo%3D&t=4d5b0474&ps=13740610&shp=81f88b70&shcp=43f4a2f9&idc=my&ftpl=1,,377.7K,daily-life
https://www.tiktok.com/@rc.world.vn/video/7526438735915896082,https://p16-sign-sg.tiktokcdn.com/tos-alisg-p-0037/ocwMt7DrEFAgIICcWAEUASEABf02fREzohCBgV~tplv-photomode-zoomcover:480:480.jpeg?dr=14555&x-expires=1752796800&x-signature=zH%2FIWBvs0MlkWlC%2BXhvum9DxjU4%3D&t=4d5b0474&ps=13740610&shp=81f88b70&shcp=43f4a2f9&idc=my&ftpl=1,,215.1K,daily-life
https://www.tiktok.com/@rdlcqquv9ec/video/7523622436139584823,https://p16-sign.tiktokcdn-us.com/tos-useast5-p-0068-tx/o8cLzICKIzjkx3LB1eeopIo1Qv6RfGwP0CIAAH~tplv-photomode-zoomcover:480:480.jpeg?dr=14555&x-expires=1752796800&x-signature=tNclJNp6kxhSQsH7hCEk%2BWOu7Oo%3D&t=4d5b0474&ps=13740610&shp=81f88b70&shcp=43f4a2f9&idc=my&ftpl=1,,601.7K,daily-life
https://www.tiktok.com/@dieulinhh2612/video/7525356789634829575,https://p9-sign-sg.tiktokcdn.com/tos-alisg-p-0037/oMgga0cPAkAE32UoRn4BBoSyCEQ0IHFvfpVbfD~tplv-photomode-zoomcover:480:480.jpeg?dr=14555&x-expires=1752796800&x-signature=RpwUWLyBWzRYHlqXHo6MqmBsAMI%3D&t=4d5b0474&ps=13740610&shp=81f88b70&shcp=43f4a2f9&idc=my&ftpl=1,,120.3K,daily-life
https://www.tiktok.com/@klook_vietnam/video/7523970105886149906,https://p16-sign-sg.tiktokcdn.com/tos-alisg-p-0037/o4lioAaCtIGAYMD72yEAA0PGAAqjiiBBg8lqI~tplv-photomode-zoomcover:480:480.jpeg?dr=14555&x-expires=1752796800&x-signature=U7hjRknOXpaxUh9Bdbl24gszW9s%3D&t=4d5b0474&ps=13740610&shp=81f88b70&shcp=43f4a2f9&idc=my&ftpl=1,,158.4K,daily-life
https://www.tiktok.com/@hieuhihi8805/video/7524182546012261639,https://p16-sign-sg.tiktokcdn.com/tos-alisg-p-0037/oQsr1JMEL2RKEIDIWBFoARFDglUgzBlDf0aEFf~tplv-photomode-zoomcover:480:480.jpeg?dr=14555&x-expires=1752796800&x-signature=oWoZ83o81ISwI2m6TcadhmsHNiM%3D&t=4d5b0474&ps=13740610&shp=81f88b70&shcp=43f4a2f9&idc=my&ftpl=1,,333.3K,daily-life
https://www.tiktok.com/@tuantudo86/video/7525002500018031880,https://p16-sign-sg.tiktokcdn.com/tos-alisg-p-0037/o4BA4lPbaslhDIYGAAEAiu5laAOva6wLABy6i~tplv-photomode-zoomcover:480:480.jpeg?dr=14555&x-expires=1752796800&x-signature=2EqY2tw1T5uuDsrXXlltsvSv%2Bw4%3D&t=4d5b0474&ps=13740610&shp=81f88b70&shcp=43f4a2f9&idc=my&ftpl=1,,143.2K,daily-life
https://www.tiktok.com/@mechunchinoii/video/7526089417442774290,https://p9-sign-sg.tiktokcdn.com/tos-alisg-p-0037/oMAByFlzpc9nDCBZRffBgoE0gUERBdwIuoRGId~tplv-photomode-zoomcover:480:480.jpeg?dr=14555&x-expires=1752796800&x-signature=gs5snN%2FwgXcswdq1nDlgylMV24g%3D&t=4d5b0474&ps=13740610&shp=81f88b70&shcp=43f4a2f9&idc=my&ftpl=1,,12.8K,daily-life
https://www.tiktok.com/@excellent.idea/video/7524897330550607159,https://p16-sign.tiktokcdn-us.com/tos-useast5-p-0068-tx/oErEd5FbNIDrIlBA54fgfxEAotQqRRxDSxkczB~tplv-photomode-zoomcover:480:480.jpeg?dr=14555&x-expires=1752796800&x-signature=YstBL%2FAw2kptvXiJ8OqCUxa8s%2BE%3D&t=4d5b0474&ps=13740610&shp=81f88b70&shcp=43f4a2f9&idc=my&ftpl=1,,98.9K,daily-life
https://www.tiktok.com/@uymoi97/video/7523937505012419847,https://p16-sign-sg.tiktokcdn.com/tos-alisg-p-0037/oQFICGE6iiAGRNCwIIkBqIsGTRZnI90qtABfAV~tplv-photomode-zoomcover:480:480.jpeg?dr=14555&x-expires=1752796800&x-signature=g5g5w2TI73Q4a0mi4EpNb3wXvPI%3D&t=4d5b0474&ps=13740610&shp=81f88b70&shcp=43f4a2f9&idc=my&ftpl=1,,471.9K,daily-life
https://www.tiktok.com/@congviennuocvwnt/video/7526427775238950162,https://p16-sign-sg.tiktokcdn.com/tos-alisg-p-0037/oUMV4zIL5iZA9jYqBNvPdMdHI3iBd9BCFaAvE~tplv-photomode-zoomcover:480:480.jpeg?dr=14555&x-expires=1752796800&x-signature=dDJAFkIKZ9t%2BD5RM0Vof14WWDKI%3D&t=4d5b0474&ps=13740610&shp=81f88b70&shcp=43f4a2f9&idc=my&ftpl=1,,66.7K,daily-life
https://www.tiktok.com/@trochoimongoland/video/7524294249655864594,https://p16-sign-sg.tiktokcdn.com/tos-alisg-p-0037/ogIIwRNEvtaqAW0O1idPCyiWrBxcfVAAICARtq~tplv-photomode-zoomcover:480:480.jpeg?dr=14555&x-expires=1752796800&x-signature=ksHhFOT53mGhDpXLH9ast4l%2F9Uk%3D&t=4d5b0474&ps=13740610&shp=81f88b70&shcp=43f4a2f9&idc=my&ftpl=1,,83.9K,daily-life
https://www.tiktok.com/@quanganhsurprise/video/7520880920870522130,https://p16-sign-sg.tiktokcdn.com/tos-alisg-p-0037/oEzFqEB4QzRUqiZz4fwMfQ42oWLiQDPTXVEgAB~tplv-photomode-zoomcover:480:480.jpeg?dr=14555&x-expires=1752796800&x-signature=S2XSeb%2BwBkHGHQBD6HTU%2Feei7KM%3D&t=4d5b0474&ps=13740610&shp=81f88b70&shcp=43f4a2f9&idc=my&ftpl=1,,145.2K,daily-life
https://www.tiktok.com/@gulkhanabukhan/video/7526142718343433478,https://p16-sign-va.tiktokcdn.com/tos-maliva-p-0068/oAvSRyIxqiRQ6vUqB8MOdIaHIyiBbQ8rBaAvE~tplv-photomode-zoomcover:480:480.jpeg?dr=14555&x-expires=1752796800&x-signature=cUELBHOQbMKj60tactYGR7NRZwc%3D&t=4d5b0474&ps=13740610&shp=81f88b70&shcp=43f4a2f9&idc=my&ftpl=1,,5M,daily-life
https://www.tiktok.com/@vya2209/video/7523241458573266194,https://p16-sign-sg.tiktokcdn.com/tos-alisg-p-0037/osffBBBU8eiAReUsQAozeiABMZfgYhlMMfYUeEi~tplv-photomode-zoomcover:480:480.jpeg?dr=14555&x-expires=1752796800&x-signature=Hnx41IIGA9X6QRRdR%2BT5uoHcCbU%3D&t=4d5b0474&ps=13740610&shp=81f88b70&shcp=43f4a2f9&idc=my&ftpl=1,,276K,daily-life
https://www.tiktok.com/@naseebkaitah1/video/7524770156736744710,https://p16-sign-va.tiktokcdn.com/tos-maliva-p-0068/oYobxfnWIPVRBCBEETvtCBAJBRFp2JfvPQlDqE~tplv-photomode-zoomcover:480:480.jpeg?dr=14555&x-expires=1752796800&x-signature=VSiiDyn40RefBm27DgbAi84x6Io%3D&t=4d5b0474&ps=13740610&shp=81f88b70&shcp=43f4a2f9&idc=my&ftpl=1,,202K,daily-life
https://www.tiktok.com/@totomuzy/video/7523625257442348344,https://p16-sign-va.tiktokcdn.com/tos-maliva-p-0068/owAA4LSAQiIQBKapAaBIUivJMlyGAlOTAioEK~tplv-photomode-zoomcover:480:480.jpeg?dr=14555&x-expires=1752796800&x-signature=Gh%2B8b%2F9p%2BA4fXqqHwWe%2F75sbGOo%3D&t=4d5b0474&ps=13740610&shp=81f88b70&shcp=43f4a2f9&idc=my&ftpl=1,,803.1K,daily-life
https://www.tiktok.com/@amazingfunny643/video/7516608363057122574,https://p16-sign.tiktokcdn-us.com/tos-useast5-p-0068-tx/owWofL0IIIxEA3ozLQeYhiHAjBUjQGkfHBi5CP~tplv-photomode-zoomcover:480:480.jpeg?dr=14555&x-expires=1752796800&x-signature=M1Y9Ggps9pG9gty8gX52Dy1mgeE%3D&t=4d5b0474&ps=13740610&shp=81f88b70&shcp=43f4a2f9&idc=my&ftpl=1,,9.1M,daily-life
https://www.tiktok.com/@duongtrieuvuu/video/7523780863876713736,https://p16-sign-sg.tiktokcdn.com/tos-alisg-p-0037/oMiZEhfagalRAQFboNQ7VUFpEFBTUdfrBjNyDz~tplv-photomode-zoomcover:480:480.jpeg?dr=14555&x-expires=1752796800&x-signature=Q7Wd7A8v6suR7%2B6EMcmHz2AYjys%3D&t=4d5b0474&ps=13740610&shp=81f88b70&shcp=43f4a2f9&idc=my&ftpl=1,,66.3K,daily-life
https://www.tiktok.com/@ngoc_2761/video/7524570927552630036,https://p16-sign-sg.tiktokcdn.com/tos-alisg-p-0037/oofGKQwOs8oA0uLpraECBFbERBXDmgUUjQf9tl~tplv-photomode-zoomcover:480:480.jpeg?dr=14555&x-expires=1752796800&x-signature=waaZmcnjRRnu4Qikl%2FehEhwwcW4%3D&t=4d5b0474&ps=13740610&shp=81f88b70&shcp=43f4a2f9&idc=my&ftpl=1,,21.6K,daily-life
https://www.tiktok.com/@huy20db/video/7524366582538128661,https://p16-sign-sg.tiktokcdn.com/tos-alisg-p-0037/ogNIEsg9iiAhaaDgIRzBUip0fv6jW9orlBzfB5~tplv-photomode-zoomcover:480:480.jpeg?dr=14555&x-expires=1752796800&x-signature=K%2FtgrgjeZ%2FzW92sCyLbuHXlrbvE%3D&t=4d5b0474&ps=13740610&shp=81f88b70&shcp=43f4a2f9&idc=my&ftpl=1,,32.1K,beauty-care
https://www.tiktok.com/@ghinaae/video/7523087638153186566,https://p16-sign-va.tiktokcdn.com/tos-maliva-p-0068/owengKBEAYRWAIBENCFoAYBDQ7JFABdGf2ZEqx~tplv-photomode-zoomcover:480:480.jpeg?dr=14555&x-expires=1752796800&x-signature=ynrYK8UfUbumeX2MXwFZpRsKbvE%3D&t=4d5b0474&ps=13740610&shp=81f88b70&shcp=43f4a2f9&idc=my&ftpl=1,,2.6M,beauty-care
https://www.tiktok.com/@cheducanh04/video/7526156422602624264,https://p16-sign-sg.tiktokcdn.com/tos-alisg-p-0037/oQ2YRaiEyh3yIxAKmACYBJVBSEHJI3q1iBtdP~tplv-photomode-zoomcover:480:480.jpeg?dr=14555&x-expires=1752796800&x-signature=cue3CsIcqNTHr8r3qTAlj7e59yg%3D&t=4d5b0474&ps=13740610&shp=81f88b70&shcp=43f4a2f9&idc=my&ftpl=1,,209.6K,beauty-care
https://www.tiktok.com/@dangthuhaf/video/7525449973115178248,https://p16-sign-sg.tiktokcdn.com/tos-alisg-p-0037/oUYSEBUDoBxy30xFEWa8AAEJEBZvfbVgeRIOJw~tplv-photomode-zoomcover:480:480.jpeg?dr=14555&x-expires=1752796800&x-signature=1wH2VFhYw1Dv68VP4B1KxfdU%2Fx8%3D&t=4d5b0474&ps=13740610&shp=81f88b70&shcp=43f4a2f9&idc=my&ftpl=1,,165.6K,beauty-care
https://www.tiktok.com/@1900hairsalon.official/video/7524148638478519559,https://p9-sign-sg.tiktokcdn.com/tos-alisg-p-0037/oQgreLAII7GA1o7LkHCKRQJkkPeDjIJ6ISVoes~tplv-photomode-zoomcover:480:480.jpeg?dr=14555&x-expires=1752796800&x-signature=vatJb0h1nwrSLiePsM9RKiRZCMQ%3D&t=4d5b0474&ps=13740610&shp=81f88b70&shcp=43f4a2f9&idc=my&ftpl=1,,158.9K,beauty-care
https://www.tiktok.com/@giaovienc3/video/7526426152697711890,https://p16-sign-sg.tiktokcdn.com/tos-alisg-p-0037/ocBYIHELA0zYTcDMGBoP9VAVi8aPXgYB7iHIE~tplv-photomode-zoomcover:480:480.jpeg?dr=14555&x-expires=1752796800&x-signature=xU9SDgfGc3TYGOWRHdRkSQWyVbg%3D&t=4d5b0474&ps=13740610&shp=81f88b70&shcp=43f4a2f9&idc=my&ftpl=1,,52.9K,beauty-care
https://www.tiktok.com/@oanhtieudong_td/video/7524237260389240071,https://p16-sign-sg.tiktokcdn.com/tos-alisg-p-0037/o0ejgIto8n5fGkHtyICogJy1AILeDQAu1dGokI~tplv-photomode-zoomcover:480:480.jpeg?dr=14555&x-expires=1752796800&x-signature=cX%2BSiJyTn8DqcLByx1mOnd%2FkjwM%3D&t=4d5b0474&ps=13740610&shp=81f88b70&shcp=43f4a2f9&idc=my&ftpl=1,,169.9K,beauty-care
https://www.tiktok.com/@tdk2barbershop/video/7524508689080782081,https://p16-sign-sg.tiktokcdn.com/tos-alisg-p-0037/oIybDfy6EE3UQNbLCEogFBDsQURGAQ609BkeDv~tplv-photomode-zoomcover:480:480.jpeg?dr=14555&x-expires=1752796800&x-signature=S3iA8I%2BxGHix81DB%2FkacWV7M9PQ%3D&t=4d5b0474&ps=13740610&shp=81f88b70&shcp=43f4a2f9&idc=my&ftpl=1,,392.7K,beauty-care
https://www.tiktok.com/@du_duong_tap_phoi_do/video/7525819506845928711,https://p16-sign-sg.tiktokcdn.com/tos-alisg-p-0037/oIAnLIiVQDX5FExLAGC0xpS4LFnIoIejPIfex5~tplv-photomode-zoomcover:480:480.jpeg?dr=14555&x-expires=1752796800&x-signature=Dqt2IEi9OfxBa%2FJXbnOCTvne7IY%3D&t=4d5b0474&ps=13740610&shp=81f88b70&shcp=43f4a2f9&idc=my&ftpl=1,,87.2K,beauty-care
https://www.tiktok.com/@nhakhoaduyngoc_5ae/video/7521766544028847380,https://p16-sign-sg.tiktokcdn.com/tos-alisg-p-0037/o8AvwuBd8iBIEYVOE15xjiO1OBtGriIaAKX0T~tplv-photomode-zoomcover:480:480.jpeg?dr=14555&x-expires=1752796800&x-signature=7f2BpsPvqQ5VdMUPxlZyNZz1FiI%3D&t=4d5b0474&ps=13740610&shp=81f88b70&shcp=43f4a2f9&idc=my&ftpl=1,,192.7K,beauty-care
https://www.tiktok.com/@rinabeauty859/video/7525787943995280658,https://p16-sign-sg.tiktokcdn.com/tos-alisg-p-0037/okbQgUcQcKx8BZoWrFPpEeE4hDsJfTAwREBYDQ~tplv-photomode-zoomcover:480:480.jpeg?dr=14555&x-expires=1752796800&x-signature=X2iW1bqenT1tZnkKxTTovxiOc9Q%3D&t=4d5b0474&ps=13740610&shp=81f88b70&shcp=43f4a2f9&idc=my&ftpl=1,,65.4K,beauty-care
https://www.tiktok.com/@giohanhphuc9/video/7525452296201784577,https://p16-sign-sg.tiktokcdn.com/tos-alisg-p-0037/o8ErIAVCEBAfgIBvAoAgJfj6QCFYSxbD89SKyi~tplv-photomode-zoomcover:480:480.jpeg?dr=14555&x-expires=1752796800&x-signature=yElUA%2B1WsqNx7i1vjsDnpXQrEy0%3D&t=4d5b0474&ps=13740610&shp=81f88b70&shcp=43f4a2f9&idc=my&ftpl=1,,69.6K,beauty-care
https://www.tiktok.com/@dailywithbong/video/7523162526582836488,https://p16-sign-sg.tiktokcdn.com/tos-alisg-p-0037/o4opHCj90lA7pH2nA6iiwhBqCMAIcvEIIvvZqe~tplv-photomode-zoomcover:480:480.jpeg?dr=14555&x-expires=1752796800&x-signature=oOTtwJSW5XbEwI8iZ0Cf6To7ubA%3D&t=4d5b0474&ps=13740610&shp=81f88b70&shcp=43f4a2f9&idc=my&ftpl=1,,241.8K,beauty-care
https://www.tiktok.com/@truongbarber89hy/video/7522459442684775698,https://p16-sign-sg.tiktokcdn.com/tos-alisg-p-0037/o8GQQzAnBDJZMUblsQF5gTQERAgjJAEfEfBoxS~tplv-photomode-zoomcover:480:480.jpeg?dr=14555&x-expires=1752796800&x-signature=yRMuNwjzVJf4VPzWNQhXgr8ofH4%3D&t=4d5b0474&ps=13740610&shp=81f88b70&shcp=43f4a2f9&idc=my&ftpl=1,,63.4K,beauty-care
https://www.tiktok.com/@dqlam147/video/7524698995474779400,https://p16-sign-sg.tiktokcdn.com/tos-alisg-p-0037/oQF2M8fbIQSgQ8MmvIQAWCaaQfjjAXaejDlQ9s~tplv-photomode-zoomcover:480:480.jpeg?dr=14555&x-expires=1752796800&x-signature=xgZ87gW4j3WtU98pRuvHITd9LJw%3D&t=4d5b0474&ps=13740610&shp=81f88b70&shcp=43f4a2f9&idc=my&ftpl=1,,67.7K,beauty-care
https://www.tiktok.com/@tiktokcreators_vn/video/7522480608015092999,https://p16-sign-sg.tiktokcdn.com/tos-alisg-p-0037/oQYhYAUDoCcsIe5FEAATMAIFEBFKfZngbRQIDE~tplv-photomode-zoomcover:480:480.jpeg?dr=14555&x-expires=1752796800&x-signature=QcqQn9IeGf5Wb9%2FTiq7K%2FX7rhcE%3D&t=4d5b0474&ps=13740610&shp=81f88b70&shcp=43f4a2f9&idc=my&ftpl=1,,20.5K,beauty-care
https://www.tiktok.com/@panh15.10/video/7526156261176495378,https://p16-sign-sg.tiktokcdn.com/tos-alisg-p-0037/ocAiAlIHyABbHRYAAEH7QTB0PDACJD9BwyaEi~tplv-photomode-zoomcover:480:480.jpeg?dr=14555&x-expires=1752796800&x-signature=ncbWoF3JAvO%2BmBSFwEauQTeysDQ%3D&t=4d5b0474&ps=13740610&shp=81f88b70&shcp=43f4a2f9&idc=my&ftpl=1,,84K,beauty-care
https://www.tiktok.com/@meymeyxink28/video/7524250330641550599,https://p16-sign-sg.tiktokcdn.com/tos-alisg-p-0037/o0ErIAGsGghrAVGhQLFDemqfmWwRfI6AQfgdFk~tplv-photomode-zoomcover:480:480.jpeg?dr=14555&x-expires=1752796800&x-signature=S3LwYjmtbhMzbnJf39I%2BDUGxWm4%3D&t=4d5b0474&ps=13740610&shp=81f88b70&shcp=43f4a2f9&idc=my&ftpl=1,,41.5K,beauty-care
https://www.tiktok.com/@caimewgivay._/video/7523831986167876871,https://p16-sign-sg.tiktokcdn.com/tos-alisg-p-0037/oQmTaCUDoBBf3trFEZqgiAINEB2qfazgdRIVZX~tplv-photomode-zoomcover:480:480.jpeg?dr=14555&x-expires=1752796800&x-signature=7XWXnafIzxbH3Ib91obWFQdZaFE%3D&t=4d5b0474&ps=13740610&shp=81f88b70&shcp=43f4a2f9&idc=my&ftpl=1,,26.9K,beauty-care
https://www.tiktok.com/@eimichann/video/7523234147070971144,https://p16-sign-sg.tiktokcdn.com/tos-alisg-p-0037/oUyI3EMDAbAECWGFfAQjDAAzIOPHzzQeeckDIo~tplv-photomode-zoomcover:480:480.jpeg?dr=14555&x-expires=1752796800&x-signature=gmX5vJKaEROEk%2F9c6KF73OkM%2BZo%3D&t=4d5b0474&ps=13740610&shp=81f88b70&shcp=43f4a2f9&idc=my&ftpl=1,,42.7K,beauty-care
https://www.tiktok.com/@taitc2000/video/7524632233605451016,https://p16-sign-sg.tiktokcdn.com/tos-alisg-p-0037/okhQIemAQXApE2GAQjoMoxJebm3ao7Qs7Df8CT~tplv-photomode-zoomcover:480:480.jpeg?dr=14555&x-expires=1752796800&x-signature=VWRhsFbWwPShh2nbS0LBwkeo%2BKI%3D&t=4d5b0474&ps=13740610&shp=81f88b70&shcp=43f4a2f9&idc=my&ftpl=1,,179K,games
https://www.tiktok.com/@bequynhff21.2/video/7525722706474536210,https://p16-sign-sg.tiktokcdn.com/tos-alisg-p-0037/oQBV8VVmdFEiNAwC3DvvyIABHIaPP6i4ZA5OY~tplv-photomode-zoomcover:480:480.jpeg?dr=14555&x-expires=1752796800&x-signature=6dQH6hlHVr5wYAQuLLseQ9PkCN4%3D&t=4d5b0474&ps=13740610&shp=81f88b70&shcp=43f4a2f9&idc=my&ftpl=1,,133.9K,games
https://www.tiktok.com/@thaodangyeuuu04/video/7525777550413565202,https://p16-sign-sg.tiktokcdn.com/tos-alisg-p-0037/occDFCFaXE6AQDiqIAAVEfmrU8deoQA7bBcRg9~tplv-photomode-zoomcover:480:480.jpeg?dr=14555&x-expires=1752796800&x-signature=CKD%2BB7ZKXKfFuTH7qMu4O6fnjFo%3D&t=4d5b0474&ps=13740610&shp=81f88b70&shcp=43f4a2f9&idc=my&ftpl=1,,126.4K,games
https://www.tiktok.com/@jeeker97/video/7524654995124374805,https://p16-sign-sg.tiktokcdn.com/tos-alisg-p-0037/oQIRZLh1eJAnGeG0Qe6yAQAAIe4DusdNJDPAG8~tplv-photomode-zoomcover:480:480.jpeg?dr=14555&x-expires=1752796800&x-signature=olxRhKkjYQg%2Fn1J4%2F7%2FsS%2BmntW0%3D&t=4d5b0474&ps=13740610&shp=81f88b70&shcp=43f4a2f9&idc=my&ftpl=1,,235K,games
https://www.tiktok.com/@garancg/video/7525050974017228052,https://p16-sign-sg.tiktokcdn.com/tos-alisg-p-0037/oUfWhCZVo5BwycMuBhFEgmD8EbAR3VSIIrfdUl~tplv-photomode-zoomcover:480:480.jpeg?dr=14555&x-expires=1752796800&x-signature=01AvvxvTNoZJYSe4SBYOCDIxhz0%3D&t=4d5b0474&ps=13740610&shp=81f88b70&shcp=43f4a2f9&idc=my&ftpl=1,,57.9K,games
https://www.tiktok.com/@phanlocdz69/video/7525623429735779591,https://p16-sign-sg.tiktokcdn.com/tos-alisg-p-0037/ocMwSVwOfAEWKFBlABI0YqBtYiAKiCA6GDAIG6~tplv-photomode-zoomcover:480:480.jpeg?dr=14555&x-expires=1752796800&x-signature=bExm5Vfa0zMvRdh8TVI2PpTInKo%3D&t=4d5b0474&ps=13740610&shp=81f88b70&shcp=43f4a2f9&idc=my&ftpl=1,,273.3K,games
https://www.tiktok.com/@huyenranchu/video/7524990447937129746,https://p16-sign-sg.tiktokcdn.com/tos-alisg-p-0037/oICbgKIwqHAisixIFgIP3Nf0gDBZAARI7Dv0Wu~tplv-photomode-zoomcover:480:480.jpeg?dr=14555&x-expires=1752796800&x-signature=srjYKI5XTMKaHzY8i%2FYcRRODk60%3D&t=4d5b0474&ps=13740610&shp=81f88b70&shcp=43f4a2f9&idc=my&ftpl=1,,96.2K,games
https://www.tiktok.com/@daquavis_mc/video/7525228829271543054,https://p16-sign.tiktokcdn-us.com/tos-useast5-p-0068-tx/oMhuD6j9QmfeFL4RQBidTOAIFGLeWIeWXAGGYI~tplv-photomode-zoomcover:480:480.jpeg?dr=14555&x-expires=1752796800&x-signature=p%2FvOn3LOKNW2fAc7uIbV2X5gsQ8%3D&t=4d5b0474&ps=13740610&shp=81f88b70&shcp=43f4a2f9&idc=my&ftpl=1,,845.6K,games
https://www.tiktok.com/@boboo7720/video/7525405357661834503,https://p16-sign-sg.tiktokcdn.com/tos-alisg-p-0037/o8IEvioP5BKaBWB2IfhIGUHgilncLb5e0RuARF~tplv-photomode-zoomcover:480:480.jpeg?dr=14555&x-expires=1752796800&x-signature=JFVBtIp9jE2yAuX3Rrj5P9vUd7Q%3D&t=4d5b0474&ps=13740610&shp=81f88b70&shcp=43f4a2f9&idc=my&ftpl=1,,203.3K,games
https://www.tiktok.com/@reallongr/video/7524625342338780434,https://p16-sign-sg.tiktokcdn.com/tos-alisg-p-0037/okAiAlI25AAFMzYAAEGBc2BHv5IwzuRB7sali~tplv-photomode-zoomcover:480:480.jpeg?dr=14555&x-expires=1752796800&x-signature=hLJz1dpA0NzUVnPZn2RHi1bzsJ0%3D&t=4d5b0474&ps=13740610&shp=81f88b70&shcp=43f4a2f9&idc=my&ftpl=1,,99.3K,games
https://www.tiktok.com/@bequynhff21.2/video/7524675856975809810,https://p16-sign-sg.tiktokcdn.com/tos-alisg-p-0037/o0DxabfSIbxQoFUEUerBA4UUEbQBCQngR37odP~tplv-photomode-zoomcover:480:480.jpeg?dr=14555&x-expires=1752796800&x-signature=dXA2dZY3k9YRg7Iy2K1yvdr1fCk%3D&t=4d5b0474&ps=13740610&shp=81f88b70&shcp=43f4a2f9&idc=my&ftpl=1,,135.8K,games
https://www.tiktok.com/@peo151012_25/video/7525640734586752263,https://p16-sign-sg.tiktokcdn.com/tos-alisg-p-0037/okIaI4veOmDEeEIjvc4QsALQTT6GDRADA0eRwC~tplv-photomode-zoomcover:480:480.jpeg?dr=14555&x-expires=1752796800&x-signature=TS0n45nnAnu8LpmNj%2BMJbQBCHXg%3D&t=4d5b0474&ps=13740610&shp=81f88b70&shcp=43f4a2f9&idc=my&ftpl=1,,173.3K,games
https://www.tiktok.com/@garancg/video/7525796288667946261,https://p16-sign-sg.tiktokcdn.com/tos-alisg-p-0037/oc3gi3QUguAZghPAgN8YgPfIfofn55DD9Mf4Ke~tplv-photomode-zoomcover:480:480.jpeg?dr=14555&x-expires=1752796800&x-signature=2dBcQnOQoRQ7G8sYg%2Bdc%2FZAmSbQ%3D&t=4d5b0474&ps=13740610&shp=81f88b70&shcp=43f4a2f9&idc=my&ftpl=1,,45.3K,games
https://www.tiktok.com/@hanissey.baohan/video/7519737030625070343,https://p16-sign-sg.tiktokcdn.com/tos-alisg-p-0037/o8FjQL0oWAtlBWyHExo3aReBUX2fQ0zlEoygQD~tplv-photomode-zoomcover:480:480.jpeg?dr=14555&x-expires=1752796800&x-signature=Vt4E5jFmK8s2C3F9n4%2ByYcgHHOQ%3D&t=4d5b0474&ps=13740610&shp=81f88b70&shcp=43f4a2f9&idc=my&ftpl=1,,89.1K,games
https://www.tiktok.com/@dautay196_/video/7525498100991937812,https://p9-sign-sg.tiktokcdn.com/tos-alisg-p-0037/ogBQ3BDdEDCEmNewfIAAI3ZFNfv4couAKj8jo8~tplv-photomode-zoomcover:480:480.jpeg?dr=14555&x-expires=1752796800&x-signature=0IcePGszKQ0kqVWwlttH7aFdqOU%3D&t=4d5b0474&ps=13740610&shp=81f88b70&shcp=43f4a2f9&idc=my&ftpl=1,,149.1K,games
https://www.tiktok.com/@lienquanmobile_garena/video/7524240530704796946,https://p16-sign-sg.tiktokcdn.com/tos-alisg-p-0037/o4DaUIXQDEKZ3C7ugEfKAeAAlFLvAoBCWs6VIW~tplv-photomode-zoomcover:480:480.jpeg?dr=14555&x-expires=1752796800&x-signature=BI9dHiqobLMMRstXAaucU%2BTP4iI%3D&t=4d5b0474&ps=13740610&shp=81f88b70&shcp=43f4a2f9&idc=my&ftpl=1,,188.9K,games
https://www.tiktok.com/@hongle9911/video/7524219215927266567,https://p16-sign-sg.tiktokcdn.com/tos-alisg-p-0037/oEkva2FYxItIVjiGcAEisgarr9jBlA4cBBYZ2~tplv-photomode-zoomcover:480:480.jpeg?dr=14555&x-expires=1752796800&x-signature=fXJN97FckKEdKlxebYfF67ugDfU%3D&t=4d5b0474&ps=13740610&shp=81f88b70&shcp=43f4a2f9&idc=my&ftpl=1,,39K,games
https://www.tiktok.com/@bequynhff21.2/video/7526014256748301575,https://p16-sign-sg.tiktokcdn.com/tos-alisg-p-0037/ocDd4Q4CfSvIIPLjJJQFyHAo4xAe23pxet4QiG~tplv-photomode-zoomcover:480:480.jpeg?dr=14555&x-expires=1752796800&x-signature=QBqlfDn6fkPGYbkCHF2nmAdx5HE%3D&t=4d5b0474&ps=13740610&shp=81f88b70&shcp=43f4a2f9&idc=my&ftpl=1,,79.2K,games
https://www.tiktok.com/@2roakatrung/video/7525387356157824264,https://p16-sign-sg.tiktokcdn.com/tos-alisg-p-0037/oYfhTqfBiAJEMGi4AgXAvFQMD85gbfiQGRFmfg~tplv-photomode-zoomcover:480:480.jpeg?dr=14555&x-expires=1752796800&x-signature=LlEUlR6KqFPrU3VpJvyfAioooXo%3D&t=4d5b0474&ps=13740610&shp=81f88b70&shcp=43f4a2f9&idc=my&ftpl=1,,63.7K,games
https://www.tiktok.com/@garancg/video/7523935148983782664,https://p16-sign-sg.tiktokcdn.com/tos-alisg-p-0037/o4NI0NixSN03QqqzCIGQYwwIBfAniAC6RAp0TI~tplv-photomode-zoomcover:480:480.jpeg?dr=14555&x-expires=1752796800&x-signature=raZ%2FyFvC4HBkK%2BHPM9T%2FfxCi8dU%3D&t=4d5b0474&ps=13740610&shp=81f88b70&shcp=43f4a2f9&idc=my&ftpl=1,,101.7K,games
https://www.tiktok.com/@cothitv18/video/7524945852046019848,https://p16-sign-sg.tiktokcdn.com/tos-alisg-p-0037/o8YmpjAmIEG3YUADfeQIbDmE2QrWo3AfAAbFDj~tplv-photomode-zoomcover:480:480.jpeg?dr=14555&x-expires=1752796800&x-signature=zLU8llWY24%2BHr%2Be%2FY4E0qbV%2Byso%3D&t=4d5b0474&ps=13740610&shp=81f88b70&shcp=43f4a2f9&idc=my&ftpl=1,,77.1K,games
https://www.tiktok.com/@thaodangyeuuu04/video/7525762541436374290,https://p9-sign-sg.tiktokcdn.com/tos-alisg-p-0037/ockiDAUDoC8tVeaFEAAXYAIVEBbqfdMgoRQSDR~tplv-photomode-zoomcover:480:480.jpeg?dr=14555&x-expires=1752796800&x-signature=o4A53ygvzPBwxvyC%2FUDIFP9bBn4%3D&t=4d5b0474&ps=13740610&shp=81f88b70&shcp=43f4a2f9&idc=my&ftpl=1,,56.8K,games
https://www.tiktok.com/@huongstore.06/video/7525692408676224272,https://p16-sign-sg.tiktokcdn.com/tos-alisg-p-0037/oM1hGowYEg9KAFzD7AUIAgBQeEAcCID0EQwfRT~tplv-photomode-zoomcover:480:480.jpeg?dr=14555&x-expires=1752796800&x-signature=JyfYFaY8PWGdjOPOXha0GdWFYQU%3D&t=4d5b0474&ps=13740610&shp=81f88b70&shcp=43f4a2f9&idc=my&ftpl=1,,702.1K,society
https://www.tiktok.com/@ngcuong379/video/7524911077809786128,https://p16-sign-sg.tiktokcdn.com/tos-alisg-p-0037/o8FEV2ItIThEUHbBetCDfBzRqnAFBIdgEbEoIZ~tplv-photomode-zoomcover:480:480.jpeg?dr=14555&x-expires=1752796800&x-signature=gpxFIB3gsyznybmhx34NfrtomLw%3D&t=4d5b0474&ps=13740610&shp=81f88b70&shcp=43f4a2f9&idc=my&ftpl=1,,987K,society
https://www.tiktok.com/@dipquanne/video/7524545567163256082,https://p16-sign-sg.tiktokcdn.com/tos-alisg-p-0037/oYiPlEWANIYNAAlB9RAOrAFiBGByaBjlijJEs~tplv-photomode-zoomcover:480:480.jpeg?dr=14555&x-expires=1752796800&x-signature=K9BpkDe37Ri%2F8ihIjluHDFp9jvo%3D&t=4d5b0474&ps=13740610&shp=81f88b70&shcp=43f4a2f9&idc=my&ftpl=1,,488.4K,society
https://www.tiktok.com/@phuonganhle305/video/7525261051865304338,https://p16-sign-sg.tiktokcdn.com/tos-alisg-p-0037/o0x8i3pNwx3IAIGR0zIx6WiFCGAvq4fGAZBmBS~tplv-photomode-zoomcover:480:480.jpeg?dr=14555&x-expires=1752796800&x-signature=AoVg%2BynQDYH4Q%2FRgSrDJ7NiKlio%3D&t=4d5b0474&ps=13740610&shp=81f88b70&shcp=43f4a2f9&idc=my&ftpl=1,,813K,society
https://www.tiktok.com/@luky889889/video/7525659423247846663,https://p16-sign-sg.tiktokcdn.com/tos-alisg-p-0037/oUDwAUBjICxcfEEV2fRgENyB2NZXIgkpAMAAFo~tplv-photomode-zoomcover:480:480.jpeg?dr=14555&x-expires=1752796800&x-signature=QK1sQEJb0F3KbBcFP3Jy07uLjGM%3D&t=4d5b0474&ps=13740610&shp=81f88b70&shcp=43f4a2f9&idc=my&ftpl=1,,449.4K,society
https://www.tiktok.com/@haisanthanhvan/video/7525425296992963847,https://p16-sign-sg.tiktokcdn.com/tos-alisg-p-0037/oownfAeeo3IEzrjdIlA0EILImSXLkQvnGyD1CG~tplv-photomode-zoomcover:480:480.jpeg?dr=14555&x-expires=1752796800&x-signature=rHYEbXP1b3Gky0PwGwfzMLSOQ14%3D&t=4d5b0474&ps=13740610&shp=81f88b70&shcp=43f4a2f9&idc=my&ftpl=1,,267.1K,society
https://www.tiktok.com/@plxhvn2/video/7524219031616900366,https://p19-sign.tiktokcdn-us.com/tos-useast5-p-0068-tx/oYwDAVoQWgzDeCCygtSt2fEWFCAVDAawu6mVAI~tplv-photomode-zoomcover:480:480.jpeg?dr=14555&x-expires=1752796800&x-signature=dSldmpt11c%2F5t45n67wUPjcQkuo%3D&t=4d5b0474&ps=13740610&shp=81f88b70&shcp=43f4a2f9&idc=my&ftpl=1,,138.1K,society
https://www.tiktok.com/@nottuman/video/7524969271366077704,https://p9-sign-sg.tiktokcdn.com/tos-alisg-p-0037/oYfQIMjFIgD3xucEZDF5fI37DRC8IAClBwDofA~tplv-photomode-zoomcover:480:480.jpeg?dr=14555&x-expires=1752796800&x-signature=Drk7RC6K9sxM3Hqhwo%2FA0MCTUWQ%3D&t=4d5b0474&ps=13740610&shp=81f88b70&shcp=43f4a2f9&idc=my&ftpl=1,,576.9K,society
https://www.tiktok.com/@sapgaobaobao/video/7523908343476325650,https://p16-sign-sg.tiktokcdn.com/tos-alisg-p-0037/oYWjv1EDjAdNaUofIHf2nOAIDfAHFDAl1EAQJQ~tplv-photomode-zoomcover:480:480.jpeg?dr=14555&x-expires=1752796800&x-signature=QpYYYtX5a9mIBZ5ZwTM7WdCq77A%3D&t=4d5b0474&ps=13740610&shp=81f88b70&shcp=43f4a2f9&idc=my&ftpl=1,,325.8K,society
https://www.tiktok.com/@plxhvn2/video/7525476265239891255,https://p19-sign.tiktokcdn-us.com/tos-useast5-p-0068-tx/okEBvi01fBA4BYBBIPQnAJAwij3ipN9gSBcAKI~tplv-photomode-zoomcover:480:480.jpeg?dr=14555&x-expires=1752796800&x-signature=eeLbRKr4kFJXlxOyMdUIUGL%2BEMQ%3D&t=4d5b0474&ps=13740610&shp=81f88b70&shcp=43f4a2f9&idc=my&ftpl=1,,56.3K,society
https://www.tiktok.com/@chanhvivu/video/7525009772878236944,https://p16-sign-sg.tiktokcdn.com/tos-alisg-p-0037/oE5AoJBUismfNNuYvIYQAAgC516IIqIPw0xPvi~tplv-photomode-zoomcover:480:480.jpeg?dr=14555&x-expires=1752796800&x-signature=7mYIj8QA1hgZTSotES4XE6FL1V8%3D&t=4d5b0474&ps=13740610&shp=81f88b70&shcp=43f4a2f9&idc=my&ftpl=1,,1.2M,society
https://www.tiktok.com/@dramin.vn/video/7524640519792708882,https://p16-sign-sg.tiktokcdn.com/tos-alisg-p-0037/o4YlPxNIALkiBkz3l56sGAaiiAB0sKADBEAAA~tplv-photomode-zoomcover:480:480.jpeg?dr=14555&x-expires=1752796800&x-signature=HbXRlNRher39dFg1n2%2FGq%2Fe3Wnc%3D&t=4d5b0474&ps=13740610&shp=81f88b70&shcp=43f4a2f9&idc=my&ftpl=1,,199K,society
https://www.tiktok.com/@dangvuongne/video/7524945396729138440,https://p16-sign-sg.tiktokcdn.com/tos-alisg-p-0037/osAMAeWNGGDhLAgJLbIefQIEtJQQf0qAFUWyCA~tplv-photomode-zoomcover:480:480.jpeg?dr=14555&x-expires=1752796800&x-signature=92ZPfcWdA6uCNE8Vfrl7Qwlirw8%3D&t=4d5b0474&ps=13740610&shp=81f88b70&shcp=43f4a2f9&idc=my&ftpl=1,,370.7K,society
https://www.tiktok.com/@gianghomang247/video/7526530375674268936,https://p9-sign-sg.tiktokcdn.com/tos-alisg-p-0037/oAEzKc780EKABAAxmBOi1B2iIRBA43ALOwfvxp~tplv-photomode-zoomcover:480:480.jpeg?dr=14555&x-expires=1752796800&x-signature=TX%2FyJxeR6gVeQj05Z3jmUAORxJM%3D&t=4d5b0474&ps=13740610&shp=81f88b70&shcp=43f4a2f9&idc=my&ftpl=1,,242.4K,society
https://www.tiktok.com/@peter_mai_/video/7524019342153878806,https://p16-pu-sign-no.tiktokcdn-eu.com/tos-no1a-p-0037-no/oEXVQLQ04IG3AZAzIsTID7fVuILmj1OIlBeze2~tplv-photomode-zoomcover:480:480.jpeg?dr=14555&x-expires=1752796800&x-signature=tV8QLvTeLQ%2FwUjE7eWikofMwfmk%3D&t=4d5b0474&ps=13740610&shp=81f88b70&shcp=43f4a2f9&idc=my&ftpl=1,,20.4M,society
https://www.tiktok.com/@pth_.69/video/7519361838459391239,https://p16-sign-sg.tiktokcdn.com/tos-alisg-p-0037/ocAGAwiof7hg8JpArFMIIQHoQajGQeXAAekR0e~tplv-photomode-zoomcover:480:480.jpeg?dr=14555&x-expires=1752796800&x-signature=4zxX7bTmim60vSmDw7PaxAyS1gk%3D&t=4d5b0474&ps=13740610&shp=81f88b70&shcp=43f4a2f9&idc=my&ftpl=1,,421.4K,society
https://www.tiktok.com/@cobedotdiem/video/7525628277034126610,https://p16-sign-sg.tiktokcdn.com/tos-alisg-p-0037/oM6PaQ9xjEBIVniHZAEiWTTEwJkBBAwFBBYZL~tplv-photomode-zoomcover:480:480.jpeg?dr=14555&x-expires=1752796800&x-signature=ZgkEfyEqF2RCU%2BWbudbRCew3S0Y%3D&t=4d5b0474&ps=13740610&shp=81f88b70&shcp=43f4a2f9&idc=my&ftpl=1,,107.1K,society
https://www.tiktok.com/@phucsyno96/video/7525323493693607175,https://p16-sign-sg.tiktokcdn.com/tos-alisg-p-0037/owmwoQMGeAC9n0GTIeteORgAsLjMq3KNdoIgDE~tplv-photomode-zoomcover:480:480.jpeg?dr=14555&x-expires=1752796800&x-signature=1INaFhw92vylIYMxN9euOGv0dwg%3D&t=4d5b0474&ps=13740610&shp=81f88b70&shcp=43f4a2f9&idc=my&ftpl=1,,433.6K,society
https://www.tiktok.com/@dienvienmanhtruong/video/7524568092278607122,https://p16-sign-sg.tiktokcdn.com/tos-alisg-p-0037/oQbDMbMXXeQB2RZefjjhACBIHotBAo08AQU7DQ~tplv-photomode-zoomcover:480:480.jpeg?dr=14555&x-expires=1752796800&x-signature=gDFXEeijCtzmfx4CKvLYaAoCFuk%3D&t=4d5b0474&ps=13740610&shp=81f88b70&shcp=43f4a2f9&idc=my&ftpl=1,,391.5K,society
https://www.tiktok.com/@manxuatgia/video/7526055974730222856,https://p16-sign-sg.tiktokcdn.com/tos-alisg-p-0037/oM4AvCE9BiDojVAEH1LWFSxDf1oDZQII7gIee4~tplv-photomode-zoomcover:480:480.jpeg?dr=14555&x-expires=1752796800&x-signature=Jwz5dWRMvipxpdjNwd05ksuJnZQ%3D&t=4d5b0474&ps=13740610&shp=81f88b70&shcp=43f4a2f9&idc=my&ftpl=1,,347.7K,society
https://www.tiktok.com/@tranghieu0211/video/7526051115180264712,https://p9-sign-sg.tiktokcdn.com/tos-alisg-p-0037/oIAz0QnYQrDeyHujCnFEAbDSI4AjWhzQQPfCoe~tplv-photomode-zoomcover:480:480.jpeg?dr=14555&x-expires=1752796800&x-signature=kVu9Ja9os%2BkYX66jDI7Rxi5Cbg0%3D&t=4d5b0474&ps=13740610&shp=81f88b70&shcp=43f4a2f9&idc=my&ftpl=1,,400.1K,society
https://www.tiktok.com/@plxhvn2/video/7526262124897701133,https://p19-sign.tiktokcdn-us.com/tos-useast5-p-0068-tx/oQsJBAyiKJdfVPBOpwAVkIAOEAA0N8BmRE4BiB~tplv-photomode-zoomcover:480:480.jpeg?dr=14555&x-expires=1752796800&x-signature=AH7BkSCW%2FBhUetz%2BbLU4VyhfSg4%3D&t=4d5b0474&ps=13740610&shp=81f88b70&shcp=43f4a2f9&idc=my&ftpl=1,,69.4K,society
https://www.tiktok.com/@taisuan/video/7518015637038435592,https://p16-sign-sg.tiktokcdn.com/tos-alisg-p-0037/o4ntIUyxiDA2W9fbzVFmBRoBFEbg6BEVQgfiVE~tplv-photomode-zoomcover:480:480.jpeg?dr=14555&x-expires=1752796800&x-signature=tScDihI%2FeBF5nYrGXaXsXkWhMqk%3D&t=4d5b0474&ps=13740610&shp=81f88b70&shcp=43f4a2f9&idc=my&ftpl=1,,458.4K,society
https://www.tiktok.com/@plxhvn2/video/7524805462311636238,https://p16-sign.tiktokcdn-us.com/tos-useast5-p-0068-tx/oEXCabADnFSMACSAOog5VDgAqEISfDpDQaernU~tplv-photomode-zoomcover:720:720.jpeg?dr=14555&x-expires=1752796800&x-signature=%2FbxFo1IxgqS%2FVFEd1oRvoKrAuq0%3D&t=4d5b0474&ps=13740610&shp=81f88b70&shcp=43f4a2f9&idc=my&ftpl=1,,48.5K,technology
