[
    {
        "category_slug": "all",
        "display": "All",
        "total_video_crawlled": 0,
        "timestamp": "2025-07-26T16:06:35.619760+07:00",
        "status": "crawling_details_video"
    },
    {
        "category_slug": "singing-and-dancing",
        "display": "Singing & Dancing",
        "total_video_crawlled": 0,
        "timestamp": "2025-07-26T16:07:58.769237+07:00",
        "status": "crawling_details_video"
    },
    {
        "category_slug": "comedy",
        "display": "Comedy",
        "total_video_crawlled": 0,
        "timestamp": "2025-07-26T16:08:22.474513+07:00",
        "status": "crawling_details_video"
    },
    {
        "category_slug": "sports",
        "display": "Sports",
        "total_video_crawlled": 0,
        "timestamp": "2025-07-26T16:08:33.881398+07:00",
        "status": "crawling_details_video"
    },
    {
        "category_slug": "anime-and-comics",
        "display": "Anime & Comics",
        "total_video_crawlled": 0,
        "timestamp": "2025-07-26T16:20:12.146195+07:00",
        "status": "crawling_details_video"
    },
    {
        "category_slug": "relationship",
        "display": "Relationship",
        "total_video_crawlled": 0,
        "timestamp": "2025-07-26T16:22:22.452900+07:00",
        "status": "crawling_details_video"
    },
    {
        "category_slug": "shows",
        "display": "Shows",
        "total_video_crawlled": 0,
        "timestamp": "2025-07-26T16:27:26.008776+07:00",
        "status": "crawling_details_video"
    },
    {
        "category_slug": "lipsync",
        "display": "Lipsync",
        "total_video_crawlled": 0,
        "timestamp": "2025-07-26T15:55:43.204394+07:00",
        "status": "crawled_user_info"
    },
    {
        "category_slug": "daily-life",
        "display": "Daily Life",
        "total_video_crawlled": 0,
        "timestamp": "2025-07-26T15:57:33.016870+07:00",
        "status": "crawled_user_info"
    },
    {
        "category_slug": "beauty-care",
        "display": "Beauty Care",
        "total_video_crawlled": 0,
        "timestamp": "2025-07-26T15:59:23.898053+07:00",
        "status": "crawled_user_info"
    },
    {
        "category_slug": "games",
        "display": "Games",
        "total_video_crawlled": 0,
        "timestamp": "2025-07-26T16:01:17.239748+07:00",
        "status": "crawled_user_info"
    },
    {
        "category_slug": "society",
        "display": "Society",
        "total_video_crawlled": 0,
        "timestamp": "2025-07-26T16:03:08.510642+07:00",
        "status": "crawled_user_info"
    },
    {
        "category_slug": "outfit",
        "display": "Outfit",
        "total_video_crawlled": 0,
        "timestamp": "2025-07-26T16:05:02.901945+07:00",
        "status": "crawled_user_info"
    },
    {
        "category_slug": "cars",
        "display": "Cars",
        "total_video_crawlled": 0,
        "timestamp": "2025-07-26T16:05:02.902252+07:00",
        "status": "crawling_user_info"
    },
    {
        "category_slug": "food",
        "display": "Food",
        "total_video_crawlled": 0,
        "timestamp": "2025-07-26T15:36:04.490517+07:00",
        "status": "crawled_list_video"
    },
    {
        "category_slug": "animals",
        "display": "Animals",
        "total_video_crawlled": 0,
        "timestamp": "2025-07-26T15:36:49.032928+07:00",
        "status": "crawled_list_video"
    },
    {
        "category_slug": "family",
        "display": "Family",
        "total_video_crawlled": 0,
        "timestamp": "2025-07-26T15:37:33.437638+07:00",
        "status": "crawled_list_video"
    },
    {
        "category_slug": "drama",
        "display": "Drama",
        "total_video_crawlled": 0,
        "timestamp": "2025-07-26T15:38:17.910299+07:00",
        "status": "crawled_list_video"
    },
    {
        "category_slug": "fitness-and-health",
        "display": "Fitness & Health",
        "total_video_crawlled": 0,
        "timestamp": "2025-07-26T15:39:02.420682+07:00",
        "status": "crawled_list_video"
    },
    {
        "category_slug": "education",
        "display": "Education",
        "total_video_crawlled": 0,
        "timestamp": "2025-07-26T15:39:47.235654+07:00",
        "status": "crawled_list_video"
    },
    {
        "category_slug": "technology",
        "display": "Technology",
        "total_video_crawlled": 0,
        "timestamp": "2025-07-26T15:40:31.776597+07:00",
        "status": "crawled_list_video"
    }
]