author,time_published,description,hashtags,music,engagement,video_url
"{'username': 'cheemstritue', 'nickname': 'Cheems trí tuệ'}",,Chuyện hạt dẻ,"['#cheems', '#xuhuong', '#viral']","{'title': 'nhạc nền  - Cheems trí tuệ', 'link': '/music/nhạc-nền-Cheems-trí-tuệ-7528367505690069761'}","{'likes': '74.2K', 'comments': '543', 'shares': '1637'}",https://www.tiktok.com/@cheemstritue/video/7528367473939336455
"{'username': 'manh6trai', 'nickname': 'Mạnh 6 Try'}",,Anh đánh đổi cả tương lai… tôi ko giấu nữa nhé,"['#manh6try', '#myoutfit', '#viral', '#jack', '#j97']","{'title': 'nhạc nền  - thu', 'link': '/music/nhạc-nền-thu-7495745468371061520'}","{'likes': '303.9K', 'comments': '3426', 'shares': '38.9K'}",https://www.tiktok.com/@manh6trai/video/7529485621119798535
"{'username': 'anhtuan6601', 'nickname': '⚡Nguyễn Tuấn👑💥'}",,Cái Kết đắng,"['#bonguyentuan', '#nguyễntuấntócboyphố', '#xuhuong', '#màunhuộmnguyễntuấn', '#tóchêutràngtiền', '#xiang', '#hoangcuubao']","{'title': 'nhạc nền  - BECK SHOP VN', 'link': '/music/nhạc-nền-BECK-SHOP-VN-7525769469126986497'}","{'likes': '36.3K', 'comments': '165', 'shares': '1165'}",https://www.tiktok.com/@anhtuan6601/video/7529764247136423175
"{'username': 'puntay20', 'nickname': 'Pun thích nhảy cùng tây'}",,Ói òi oi,[],"{'title': 'nhạc nền - DCee Gia Huy', 'link': '/music/nhạc-nền-7523926719661607681'}","{'likes': '151.3K', 'comments': '735', 'shares': '36.8K'}",https://www.tiktok.com/@puntay20/video/7528326499716451601
"{'username': 'cocnews8', 'nickname': 'Cốc News'}",,Nói bị bóng đè không ai tin 😅,"['#Cốcnews', '#coccoc', '#trend', '#xuhuong']","{'title': 'nhạc nền  - Cốc News', 'link': '/music/nhạc-nền-Cốc-News-7525732419257830145'}","{'likes': '36.6K', 'comments': '965', 'shares': '51.5K'}",https://www.tiktok.com/@cocnews8/video/7525732374013889800
"{'username': 'merwaiz_khan_4', 'nickname': '𝐌𝐞𝐫𝐰𝐚𝐢𝐳_𝐤𝐡𝐚𝐧_𝟒'}",,Yaman khan 🏹 dodherwall  Swabi traditional archery game of pakhtoon🎯,"['#makhmar', '#swabi', '#swabiwall❤🔥', '#mukha', '#swabi', '#viral', '#furyou', '#swabiwall❤🔥', '#archery', '#archerygame', '#manzoor', '@ᎽᎯᎷᎯᏁ ᏦᎻᎯᏁ']","{'title': 'original sound - 🎭☠️ســـر کــش آفـــرېــدي☠️🎭', 'link': '/music/original-sound-7371891241165916944'}","{'likes': '203.5K', 'comments': '989', 'shares': '3966'}",https://www.tiktok.com/@merwaiz_khan_4/video/7526990207514692880
"{'username': 'ndgk207', 'nickname': 'Ngiakiet🔥'}",,Ronaldo: Thiếu chút nữa😂,"['#fyp', '#football', '#ronaldo', '#messi', '#vnedit_team🗡🇻🇳', '#adeline_team👑']","{'title': 'nhạc nền  - Ngiakiet🔥', 'link': '/music/nhạc-nền-Ngiakiet🔥-7528611410427808528'}","{'likes': '177.7K', 'comments': '1429', 'shares': '22.9K'}",https://www.tiktok.com/@ndgk207/video/7528611236813049106
"{'username': 'dcmmnguoiyeu', 'nickname': 'mắm yo😅'}",,8-9 cùng lỗ $,[],"{'title': 'nhạc nền  - Nguyễn Gia Phong', 'link': '/music/nhạc-nền-Nguyễn-Gia-Phong-7489753123386592055'}","{'likes': '14.8K', 'comments': '287', 'shares': '2389'}",https://www.tiktok.com/@dcmmnguoiyeu/video/7529979115663805712
"{'username': 'nhi258666', 'nickname': 'MẪN NHI💕'}",,Trả lời,"['@Nhân', '#fyp', '#idol', '#kungfu', '#vothuatdinhcao', '#xuhuong']","{'title': 'nhạc nền  - GYM SÓI 🏋', 'link': '/music/nhạc-nền-GYM-SÓI-🏋-7419175827742526209'}","{'likes': '34.3K', 'comments': '691', 'shares': '384'}",https://www.tiktok.com/@nhi258666/video/7528401499727187207
"{'username': 'fptplay.bongdaviet', 'nickname': 'FPT Bóng Đá Việt'}",,"Lại là tạt cánh và đánh đầu, U23 Việt Nam cứ thế thôiiii","['#FPTPlay', '#U23DNA', '#MandiriCup2025', '#ASEANUtdFC', '#ASEANU23Championship', '#SportsOnTikTok', '#VOD', '#ClearMen', '#SạchGàuVượtTrội']","{'title': 'nhạc nền  - FPT Bóng Đá Việt', 'link': '/music/nhạc-nền-FPT-Bóng-Đá-Việt-7529919809632013057'}","{'likes': '37.5K', 'comments': '526', 'shares': '951'}",https://www.tiktok.com/@fptplay.bongdaviet/video/7529919769198267655
"{'username': 'luachonguoitoico', 'nickname': 'Lửa cho người tối cổ'}",,"Thần gió Đấu Trường Gia Tốc, kẻ huỷ d.iệt đường đua 100m, máy chạy Hải Phòng 🏃🏻","['#hungnguyen', '#duongdomic', '#dautruonggiatoc', '#runfortime', '#tiktokgiaitri', '#xuhuong']","{'title': 'nhạc nền - Dương 😘 - Rơm 🙊🙉🙈', 'link': '/music/nhạc-nền-Dương-😘-7472044733511273217'}","{'likes': '28.1K', 'comments': '186', 'shares': '506'}",https://www.tiktok.com/@luachonguoitoico/video/7530095729830939911
"{'username': 'fptbongda', 'nickname': 'FPT Bóng Đá'}",,Jens Raven có một cơ hội quá ngon ăn nhưng vẫn không thể chiến thắng hậu vệ của U23 Malaysia,"['#FPTPlay', '#U23DNA', '#MandiriCup2025', '#ASEANUtdFC', '#ASEANU23Championship', '#SportsOnTikTok']","{'title': 'nhạc nền  - FPT Bóng Đá', 'link': '/music/nhạc-nền-FPT-Bóng-Đá-7529549996439309057'}","{'likes': '7426', 'comments': '83', 'shares': '77'}",https://www.tiktok.com/@fptbongda/video/7529549957846535442
"{'username': 'kenh7sports.official', 'nickname': 'Kênh 7 Sports Official'}",,"ĐTQG Malaysia sợ thua vì không có cầu thủ nhập tịch, tự rút lui khỏi giải châu Á","['#metamultimedia', '#sctv', '#mytv', '#kenh7sports', '#bongda7nguoi', '#SportsOnTikTok', '#malaysia', '#doituyenmalaysia']","{'title': 'original sound  - Kênh 7 Sports Official', 'link': '/music/original-sound-Kênh-7-Sports-Official-7527995874476116753'}","{'likes': '121.6K', 'comments': '789', 'shares': '2504'}",https://www.tiktok.com/@kenh7sports.official/video/7527995833808178450
"{'username': 'kythuatdabong1', 'nickname': 'Giovangtv Kỷ Thuật Đá Bóng'}",,"TỪ CÚ NGÃ HÀI HƯỚC, HUYỀN THOẠI KHÔNG CHIỀU CAO","['#thethaomoingay', '#thethao', '#bongda', '#nhatkythethao']","{'title': 'nhạc nền  - Giovangtv Kỷ Thuật Đá Bóng', 'link': '/music/nhạc-nền-Giovangtv-Kỷ-Thuật-Đá-Bóng-7528847451680279318'}","{'likes': '11.4K', 'comments': '43', 'shares': '123'}",https://www.tiktok.com/@kythuatdabong1/video/7528847443358731542
"{'username': 'blvnguoithai', 'nickname': 'BLV Người Thái'}",,14 giây cuối - Nhật Bản lỡ hẹn khi cả thế giới đang vỗ tay! Phần 2,"['#xuhuong', '#bongda', '#japan', '#worldcup', '#6live']","{'title': 'nhạc nền  - BLV Người Thái', 'link': '/music/nhạc-nền-BLV-Người-Thái-7528740950974794497'}","{'likes': '29.8K', 'comments': '177', 'shares': '198'}",https://www.tiktok.com/@blvnguoithai/video/7528740925074312466
"{'username': 'chinalfunny', 'nickname': 'gggtraW'}",,,"['#faryou', '#suppotme', '#faryou❤️faryou❤️', '#faryou❤️faryou❤️', '#suppotme']","{'title': 'Originalton - funnyvideos', 'link': '/music/Originalton-7398552573839543072'}","{'likes': '21.3K', 'comments': '168', 'shares': '1579'}",https://www.tiktok.com/@chinalfunny/video/7527362859072802061
"{'username': 'herah78', 'nickname': 'hera'}",,kumaha mun alda nyerenteng? saha nu rek nahan?⚔️,"['#fyp', '#fypシ', '#senggolbacok😂😂', '#fypシ゚viral', '#viral']","{'title': 'SOUND JJ ROLING TRUE COLORS UCOK RMX - T2 inYourDream ECT', 'link': '/music/SOUND-JJ-ROLING-TRUE-COLORS-UCOK-RMX-7253758221550045958'}","{'likes': '6675', 'comments': '56', 'shares': '213'}",https://www.tiktok.com/@herah78/video/7528655050877488391
"{'username': 'lucia21223', 'nickname': 'Lucia'}",,Máu Thần Kỳ,"['#foryou', '#manhwa', '#truyentranh']","{'title': 'nhạc nền  - 𝐳𝐲𝐰𝐞𝐢𝐢𝐢 𓆡 𓆜 𓆝 𓆞', 'link': '/music/nhạc-nền-𝐳𝐲𝐰𝐞𝐢𝐢𝐢-𓆡-𓆜-𓆝-𓆞-7383186696843578129'}","{'likes': '18.4K', 'comments': '96', 'shares': '300'}",https://www.tiktok.com/@lucia21223/video/7527670972862762258
"{'username': 'cheemstritue', 'nickname': 'Cheems trí tuệ'}",,Nhặt được trứng rắn,"['#cheems', '#xuhuong', '#viral']","{'title': 'nhạc nền  - Cheems trí tuệ', 'link': '/music/nhạc-nền-Cheems-trí-tuệ-7529695124524239632'}","{'likes': '4885', 'comments': '99', 'shares': '109'}",https://www.tiktok.com/@cheemstritue/video/7529695069964700936
"{'username': 'fapfapvlog', 'nickname': 'Vlog Vlogg'}",,Cô gái phát hiện có ngón tay trong gấu bông!,"['#hoathinh', '#animation', '#hotun', '#xh']","{'title': 'nhạc nền  - Vlog Vlogg', 'link': '/music/nhạc-nền-Vlog-Vlogg-7527882739262032662'}","{'likes': '28.7K', 'comments': '393', 'shares': '891'}",https://www.tiktok.com/@fapfapvlog/video/7527882774468906262
"{'username': 'dami.truong.an', 'nickname': 'Dami Trường An'}",,Khi trà xanh gặp phải khắc chế cứng,"['#damitruongan', '#xuhuong', '#hoathinh', '#hoathinhthieunhi', '#haihuoc', '#chill', '#giaitri', '#henho', '#tinhyeu', '#traxanh']","{'title': 'nhạc nền  - Dami Trường An', 'link': '/music/nhạc-nền-Dami-Trường-An-7529782861030476560'}","{'likes': '22.7K', 'comments': '41', 'shares': '707'}",https://www.tiktok.com/@dami.truong.an/video/7529782820114418962
"{'username': 'sombriaslendas', 'nickname': 'Lendas Sombrias'}",,Macaco de estimação Ataca amiga de sua dona.,"['#analoghorror', '#assustador', '#fyp', '#animation', '#historias']","{'title': 'DARK IS THE NIGHT RNBASS444 - 𒆜|𝑹𝑵𝑩𝑨𝑺𝑺444🇧🇷-_-', 'link': '/music/DARK-IS-THE-NIGHT-RNBASS444-7467698893230328581'}","{'likes': '1M', 'comments': '3053', 'shares': '22.1K'}",https://www.tiktok.com/@sombriaslendas/video/7527762176988302598
"{'username': 'minhbumlinhthui', 'nickname': 'minhbumlinhthui'}",,💍😝,['#xh'],"{'title': 'original sound - MKhôi 🖤 - Bmk 🖕', 'link': '/music/original-sound-MKhôi-🖤-7526914719534615313'}","{'likes': '47.1K', 'comments': '63', 'shares': '2419'}",https://www.tiktok.com/@minhbumlinhthui/video/7528411519499898120
"{'username': 'doan.phan.hoang.hieu', 'nickname': 'Đoàn Phan Hoàng Hiếu'}",,Anh hứa sẽ Cầu Hôn em ❤️😘👰🏻‍♀️,"['@mii nèe ⋆𐙚₊˚⊹', '#cauhon', '#3yearanniversary', '#capcut', '#xuhuong']","{'title': 'nhạc nền  - bichoc1992', 'link': '/music/nhạc-nền-bichoc1992-7517437379415313168'}","{'likes': '151.9K', 'comments': '1720', 'shares': '6654'}",https://www.tiktok.com/@doan.phan.hoang.hieu/video/7523723917559663879
"{'username': 'haiduabangtuoi0811', 'nickname': 'Chồng Duyên Vợ Hoà'}",,Anh ra đón nàng như thời ba mẹ chúng mình ❤️,"['#chongduyenvohoa', '#haiduabangtuoi', '#damcuoi', '#fyp', '#love', '#couples', '#viral', '#xuhuong']","{'title': ""nhạc nền - Epiphany's - pt"", 'link': ""/music/nhạc-nền-Epiphany's-7508740908729338625""}","{'likes': '80K', 'comments': '358', 'shares': '3916'}",https://www.tiktok.com/@haiduabangtuoi0811/video/7527997882792742152
"{'username': 'tranghieu0211', 'nickname': 'Chang Híu'}",,Nằm dưới đất cũng mát mà🙈,"['#changhiu', '#couple', '#fyp', '#xuhuong']","{'title': 'nhạc nền  - Chang Híu', 'link': '/music/nhạc-nền-Chang-Híu-7530143473966598913'}","{'likes': '121.9K', 'comments': '720', 'shares': '8576'}",https://www.tiktok.com/@tranghieu0211/video/7530143326398434578
"{'username': 'rns.tw', 'nickname': 'Roman and Sharon'}",,Her & the View 💙,[],"{'title': 'original sound  - Roman and Sharon', 'link': '/music/original-sound-Roman-and-Sharon-7528668874716891909'}","{'likes': '60.6K', 'comments': '194', 'shares': '1735'}",https://www.tiktok.com/@rns.tw/video/7528668876662443320
"{'username': 'huangtggq69', 'nickname': '小舞'}",,,"['#網戀', '#情侶', '#fyp', '#tiktok']","{'title': 'оригинальный звук  - rvshishkin', 'link': '/music/оригинальный-звук-rvshishkin-7359210654463363856'}","{'likes': '107.1K', 'comments': '403', 'shares': '4954'}",https://www.tiktok.com/@huangtggq69/video/7528669711551204613
"{'username': 'dieuanh_1608', 'nickname': 'Phùng Diệu Ánh'}",,3 năm cấp 3 anh chờ,"['@Huy Támm', '@anhxinh502', '#phunganhdieu', '#capdoitrentiktok', '#trendingvideo', '#xh']","{'title': 'nhạc nền  - Lily Van💛', 'link': '/music/nhạc-nền-Lily-Van💛-7496890061011585793'}","{'likes': '97.7K', 'comments': '613', 'shares': '5050'}",https://www.tiktok.com/@dieuanh_1608/video/7526800901093313800
"{'username': 'ciin', 'nickname': 'CiiN'}",,In a love- hate relationship w my man 🙂‍↕️,['@GAVIN'],"{'title': 'nhạc nền - 佳怡 - cunxinhiuu_🫧', 'link': '/music/nhạc-nền-佳怡-7500184474181765904'}","{'likes': '90.9K', 'comments': '698', 'shares': '897'}",https://www.tiktok.com/@ciin/video/7528810602488286481
"{'username': 'thomanh1993', 'nickname': '🇻🇳𝓣𝓗𝓞𝓜.𝓐𝓝𝓗⚽️🏳️\u200d🌈'}",,1 Tháng thời gian không phải là dài nhưng cũng đủ để lo cho em ko phải chịu nhiều thiệt thòi,"['#báchhợp_lgbt_gei🌈', '#xuhuong', '#taiwan🇹🇼']","{'title': 'nhạc nền - bước ra đời không sợ một ai - H.Tính', 'link': '/music/nhạc-nền-bước-ra-đời-không-sợ-một-ai-7517185930710551313'}","{'likes': '102.9K', 'comments': '5323', 'shares': '18.4K'}",https://www.tiktok.com/@thomanh1993/video/7525796320473353528
"{'username': 'minhanh061224', 'nickname': '06.12AM🫶🏻🇻🇳'}",,Ép ăn mãi mà k thấy tăng lạng nào 😏,"['#0612AM', '#couple']","{'title': 'nhạc nền  - 06.12AM🫶🏻🇻🇳', 'link': '/music/nhạc-nền-0612AM🫶🏻🇻🇳-7529876330821782273'}","{'likes': '45.9K', 'comments': '501', 'shares': '5249'}",https://www.tiktok.com/@minhanh061224/video/7529876232675101970
"{'username': 'odaycotrendbymznews', 'nickname': 'Ở Đây Có Trend'}",,Mẹ Jack nhất quyết dành cho Thiên An một sự tử tế cuối cùng❤️‍🔥✨,"['#odaycotrend', '#mznews', '#mznetwork', '#jack', '#j97', '#thienan', '#2025moments', '#tiktokgiaitri', '#tiktoknews', '#trend', '#fyp']","{'title': 'Dưới Tán Cây Khô Hoa Nở (#1) - Jack - J97', 'link': '/music/Dưới-Tán-Cây-Khô-Hoa-Nở-1-7446515167263623185'}","{'likes': '531.4K', 'comments': '12.1K', 'shares': '63K'}",https://www.tiktok.com/@odaycotrendbymznews/video/7527544826481364242
"{'username': 'cl.socialbiz', 'nickname': 'Du Hành TikTok'}",,Lại nữa rồi,"['#tranhalinh', '#duhanhtiktok', '#clmedia', '#clnews', '#celebnetwork', '#tiktokviral', '#tiktokxuhuong']","{'title': 'A Simple Song - DJ ChiuChiu', 'link': '/music/A-Simple-Song-7385146707117017105'}","{'likes': '62.4K', 'comments': '364', 'shares': '1894'}",https://www.tiktok.com/@cl.socialbiz/video/7529015168223743240
"{'username': 'nhathaientertainment', 'nickname': 'Nhật Hải Biết Tuốt ✔️'}",,NẾU THIÊN AN MANG THAI 13 14 THÁNG MỚI SINH RA BÉ SOL THÌ MỜI CẢ ĐOÀN MÌNH LÊN NÚI Ở VÌ TIMELINE MẸ JACK NÓI LÀ 2 NGƯỜI ĐÃ DỪNG QUA LẠI TỪ THÁNG 5.2020,"['#jackj97', '#thienan', '#trinhtranphuongtuan', '#besol', '#tinnong', '#tiktoknew', '#dramashowbiz', '#nhathaibiettuot']","{'title': 'nhạc nền  - Nhật Hải Biết Tuốt ✔️', 'link': '/music/nhạc-nền-Nhật-Hải-Biết-Tuốt-✔️-7528251473818651408'}","{'likes': '193.1K', 'comments': '1076', 'shares': '7359'}",https://www.tiktok.com/@nhathaientertainment/video/7528251224852843793
"{'username': 'paramountpicturesvn', 'nickname': 'Paramount Pictures Vietnam'}",,Spill the tí đi bà,"['#smurfs', '#phimxitrum', '#movietok', '#filmtok', '#tiktokgiaitri', '#tiktoksoiphim', '#fyp']","{'title': 'Funny funny weird - MrM', 'link': '/music/Funny-funny-weird-7378271864047781924'}","{'likes': '12.7K', 'comments': '143', 'shares': '12.5K'}",https://www.tiktok.com/@paramountpicturesvn/video/7526506075722419474
"{'username': 'marloumofficial', 'nickname': 'Marlou M'}",,Ibang luto ng giniling,['#MarlouM'],"{'title': 'original sound  - Marlou M', 'link': '/music/original-sound-Marlou-M-7521532073102904081'}","{'likes': '167.8K', 'comments': '1530', 'shares': '35.7K'}",https://www.tiktok.com/@marloumofficial/video/7521532029368847623
"{'username': 'chandongshowbiz', 'nickname': 'Chấn Động Showbiz'}",,"Từng thiết kế đồ cho hơn 100 ngôi sao quốc tế, 2 mẩu của Black Pink là Lisa và Róse cũng từng mặc đồ của anh","['#chandongshowbiz', '#doubleukh', '#nguyencongtri', '#tintucshowbiz', '#showbizviet', '#blackpink', '#lisa']","{'title': 'nhạc nền  - NƠI TRẢI LÒNG✌🏼', 'link': '/music/nhạc-nền-NƠI-TRẢI-LÒNG✌🏼-7324256639291345665'}","{'likes': '58.8K', 'comments': '571', 'shares': '5320'}",https://www.tiktok.com/@chandongshowbiz/video/7530175622765694226
"{'username': 'dramin.vn', 'nickname': 'DRAMIN'}",,"Xoài non khoe bờ lưng trần tại sự kiện, dân mạng xuýt xoa vì quá nuột","['#khaunghiep', '#dramin', '#xoainon']","{'title': 'nhạc nền  - DRAMIN', 'link': '/music/nhạc-nền-DRAMIN-7529856723234999056'}","{'likes': '47.6K', 'comments': '1083', 'shares': '4042'}",https://www.tiktok.com/@dramin.vn/video/7529856484742630663
"{'username': 'tharo.trinh', 'nickname': 'Tharo.Trinh'}",,🥺🥺,['#tuanhung'],"{'title': 'nhạc nền  - Tharo.Trinh', 'link': '/music/nhạc-nền-TharoTrinh-7528430649817041665'}","{'likes': '60.5K', 'comments': '0', 'shares': '11.3K'}",https://www.tiktok.com/@tharo.trinh/video/7528430617105566984
"{'username': 'nlingphm', 'nickname': '𝙣𝙡𝙞𝙣𝙜𝙥𝙝𝙢'}",,Anh đánh đổi cả tương laii. .,"['#jack', '#j97', '#jackj97', '#phuongtuan', '#CongBangChoJack']","{'title': 'nhạc nền  - Producer\u2002Kyanh 🎵', 'link': '/music/nhạc-nền-Producer-Kyanh-🎵-7481852026863799056'}","{'likes': '385.3K', 'comments': '6223', 'shares': '88.1K'}",https://www.tiktok.com/@nlingphm/video/7527674586796788999
"{'username': 'be3thaido', 'nickname': 'Bé 3 Thái Đỏ'}",,Không thể nào rời mắt khỏi cổ,"['#huyenbaby', '#leeminho', '#giaitri', '#viral', '#be3thaido', '#xemphimtiktok']","{'title': 'nhạc nền  - Bé 3 Thái Đỏ', 'link': '/music/nhạc-nền-Bé-3-Thái-Đỏ-7527479798625618704'}","{'likes': '198.2K', 'comments': '1791', 'shares': '4723'}",https://www.tiktok.com/@be3thaido/video/7527479750416157959
"{'username': 'xuhuongdanglen1', 'nickname': 'Xu Hướng Đang Lên'}",,Ngoại hình khác lạ của Trang Phạm,"['#trending', '#xuhuong', '#viral', '#trangpham', '#xoainon', '#gille', '#couple']","{'title': 'nhạc nền  - Xu Hướng Đang Lên', 'link': '/music/nhạc-nền-Xu-Hướng-Đang-Lên-7529760699585743617'}","{'likes': '22.6K', 'comments': '187', 'shares': '1275'}",https://www.tiktok.com/@xuhuongdanglen1/video/7529760668271054088
