author,time_published,description,hashtags,music,engagement,video_url
"{'username': 'huongstore.06', 'nickname': 'Kem che khuyết điểm 🐰'}",1752255760.0,Bùn vậy,"['#kemchekhuyetdiem', '#chekhuyetdiemxuatsac', '#kemtrangda', '#xuhuongtiktok', '#chekhuyetdiem', '#kemchexam', '#nangtone']","{'title': 'Hoa Sa Đéc - 𝓑𝓸̂𝓷𝓰  🌻', 'link': '/music/Hoa-Sa-Đéc-6998407967250975514'}","{'likes': 765400.0, 'comments': 8725, 'shares': 29500.0}",https://www.tiktok.com/@huongstore.06/video/7525692408676224272
"{'username': 'ngcuong379', 'nickname': 'Bố Bé Mỡ'}",1752019200.0,,['@Hà Phượng'],"{'title': 'nhạc nền - Too và những chiếc quần 👖 - Tô Nam Anh 🍀', 'link': '/music/nhạc-nền-Too-và-những-chiếc-quần-👖-7102354851752971035'}","{'likes': 1000000.0, 'comments': 13000.0, 'shares': 479000.0}",https://www.tiktok.com/@ngcuong379/video/7524911077809786128
"{'username': 'gianghomang247', 'nickname': 'GIANG HỒ MẠNG'}",1752428563.0,một sự nhịn chính sự lành ok người ae,"['#tuanhung', '#tienbry', '#tiengbipbibat', '#huanhoahongbibat', '#huanhoahong', '#tungmit', '#chauvietcuong', '#duymanh', '#dungtroc', '#hiepden', '#thohatduymanh', '#kinggroup', '#nguyenphuonghang', '#duthien', '#casiduthien', '#giangho', '#chuyengiangho', '#tuanthanden', '#khabanh', '#gianghomang', '#gianghomang247']","{'title': 'nhạc nền  - GIANG HỒ MẠNG', 'link': '/music/nhạc-nền-GIANG-HỒ-MẠNG-7526530419588958993'}","{'likes': 300500.0, 'comments': 6350, 'shares': 18300.0}",https://www.tiktok.com/@gianghomang247/video/7526530375674268936
"{'username': 'phuonganhle305', 'nickname': 'Phanh nè🌸'}",,Ai đó hỏi 1 năm qua tôi đã cố gắng như nào 😙,['#fyp'],"{'title': 'nhạc nền  - Phanh nè🌸', 'link': '/music/nhạc-nền-Phanh-nè🌸-7525266232291904257'}","{'likes': 870900.0, 'comments': 3522, 'shares': 53000.0}",https://www.tiktok.com/@phuonganhle305/video/7525261051865304338
"{'username': 'luky889889', 'nickname': 'Hoàng Tử Đau đẻ'}",1752255765.0,trải nghiệm cảm giác đau đẻ tại chợ đêm sapa,[],"{'title': 'nhạc nền - 𝓐𝓒𝓱𝓲 🍀 - Khéo tay hay làm 🐿', 'link': '/music/nhạc-nền-𝓐𝓒𝓱𝓲-🍀-7275724550921718529'}","{'likes': 465800.0, 'comments': 11700.0, 'shares': 226400.0}",https://www.tiktok.com/@luky889889/video/7525659423247846663
"{'username': 'haisanthanhvan', 'nickname': 'haisanthanhvan'}",,Quá kinh khủng chưa đầy 15 dây,['#giôngbão'],"{'title': '最新事件紧急播报新闻紧张气氛战争 - 伴奏 - 大事件短视频新闻 背景音乐', 'link': '/music/最新事件紧急播报新闻紧张气氛战争-伴奏-7361704778831169552'}","{'likes': 273500.0, 'comments': 5818, 'shares': 25300.0}",https://www.tiktok.com/@haisanthanhvan/video/7525425296992963847
"{'username': 'plxhvn2', 'nickname': 'Tin Nóng Hàng Ngày'}",,Báo thủ mầm non 😂,"['#giadinh', '#treem', '#vuive', '#funny', '#haihuoc', '#haha', '#plxhvn', '#phapluatxahoi', '#giaitri']","{'title': 'nhạc nền  - Tin Nóng Hàng Ngày', 'link': '/music/nhạc-nền-Tin-Nóng-Hàng-Ngày-7525476297275886350'}","{'likes': 57600.0, 'comments': 484, 'shares': 9243}",https://www.tiktok.com/@plxhvn2/video/7525476265239891255
"{'username': 'dangvuongne', 'nickname': 'Đăng Vương.'}",1752019200.0,Mũi khoan tình yêu,"['#dangvuong', '#couple', '#xuhuong', '#fyp']","{'title': 'nhạc nền  - Đăng Vương.', 'link': '/music/nhạc-nền-Đăng-Vương-7524945423748975361'}","{'likes': 405600.0, 'comments': 4697, 'shares': 158600.0}",https://www.tiktok.com/@dangvuongne/video/7524945396729138440
"{'username': 'plxhvn2', 'nickname': 'Tin Nóng Hàng Ngày'}",1752019200.0,Thợ làm cửa ẩu quá 😨,"['#tainan', '#mayman', '#tintuc', '#plxhvn', '#phapluatxahoi']","{'title': 'nhạc nền  - Tin Nóng Hàng Ngày', 'link': '/music/nhạc-nền-Tin-Nóng-Hàng-Ngày-7524805609854700343'}","{'likes': 49500.0, 'comments': 1102, 'shares': 2342}",https://www.tiktok.com/@plxhvn2/video/7524805462311636238
"{'username': 'manxuatgia', 'nickname': 'Minh Anh Vương'}",1752342172.0,Rất là vấn vở nhé =)) người Hà Lội là ko có vào đây bao giờ,"['#minhanhvuong', '#xuhướng', '#ancungtiktok']","{'title': 'nhạc nền  - Minh Anh Vương', 'link': '/music/nhạc-nền-Minh-Anh-Vương-7526056044771855120'}","{'likes': 375500.0, 'comments': 4546, 'shares': 27800.0}",https://www.tiktok.com/@manxuatgia/video/7526055974730222856
"{'username': 'chanhvivu', 'nickname': 'Chanh Vivu'}",1752019200.0,Nghĩ thôi đã buồn rồi,['#chanhvivu'],"{'title': 'nhạc nền  - Chanh Vivu', 'link': '/music/nhạc-nền-Chanh-Vivu-7525009836984044289'}","{'likes': 1300000.0, 'comments': 15900.0, 'shares': 435400.0}",https://www.tiktok.com/@chanhvivu/video/7525009772878236944
"{'username': 'phucsyno96', 'nickname': 'Phúc Syno'}",,Ai bị liệu mới hiểu...,"['#phucsyno', '#syno']","{'title': 'nhạc nền  - Phúc Syno', 'link': '/music/nhạc-nền-Phúc-Syno-7525323542834596625'}","{'likes': 460200.0, 'comments': 10500.0, 'shares': 180100.0}",https://www.tiktok.com/@phucsyno96/video/7525323493693607175
"{'username': 'nottuman', 'nickname': 'Thập cẩm'}",1752019200.0,Bơ dừa cà hê 🫰🏽🫰🏽,"['#xuhuong', '#dilamcogivui', '#viral', '#nhanvien', '#congcaphe', '#quan1angi', '#caphe', '#2025', '#fyp']","{'title': 'nhạc nền - Còn thở là content - Rì Viu Cho Vui', 'link': '/music/nhạc-nền-Còn-thở-là-content-7484853097924201232'}","{'likes': 585600.0, 'comments': 6093, 'shares': 439200.0}",https://www.tiktok.com/@nottuman/video/7524969271366077704
"{'username': 'tranghieu0211', 'nickname': 'Chang Híu'}",1752342177.0,Nuôi mãi k lớn,"['@Quỳnh Trang 🌷', '#changhiu', '#couple', '#fyp', '#xuhuong']","{'title': 'original sound - Cadel and Mia', 'link': '/music/original-sound-7498388102705056528'}","{'likes': 415300.0, 'comments': 1441, 'shares': 25100.0}",https://www.tiktok.com/@tranghieu0211/video/7526051115180264712
"{'username': 'namanhvt11', 'nickname': 'Cậu Bảy Quận 3 🦈'}",1752342178.0,quán dừa phải thôi nha,['#cậubảyquận3'],"{'title': 'nhạc nền  - Cậu Bảy Quận 3 🦈', 'link': '/music/nhạc-nền-Cậu-Bảy-Quận-3-🦈-7526117190903335681'}","{'likes': 476300.0, 'comments': 3693, 'shares': 98000.0}",https://www.tiktok.com/@namanhvt11/video/7526117151846059272
"{'username': 'bstuanduong.official.vn', 'nickname': 'Bác Sỹ Tuấn Dương'}",1752428579.0,"Mẹ cháu bảo cháu nó đi học cả ngày, tối đi học thêm, đi đâu bố mẹ đón. Hỏi ra mới ngỡ ngàng...","['#bacsytuanduong', '#thammytuanduong', '#trendingtiktok', '#xuhuongtiktok', '#thammy', '#lamdep']","{'title': 'nhạc nền  - Bác Sỹ Tuấn Dương', 'link': '/music/nhạc-nền-Bác-Sỹ-Tuấn-Dương-7526379513538677521'}","{'likes': 140300.0, 'comments': 5387, 'shares': 93600.0}",https://www.tiktok.com/@bstuanduong.official.vn/video/7526379474393304338
"{'username': 'letuankhang2002', 'nickname': 'Lê Tuấn Khang'}",1752601380.0,Tập cuối.,"['#letuankhang', '#Cellphones']","{'title': 'nhạc nền  - Lê Tuấn Khang', 'link': '/music/nhạc-nền-Lê-Tuấn-Khang-7527259240907115281'}","{'likes': 3000000.0, 'comments': 40100.0, 'shares': 330500.0}",https://www.tiktok.com/@letuankhang2002/video/7527258883841101073
"{'username': 'khanhlinhtran02', 'nickname': 'Khánh Linh FF 🎀'}",1752514981.0,Ở 1 góc nhìn khác:)),['#khanhlinhff'],"{'title': 'nhạc nền - maryy  𖤐 - 𝐒𝐡𝐞𝐫𝐲𝐲 ✮', 'link': '/music/nhạc-nền-maryy-𖤐-7486051269593942800'}","{'likes': 345700.0, 'comments': 3501, 'shares': 9840}",https://www.tiktok.com/@khanhlinhtran02/video/7526923949041650952
"{'username': 'user33951549420561', 'nickname': 'Kiwi'}",1751846400.0,,"['#tiktok', '#baby']","{'title': 'original sound - Kiwi', 'link': '/music/original-sound-7524292970745498399'}","{'likes': 2300000.0, 'comments': 18200.0, 'shares': 818500.0}",https://www.tiktok.com/@user33951549420561/video/7524292924507426078
"{'username': 'splivetinnong.com', 'nickname': '𝐒𝐏𝐋𝐈𝐕𝐄 𝐓𝐢𝐧 𝐍𝐨́𝐧𝐠'}",1752601395.0,"Hướng Tới Môi Trường Xanh , Sạch ,Đẹp .","['#XeDien2025', '#NgungXeXang', '#TinNóngMỗiNgày', '#ThờiSự24h', '#ThờiSựHômNay', '#TinKhẩnCấp', '#CậpNhậtTinTức', '#ThếGiới24h', '#TinChínhTrị', '#TinAnNinh', '#TinQuốcTế', '#TinNóngChínhPhủ', '#TinTứcXãHội', '#PhânTíchThờiSự', '#ĐiểmNóngThếGiới', '#TinTứcMỗiGiờ', '#BreakingNewsVN', '#KhủngHoảngToànCầu', '#BìnhLuậnThờiCuộc', '#SựKiệnNổiBật', '#TinTứcMớiNhất', '#ThờiSựĐặcBiệt']","{'title': 'nhạc nền  - 𝐒𝐏𝐋𝐈𝐕𝐄 𝐓𝐢𝐧 𝐍𝐨́𝐧𝐠', 'link': '/music/nhạc-nền-𝐒𝐏𝐋𝐈𝐕𝐄-𝐓𝐢𝐧-𝐍𝐨́𝐧𝐠-7527190184685767440'}","{'likes': 269700.0, 'comments': 44800.0, 'shares': 160500.0}",https://www.tiktok.com/@splivetinnong.com/video/7527190134572338439
