author,time_published,description,hashtags,music,engagement,video_url
"{'username': 'vang.thi.xoa0', 'nickname': 'Thị xoa .'}",1751932800.0,,"['#tiktokindia', '#xhhhhhhhhhhhhhhhhhhhhhhh', '#😊😊']","{'title': 'nhạc nền  - Thị xoa .', 'link': '/music/nhạc-nền-Thị-xoa-7524602205152774929'}","{'likes': 148000.0, 'comments': 6303, 'shares': 19600.0}",https://www.tiktok.com/@vang.thi.xoa0/video/7524602155630660871
"{'username': 'lehoa1297', 'nickname': 'lehoa01021997'}",1751673600.0,Nhảy tí lm gì mà căng,"['#xuhuong', '#hot']","{'title': '原声 - 张➕慧 - 张嘉慧', 'link': '/music/原声-张➕慧-7499076205027592961'}","{'likes': 169900.0, 'comments': 4022, 'shares': 7122}",https://www.tiktok.com/@lehoa1297/video/7523433742342294802
"{'username': 'kame_dance_studio', 'nickname': 'Lớp Nhảy Kame Dance Studio 💃'}",,Có mụt em bé dễ thương ở đây nè,"['#kamedancestudio', '#cogaigucci']","{'title': 'nhạc nền  - Lớp Nhảy Kame Dance Studio 💃', 'link': '/music/nhạc-nền-Lớp-Nhảy-Kame-Dance-Studio-💃-7525309493698169616'}","{'likes': 124400.0, 'comments': 2240, 'shares': 11100.0}",https://www.tiktok.com/@kame_dance_studio/video/7525308578266189063
"{'username': 'ig.khalac248', 'nickname': 'Lạc 🦦'}",1752019200.0,gian đởn,[],"{'title': 'Cầm Hùng đẹc tray nhấc vùn cau - Cầm Hùng', 'link': '/music/Cầm-Hùng-đẹc-tray-nhấc-vùn-cau-7435219903134599966'}","{'likes': 285200.0, 'comments': 1836, 'shares': 29200.0}",https://www.tiktok.com/@ig.khalac248/video/7525101002387868946
"{'username': 'xoaikhongchua_99', 'nickname': 'Xoài không chua 🥭'}",1752339967.0,Giao diện hơi đối lập mà giọng hát tôi thích 🤭🤭,"['#f', '#fyp']","{'title': 'nhạc nền  - Xoài không chua 🥭', 'link': '/music/nhạc-nền-Xoài-không-chua-🥭-7526203784222640951'}","{'likes': 287800.0, 'comments': 4084, 'shares': 188700.0}",https://www.tiktok.com/@xoaikhongchua_99/video/7526203667272191287
"{'username': 'phuongmychiofficial', 'nickname': 'Phương Mỹ Chi'}",1752253569.0,Suỵttt! Tối nay! Tụi mình! Hẹ hẹ hẹ,"['#phuongmychi', '#SingAsia']","{'title': 'nhạc nền  - Phương Mỹ Chi', 'link': '/music/nhạc-nền-Phương-Mỹ-Chi-7525669742779697921'}","{'likes': 396700.0, 'comments': 3500, 'shares': 6776}",https://www.tiktok.com/@phuongmychiofficial/video/7525669692564983061
"{'username': 'tra.dang.904', 'nickname': '☘️Trà Đặng☘️'}",1752512770.0,Em xinh Em đứng 5 mình vẫn xinh 🤭,"['#tradang', '#tiktokdance']","{'title': 'original sound  - Tops Cordell', 'link': '/music/original-sound-Tops-Cordell-7520069375882169105'}","{'likes': 111500.0, 'comments': 1067, 'shares': 2359}",https://www.tiktok.com/@tra.dang.904/video/7526913392037219592
"{'username': 'vang.thi.xoa0', 'nickname': 'Thị xoa .'}",1751932800.0,,"['#tiktokindia', '#xhhhhhhhhhhhhhhhhhhhhhhh', '#😊😊']","{'title': 'nhạc nền  - Thị xoa .', 'link': '/music/nhạc-nền-Thị-xoa-7524602205152774929'}","{'likes': 148000.0, 'comments': 6303, 'shares': 19600.0}",https://www.tiktok.com/@vang.thi.xoa0/video/7524602155630660871
"{'username': 'khanhlinhtran02', 'nickname': 'Khánh Linh FF 🎀'}",1751155200.0,May là cũng hết bài=))),['#khanhlinhff'],"{'title': 'nhạc nền  - 🔮Tiểu Vyy🔮', 'link': '/music/nhạc-nền-🔮Tiểu-Vyy🔮-7513934317828016913'}","{'likes': 391400.0, 'comments': 6522, 'shares': 16200.0}",https://www.tiktok.com/@khanhlinhtran02/video/7521324342399995143
"{'username': 'uyenan.h', 'nickname': 'Huỳnh Uyển Ân'}",,Sắp xếp thời gian nha mọi người ... phim đang quay ... sắp chiếu,['@Đoàn Thế Vinh'],"{'title': 'nhạc nền  - Bin Yet quãi đạn 📸', 'link': '/music/nhạc-nền-Bin-Yet-quãi-đạn-📸-7518000305552804625'}","{'likes': 113600.0, 'comments': 359, 'shares': 2257}",https://www.tiktok.com/@uyenan.h/video/7525416242115644679
"{'username': 'lehoa1297', 'nickname': 'lehoa01021997'}",1751673600.0,Nhảy tí lm gì mà căng,"['#xuhuong', '#hot']","{'title': '原声 - 张➕慧 - 张嘉慧', 'link': '/music/原声-张➕慧-7499076205027592961'}","{'likes': 169900.0, 'comments': 4022, 'shares': 7122}",https://www.tiktok.com/@lehoa1297/video/7523433742342294802
"{'username': 'kame_dance_studio', 'nickname': 'Lớp Nhảy Kame Dance Studio 💃'}",,Có mụt em bé dễ thương ở đây nè,"['#kamedancestudio', '#cogaigucci']","{'title': 'nhạc nền  - Lớp Nhảy Kame Dance Studio 💃', 'link': '/music/nhạc-nền-Lớp-Nhảy-Kame-Dance-Studio-💃-7525309493698169616'}","{'likes': 124400.0, 'comments': 2240, 'shares': 11100.0}",https://www.tiktok.com/@kame_dance_studio/video/7525308578266189063
"{'username': 'ig.khalac248', 'nickname': 'Lạc 🦦'}",1752019200.0,gian đởn,[],"{'title': 'Cầm Hùng đẹc tray nhấc vùn cau - Cầm Hùng', 'link': '/music/Cầm-Hùng-đẹc-tray-nhấc-vùn-cau-7435219903134599966'}","{'likes': 285200.0, 'comments': 1836, 'shares': 29200.0}",https://www.tiktok.com/@ig.khalac248/video/7525101002387868946
"{'username': 'xoaikhongchua_99', 'nickname': 'Xoài không chua 🥭'}",1752340002.0,Giao diện hơi đối lập mà giọng hát tôi thích 🤭🤭,"['#f', '#fyp']","{'title': 'nhạc nền  - Xoài không chua 🥭', 'link': '/music/nhạc-nền-Xoài-không-chua-🥭-7526203784222640951'}","{'likes': 287800.0, 'comments': 4084, 'shares': 188700.0}",https://www.tiktok.com/@xoaikhongchua_99/video/7526203667272191287
"{'username': 'phuongmychiofficial', 'nickname': 'Phương Mỹ Chi'}",1752253603.0,Suỵttt! Tối nay! Tụi mình! Hẹ hẹ hẹ,"['#phuongmychi', '#SingAsia']","{'title': 'nhạc nền  - Phương Mỹ Chi', 'link': '/music/nhạc-nền-Phương-Mỹ-Chi-7525669742779697921'}","{'likes': 396700.0, 'comments': 3500, 'shares': 6776}",https://www.tiktok.com/@phuongmychiofficial/video/7525669692564983061
"{'username': 'tra.dang.904', 'nickname': '☘️Trà Đặng☘️'}",1752512804.0,Em xinh Em đứng 5 mình vẫn xinh 🤭,"['#tradang', '#tiktokdance']","{'title': 'original sound  - Tops Cordell', 'link': '/music/original-sound-Tops-Cordell-7520069375882169105'}","{'likes': 111500.0, 'comments': 1067, 'shares': 2359}",https://www.tiktok.com/@tra.dang.904/video/7526913392037219592
"{'username': 'littlequanzz', 'nickname': 'con Cò đây'}",1752019200.0,"Những cô mèo hoang đi săn cá, toàn các em kinh say 2 thoiii","['#concoday', '@Ngọc Kem', '@MAI HUONG', '@Marko Nguyễn', '@Ngọc Thiệp']","{'title': 'nhạc nền  - con Cò đây', 'link': '/music/nhạc-nền-con-Cò-đây-7524968375694002961'}","{'likes': 390400.0, 'comments': 2366, 'shares': 134200.0}",https://www.tiktok.com/@littlequanzz/video/7524968348375993608
"{'username': 'khanhlinhtran02', 'nickname': 'Khánh Linh FF 🎀'}",1751155200.0,May là cũng hết bài=))),['#khanhlinhff'],"{'title': 'nhạc nền  - 🔮Tiểu Vyy🔮', 'link': '/music/nhạc-nền-🔮Tiểu-Vyy🔮-7513934317828016913'}","{'likes': 391400.0, 'comments': 6522, 'shares': 16200.0}",https://www.tiktok.com/@khanhlinhtran02/video/7521324342399995143
"{'username': 'uyenan.h', 'nickname': 'Huỳnh Uyển Ân'}",,Sắp xếp thời gian nha mọi người ... phim đang quay ... sắp chiếu,['@Đoàn Thế Vinh'],"{'title': 'nhạc nền  - Bin Yet quãi đạn 📸', 'link': '/music/nhạc-nền-Bin-Yet-quãi-đạn-📸-7518000305552804625'}","{'likes': 113600.0, 'comments': 359, 'shares': 2257}",https://www.tiktok.com/@uyenan.h/video/7525416242115644679
"{'username': 'lehoa1297', 'nickname': 'lehoa01021997'}",1751673600.0,Nhảy tí lm gì mà căng,"['#xuhuong', '#hot']","{'title': '原声 - 张➕慧 - 张嘉慧', 'link': '/music/原声-张➕慧-7499076205027592961'}","{'likes': 169900.0, 'comments': 4022, 'shares': 7122}",https://www.tiktok.com/@lehoa1297/video/7523433742342294802
"{'username': 'kame_dance_studio', 'nickname': 'Lớp Nhảy Kame Dance Studio 💃'}",,Có mụt em bé dễ thương ở đây nè,"['#kamedancestudio', '#cogaigucci']","{'title': 'nhạc nền  - Lớp Nhảy Kame Dance Studio 💃', 'link': '/music/nhạc-nền-Lớp-Nhảy-Kame-Dance-Studio-💃-7525309493698169616'}","{'likes': 124400.0, 'comments': 2240, 'shares': 11100.0}",https://www.tiktok.com/@kame_dance_studio/video/7525308578266189063
"{'username': 'ig.khalac248', 'nickname': 'Lạc 🦦'}",1752019200.0,gian đởn,[],"{'title': 'Cầm Hùng đẹc tray nhấc vùn cau - Cầm Hùng', 'link': '/music/Cầm-Hùng-đẹc-tray-nhấc-vùn-cau-7435219903134599966'}","{'likes': 285200.0, 'comments': 1836, 'shares': 29200.0}",https://www.tiktok.com/@ig.khalac248/video/7525101002387868946
"{'username': 'tra.dang.904', 'nickname': '☘️Trà Đặng☘️'}",1752512838.0,Em xinh Em đứng 5 mình vẫn xinh 🤭,"['#tradang', '#tiktokdance']","{'title': 'original sound  - Tops Cordell', 'link': '/music/original-sound-Tops-Cordell-7520069375882169105'}","{'likes': 111500.0, 'comments': 1067, 'shares': 2359}",https://www.tiktok.com/@tra.dang.904/video/7526913392037219592
"{'username': 'littlequanzz', 'nickname': 'con Cò đây'}",1752019200.0,"Những cô mèo hoang đi săn cá, toàn các em kinh say 2 thoiii","['#concoday', '@Ngọc Kem', '@MAI HUONG', '@Marko Nguyễn', '@Ngọc Thiệp']","{'title': 'nhạc nền  - con Cò đây', 'link': '/music/nhạc-nền-con-Cò-đây-7524968375694002961'}","{'likes': 390400.0, 'comments': 2366, 'shares': 134200.0}",https://www.tiktok.com/@littlequanzz/video/7524968348375993608
"{'username': 'uyenan.h', 'nickname': 'Huỳnh Uyển Ân'}",,Sắp xếp thời gian nha mọi người ... phim đang quay ... sắp chiếu,['@Đoàn Thế Vinh'],"{'title': 'nhạc nền  - Bin Yet quãi đạn 📸', 'link': '/music/nhạc-nền-Bin-Yet-quãi-đạn-📸-7518000305552804625'}","{'likes': 113600.0, 'comments': 359, 'shares': 2257}",https://www.tiktok.com/@uyenan.h/video/7525416242115644679
"{'username': 'lehoa1297', 'nickname': 'lehoa01021997'}",1751673600.0,Nhảy tí lm gì mà căng,"['#xuhuong', '#hot']","{'title': '原声 - 张➕慧 - 张嘉慧', 'link': '/music/原声-张➕慧-7499076205027592961'}","{'likes': 169900.0, 'comments': 4022, 'shares': 7122}",https://www.tiktok.com/@lehoa1297/video/7523433742342294802
"{'username': 'kame_dance_studio', 'nickname': 'Lớp Nhảy Kame Dance Studio 💃'}",,Có mụt em bé dễ thương ở đây nè,"['#kamedancestudio', '#cogaigucci']","{'title': 'nhạc nền  - Lớp Nhảy Kame Dance Studio 💃', 'link': '/music/nhạc-nền-Lớp-Nhảy-Kame-Dance-Studio-💃-7525309493698169616'}","{'likes': 124400.0, 'comments': 2240, 'shares': 11100.0}",https://www.tiktok.com/@kame_dance_studio/video/7525308578266189063
"{'username': 'ig.khalac248', 'nickname': 'Lạc 🦦'}",1752019200.0,gian đởn,[],"{'title': 'Cầm Hùng đẹc tray nhấc vùn cau - Cầm Hùng', 'link': '/music/Cầm-Hùng-đẹc-tray-nhấc-vùn-cau-7435219903134599966'}","{'likes': 285300.0, 'comments': 1836, 'shares': 29200.0}",https://www.tiktok.com/@ig.khalac248/video/7525101002387868946
"{'username': 'xoaikhongchua_99', 'nickname': 'Xoài không chua 🥭'}",1752340071.0,Giao diện hơi đối lập mà giọng hát tôi thích 🤭🤭,"['#f', '#fyp']","{'title': 'nhạc nền  - Xoài không chua 🥭', 'link': '/music/nhạc-nền-Xoài-không-chua-🥭-7526203784222640951'}","{'likes': 287800.0, 'comments': 4084, 'shares': 188700.0}",https://www.tiktok.com/@xoaikhongchua_99/video/7526203667272191287
"{'username': 'phuongmychiofficial', 'nickname': 'Phương Mỹ Chi'}",1752253672.0,Suỵttt! Tối nay! Tụi mình! Hẹ hẹ hẹ,"['#phuongmychi', '#SingAsia']","{'title': 'nhạc nền  - Phương Mỹ Chi', 'link': '/music/nhạc-nền-Phương-Mỹ-Chi-7525669742779697921'}","{'likes': 396700.0, 'comments': 3500, 'shares': 6776}",https://www.tiktok.com/@phuongmychiofficial/video/7525669692564983061
"{'username': 'tra.dang.904', 'nickname': '☘️Trà Đặng☘️'}",1752512873.0,Em xinh Em đứng 5 mình vẫn xinh 🤭,"['#tradang', '#tiktokdance']","{'title': 'original sound  - Tops Cordell', 'link': '/music/original-sound-Tops-Cordell-7520069375882169105'}","{'likes': 111500.0, 'comments': 1067, 'shares': 2359}",https://www.tiktok.com/@tra.dang.904/video/7526913392037219592
"{'username': 'littlequanzz', 'nickname': 'con Cò đây'}",1752019200.0,"Những cô mèo hoang đi săn cá, toàn các em kinh say 2 thoiii","['#concoday', '@Ngọc Kem', '@MAI HUONG', '@Marko Nguyễn', '@Ngọc Thiệp']","{'title': 'nhạc nền  - con Cò đây', 'link': '/music/nhạc-nền-con-Cò-đây-7524968375694002961'}","{'likes': 390400.0, 'comments': 2366, 'shares': 134200.0}",https://www.tiktok.com/@littlequanzz/video/7524968348375993608
"{'username': 'tippitivi', 'nickname': 'Tippi TV'}",,Ta Ta Ta sahur - Tippi Tv,['#tippitv'],"{'title': 'nhạc nền  - Tippi TV', 'link': '/music/nhạc-nền-Tippi-TV-7525409104895003409'}","{'likes': 29300.0, 'comments': 934, 'shares': 2318}",https://www.tiktok.com/@tippitivi/video/7525409031616335112
"{'username': 'lehoa1297', 'nickname': 'lehoa01021997'}",1751673600.0,Nhảy tí lm gì mà căng,"['#xuhuong', '#hot']","{'title': '原声 - 张➕慧 - 张嘉慧', 'link': '/music/原声-张➕慧-7499076205027592961'}","{'likes': 169900.0, 'comments': 4022, 'shares': 7122}",https://www.tiktok.com/@lehoa1297/video/7523433742342294802
"{'username': 'kame_dance_studio', 'nickname': 'Lớp Nhảy Kame Dance Studio 💃'}",,Có mụt em bé dễ thương ở đây nè,"['#kamedancestudio', '#cogaigucci']","{'title': 'nhạc nền  - Lớp Nhảy Kame Dance Studio 💃', 'link': '/music/nhạc-nền-Lớp-Nhảy-Kame-Dance-Studio-💃-7525309493698169616'}","{'likes': 124400.0, 'comments': 2240, 'shares': 11100.0}",https://www.tiktok.com/@kame_dance_studio/video/7525308578266189063
"{'username': 'ig.khalac248', 'nickname': 'Lạc 🦦'}",1752019200.0,gian đởn,[],"{'title': 'Cầm Hùng đẹc tray nhấc vùn cau - Cầm Hùng', 'link': '/music/Cầm-Hùng-đẹc-tray-nhấc-vùn-cau-7435219903134599966'}","{'likes': 285300.0, 'comments': 1836, 'shares': 29200.0}",https://www.tiktok.com/@ig.khalac248/video/7525101002387868946
"{'username': 'xoaikhongchua_99', 'nickname': 'Xoài không chua 🥭'}",1752340105.0,Giao diện hơi đối lập mà giọng hát tôi thích 🤭🤭,"['#f', '#fyp']","{'title': 'nhạc nền  - Xoài không chua 🥭', 'link': '/music/nhạc-nền-Xoài-không-chua-🥭-7526203784222640951'}","{'likes': 287800.0, 'comments': 4084, 'shares': 188700.0}",https://www.tiktok.com/@xoaikhongchua_99/video/7526203667272191287
"{'username': 'phuongmychiofficial', 'nickname': 'Phương Mỹ Chi'}",1752253707.0,Suỵttt! Tối nay! Tụi mình! Hẹ hẹ hẹ,"['#phuongmychi', '#SingAsia']","{'title': 'nhạc nền  - Phương Mỹ Chi', 'link': '/music/nhạc-nền-Phương-Mỹ-Chi-7525669742779697921'}","{'likes': 396700.0, 'comments': 3500, 'shares': 6776}",https://www.tiktok.com/@phuongmychiofficial/video/7525669692564983061
"{'username': 'tra.dang.904', 'nickname': '☘️Trà Đặng☘️'}",1752512908.0,Em xinh Em đứng 5 mình vẫn xinh 🤭,"['#tradang', '#tiktokdance']","{'title': 'original sound  - Tops Cordell', 'link': '/music/original-sound-Tops-Cordell-7520069375882169105'}","{'likes': 111500.0, 'comments': 1067, 'shares': 2359}",https://www.tiktok.com/@tra.dang.904/video/7526913392037219592
"{'username': 'littlequanzz', 'nickname': 'con Cò đây'}",1752019200.0,"Những cô mèo hoang đi săn cá, toàn các em kinh say 2 thoiii","['#concoday', '@Ngọc Kem', '@MAI HUONG', '@Marko Nguyễn', '@Ngọc Thiệp']","{'title': 'nhạc nền  - con Cò đây', 'link': '/music/nhạc-nền-con-Cò-đây-7524968375694002961'}","{'likes': 390400.0, 'comments': 2366, 'shares': 134200.0}",https://www.tiktok.com/@littlequanzz/video/7524968348375993608
"{'username': 'tippitivi', 'nickname': 'Tippi TV'}",,Ta Ta Ta sahur - Tippi Tv,['#tippitv'],"{'title': 'nhạc nền  - Tippi TV', 'link': '/music/nhạc-nền-Tippi-TV-7525409104895003409'}","{'likes': 29300.0, 'comments': 934, 'shares': 2318}",https://www.tiktok.com/@tippitivi/video/7525409031616335112
"{'username': '_hamykk', 'nickname': '_trapgirl giải nghệ'}",1752253712.0,2 ngày nữa đánh giải:,[],"{'title': 'nhạc nền  - Bin Yet quãi đạn 📸', 'link': '/music/nhạc-nền-Bin-Yet-quãi-đạn-📸-7518000305552804625'}","{'likes': 152100.0, 'comments': 721, 'shares': 5365}",https://www.tiktok.com/@_hamykk/video/7525791049030110484
"{'username': 'vang.thi.xoa0', 'nickname': 'Thị xoa .'}",1751932800.0,,"['#tiktokindia', '#xhhhhhhhhhhhhhhhhhhhhhhh', '#😊😊']","{'title': 'nhạc nền  - Thị xoa .', 'link': '/music/nhạc-nền-Thị-xoa-7524602205152774929'}","{'likes': 148000.0, 'comments': 6303, 'shares': 19600.0}",https://www.tiktok.com/@vang.thi.xoa0/video/7524602155630660871
"{'username': 'khanhlinhtran02', 'nickname': 'Khánh Linh FF 🎀'}",1751155200.0,May là cũng hết bài=))),['#khanhlinhff'],"{'title': 'nhạc nền  - 🔮Tiểu Vyy🔮', 'link': '/music/nhạc-nền-🔮Tiểu-Vyy🔮-7513934317828016913'}","{'likes': 391400.0, 'comments': 6522, 'shares': 16200.0}",https://www.tiktok.com/@khanhlinhtran02/video/7521324342399995143
"{'username': 'uyenan.h', 'nickname': 'Huỳnh Uyển Ân'}",,Sắp xếp thời gian nha mọi người ... phim đang quay ... sắp chiếu,['@Đoàn Thế Vinh'],"{'title': 'nhạc nền  - Bin Yet quãi đạn 📸', 'link': '/music/nhạc-nền-Bin-Yet-quãi-đạn-📸-7518000305552804625'}","{'likes': 113600.0, 'comments': 359, 'shares': 2257}",https://www.tiktok.com/@uyenan.h/video/7525416242115644679
"{'username': 'lehoa1297', 'nickname': 'lehoa01021997'}",1751673600.0,Nhảy tí lm gì mà căng,"['#xuhuong', '#hot']","{'title': '原声 - 张➕慧 - 张嘉慧', 'link': '/music/原声-张➕慧-7499076205027592961'}","{'likes': 169900.0, 'comments': 4022, 'shares': 7122}",https://www.tiktok.com/@lehoa1297/video/7523433742342294802
"{'username': 'kame_dance_studio', 'nickname': 'Lớp Nhảy Kame Dance Studio 💃'}",,Có mụt em bé dễ thương ở đây nè,"['#kamedancestudio', '#cogaigucci']","{'title': 'nhạc nền  - Lớp Nhảy Kame Dance Studio 💃', 'link': '/music/nhạc-nền-Lớp-Nhảy-Kame-Dance-Studio-💃-7525309493698169616'}","{'likes': 124400.0, 'comments': 2240, 'shares': 11100.0}",https://www.tiktok.com/@kame_dance_studio/video/7525308578266189063
"{'username': 'ig.khalac248', 'nickname': 'Lạc 🦦'}",1752019200.0,gian đởn,[],"{'title': 'Cầm Hùng đẹc tray nhấc vùn cau - Cầm Hùng', 'link': '/music/Cầm-Hùng-đẹc-tray-nhấc-vùn-cau-7435219903134599966'}","{'likes': 285300.0, 'comments': 1837, 'shares': 29300.0}",https://www.tiktok.com/@ig.khalac248/video/7525101002387868946
"{'username': 'xoaikhongchua_99', 'nickname': 'Xoài không chua 🥭'}",1752340311.0,Giao diện hơi đối lập mà giọng hát tôi thích 🤭🤭,"['#f', '#fyp']","{'title': 'nhạc nền  - Xoài không chua 🥭', 'link': '/music/nhạc-nền-Xoài-không-chua-🥭-7526203784222640951'}","{'likes': 287800.0, 'comments': 4084, 'shares': 188700.0}",https://www.tiktok.com/@xoaikhongchua_99/video/7526203667272191287
"{'username': 'phuongmychiofficial', 'nickname': 'Phương Mỹ Chi'}",1752253912.0,Suỵttt! Tối nay! Tụi mình! Hẹ hẹ hẹ,"['#phuongmychi', '#SingAsia']","{'title': 'nhạc nền  - Phương Mỹ Chi', 'link': '/music/nhạc-nền-Phương-Mỹ-Chi-7525669742779697921'}","{'likes': 396700.0, 'comments': 3500, 'shares': 6776}",https://www.tiktok.com/@phuongmychiofficial/video/7525669692564983061
"{'username': 'tra.dang.904', 'nickname': '☘️Trà Đặng☘️'}",1752513114.0,Em xinh Em đứng 5 mình vẫn xinh 🤭,"['#tradang', '#tiktokdance']","{'title': 'original sound  - Tops Cordell', 'link': '/music/original-sound-Tops-Cordell-7520069375882169105'}","{'likes': 111500.0, 'comments': 1067, 'shares': 2361}",https://www.tiktok.com/@tra.dang.904/video/7526913392037219592
"{'username': 'littlequanzz', 'nickname': 'con Cò đây'}",1752019200.0,"Những cô mèo hoang đi săn cá, toàn các em kinh say 2 thoiii","['#concoday', '@Ngọc Kem', '@MAI HUONG', '@Marko Nguyễn', '@Ngọc Thiệp']","{'title': 'nhạc nền  - con Cò đây', 'link': '/music/nhạc-nền-con-Cò-đây-7524968375694002961'}","{'likes': 390400.0, 'comments': 2366, 'shares': 134200.0}",https://www.tiktok.com/@littlequanzz/video/7524968348375993608
"{'username': 'tippitivi', 'nickname': 'Tippi TV'}",,Ta Ta Ta sahur - Tippi Tv,['#tippitv'],"{'title': 'nhạc nền  - Tippi TV', 'link': '/music/nhạc-nền-Tippi-TV-7525409104895003409'}","{'likes': 29300.0, 'comments': 934, 'shares': 2318}",https://www.tiktok.com/@tippitivi/video/7525409031616335112
"{'username': '_hamykk', 'nickname': '_trapgirl giải nghệ'}",1752253934.0,2 ngày nữa đánh giải:,[],"{'title': 'nhạc nền  - Bin Yet quãi đạn 📸', 'link': '/music/nhạc-nền-Bin-Yet-quãi-đạn-📸-7518000305552804625'}","{'likes': 152100.0, 'comments': 721, 'shares': 5365}",https://www.tiktok.com/@_hamykk/video/7525791049030110484
"{'username': 'kimanhne_36', 'nickname': '𝐊𝐚𝐧𝐡 𝐃𝐚̂𝐮𝐮 🍓'}",1752253935.0,Lại chung một khung hình nữa rùi 🤭,"['@𝓚𝓲𝓶 𝓐𝓷𝓱 🇻🇳', '@Trần Nhật Tân', '#xuhuong', '#kanhdau']","{'title': 'nhạc nền  - 𝚃𝚑ù𝚢 𝙺𝚒ề𝚞', 'link': '/music/nhạc-nền-𝚃𝚑ù𝚢-𝙺𝚒ề𝚞-7519864134256249616'}","{'likes': 162500.0, 'comments': 835, 'shares': 2682}",https://www.tiktok.com/@kimanhne_36/video/7525671270936022290
"{'username': 'dinhthiyenngoc_1998', 'nickname': 'Shop bé Ngọc chân voi'}",1752513136.0,Lần đầu chân bự nhảy nhìn mắc cười giữ thần,['#NgọcChânVoi'],"{'title': 'MUỐN CUA ANH LÀM BỒ - 𝐃𝐮̛𝐨̛𝐧𝐠 𝐀́𝐢 𝐕𝐲', 'link': '/music/MUỐN-CUA-ANH-LÀM-BỒ-7523568717758778129'}","{'likes': 30000.0, 'comments': 673, 'shares': 372}",https://www.tiktok.com/@dinhthiyenngoc_1998/video/7526919414717893896
