url,thumbnail,description,likes,category
https://www.tiktok.com/@huongstore.06/video/7525692408676224272,https://p16-sign-sg.tiktokcdn.com/tos-alisg-p-0037/oM1hGowYEg9KAFzD7AUIAgBQeEAcCID0EQwfRT~tplv-photomode-zoomcover:720:720.jpeg?dr=14555&x-expires=1752944400&x-signature=8AVsexPjztuSnlwK818Kol09dbY%3D&t=4d5b0474&ps=13740610&shp=81f88b70&shcp=43f4a2f9&idc=my&ftpl=1,,765200.0,all
https://www.tiktok.com/@ngcuong379/video/7524911077809786128,https://p16-sign-sg.tiktokcdn.com/tos-alisg-p-0037/o8FEV2ItIThEUHbBetCDfBzRqnAFBIdgEbEoIZ~tplv-photomode-zoomcover:720:720.jpeg?dr=14555&x-expires=1752944400&x-signature=BCMCNJMdmLURan6rjFn5zCbDV%2BM%3D&t=4d5b0474&ps=13740610&shp=81f88b70&shcp=43f4a2f9&idc=my&ftpl=1,,1000000.0,all
https://www.tiktok.com/@gianghomang247/video/7526530375674268936,https://p16-sign-sg.tiktokcdn.com/tos-alisg-p-0037/oAEzKc780EKABAAxmBOi1B2iIRBA43ALOwfvxp~tplv-photomode-zoomcover:720:720.jpeg?dr=14555&x-expires=1752944400&x-signature=RkbeEInk3iA7vc%2FanzWLQMISWj4%3D&t=4d5b0474&ps=13740610&shp=81f88b70&shcp=43f4a2f9&idc=my&ftpl=1,,300300.0,all
https://www.tiktok.com/@phuonganhle305/video/7525261051865304338,https://p16-sign-sg.tiktokcdn.com/tos-alisg-p-0037/o0x8i3pNwx3IAIGR0zIx6WiFCGAvq4fGAZBmBS~tplv-photomode-zoomcover:720:720.jpeg?dr=14555&x-expires=1752944400&x-signature=hRIJnn840JEzRwl1cWBnVU4yq%2B0%3D&t=4d5b0474&ps=13740610&shp=81f88b70&shcp=43f4a2f9&idc=my&ftpl=1,,870700.0,all
https://www.tiktok.com/@luky889889/video/7525659423247846663,https://p16-sign-sg.tiktokcdn.com/tos-alisg-p-0037/oUDwAUBjICxcfEEV2fRgENyB2NZXIgkpAMAAFo~tplv-photomode-zoomcover:720:720.jpeg?dr=14555&x-expires=1752944400&x-signature=5ymfWJkk1v9x1DicXqpW8S7cCq0%3D&t=4d5b0474&ps=13740610&shp=81f88b70&shcp=43f4a2f9&idc=my&ftpl=1,,465700.0,all
https://www.tiktok.com/@vuhoangphuongnam/video/7527106795391765767,https://p16-sign-sg.tiktokcdn.com/tos-alisg-p-0037/ocnr6QBHIfI0AL1DCIoI8ADTOlM6CkGPIQ4ejf~tplv-photomode-zoomcover:720:720.jpeg?dr=14555&x-expires=1752944400&x-signature=pEgXBDjiKsAQtezY4%2B58geSIYFs%3D&t=4d5b0474&ps=13740610&shp=81f88b70&shcp=43f4a2f9&idc=my&ftpl=1,,1300000.0,all
https://www.tiktok.com/@haisanthanhvan/video/7525425296992963847,https://p16-sign-sg.tiktokcdn.com/tos-alisg-p-0037/oownfAeeo3IEzrjdIlA0EILImSXLkQvnGyD1CG~tplv-photomode-zoomcover:720:720.jpeg?dr=14555&x-expires=1752944400&x-signature=81HuRD9rJmFtRBlUTU4pvSzVop0%3D&t=4d5b0474&ps=13740610&shp=81f88b70&shcp=43f4a2f9&idc=my&ftpl=1,,273400.0,all
https://www.tiktok.com/@plxhvn2/video/7525476265239891255,https://p16-sign.tiktokcdn-us.com/tos-useast5-p-0068-tx/okEBvi01fBA4BYBBIPQnAJAwij3ipN9gSBcAKI~tplv-photomode-zoomcover:720:720.jpeg?dr=14555&x-expires=1752944400&x-signature=wKkIFaQhfofZCCDaZxTcYPHD0QE%3D&t=4d5b0474&ps=13740610&shp=81f88b70&shcp=43f4a2f9&idc=my&ftpl=1,,57600.0,all
https://www.tiktok.com/@dangvuongne/video/7524945396729138440,https://p9-sign-sg.tiktokcdn.com/tos-alisg-p-0037/osAMAeWNGGDhLAgJLbIefQIEtJQQf0qAFUWyCA~tplv-photomode-zoomcover:720:720.jpeg?dr=14555&x-expires=1752944400&x-signature=WMrYFiyU4qsHaY%2BwfQIxPtgKQZY%3D&t=4d5b0474&ps=13740610&shp=81f88b70&shcp=43f4a2f9&idc=my&ftpl=1,,405600.0,all
https://www.tiktok.com/@plxhvn2/video/7524805462311636238,https://p19-sign.tiktokcdn-us.com/tos-useast5-p-0068-tx/oEXCabADnFSMACSAOog5VDgAqEISfDpDQaernU~tplv-photomode-zoomcover:720:720.jpeg?dr=14555&x-expires=1752944400&x-signature=5Z2b2nfQgumRZpGl3OicN15kFxc%3D&t=4d5b0474&ps=13740610&shp=81f88b70&shcp=43f4a2f9&idc=my&ftpl=1,,49500.0,all
https://www.tiktok.com/@cobedotdiem/video/7525628277034126610,https://p16-sign-sg.tiktokcdn.com/tos-alisg-p-0037/oM6PaQ9xjEBIVniHZAEiWTTEwJkBBAwFBBYZL~tplv-photomode-zoomcover:720:720.jpeg?dr=14555&x-expires=1752944400&x-signature=J5ANRdoZo5A1gMsQ6DvZJuLtZMU%3D&t=4d5b0474&ps=13740610&shp=81f88b70&shcp=43f4a2f9&idc=my&ftpl=1,,117400.0,all
https://www.tiktok.com/@manxuatgia/video/7526055974730222856,https://p16-sign-sg.tiktokcdn.com/tos-alisg-p-0037/oM4AvCE9BiDojVAEH1LWFSxDf1oDZQII7gIee4~tplv-photomode-zoomcover:720:720.jpeg?dr=14555&x-expires=1752944400&x-signature=bGcMNXXw1cg7EGzNjgmqUKbl8XU%3D&t=4d5b0474&ps=13740610&shp=81f88b70&shcp=43f4a2f9&idc=my&ftpl=1,,375500.0,all
https://www.tiktok.com/@chanhvivu/video/7525009772878236944,https://p9-sign-sg.tiktokcdn.com/tos-alisg-p-0037/oE5AoJBUismfNNuYvIYQAAgC516IIqIPw0xPvi~tplv-photomode-zoomcover:720:720.jpeg?dr=14555&x-expires=1752944400&x-signature=IVTXqIZr7CwV35rz60njjVbYrzc%3D&t=4d5b0474&ps=13740610&shp=81f88b70&shcp=43f4a2f9&idc=my&ftpl=1,,1300000.0,all
https://www.tiktok.com/@phucsyno96/video/7525323493693607175,https://p16-sign-sg.tiktokcdn.com/tos-alisg-p-0037/owmwoQMGeAC9n0GTIeteORgAsLjMq3KNdoIgDE~tplv-photomode-zoomcover:720:720.jpeg?dr=14555&x-expires=1752944400&x-signature=G8nOc2NGfMoZSCusT50gNEfzoOI%3D&t=4d5b0474&ps=13740610&shp=81f88b70&shcp=43f4a2f9&idc=my&ftpl=1,,460200.0,all
https://www.tiktok.com/@nottuman/video/7524969271366077704,https://p16-sign-sg.tiktokcdn.com/tos-alisg-p-0037/oYfQIMjFIgD3xucEZDF5fI37DRC8IAClBwDofA~tplv-photomode-zoomcover:720:720.jpeg?dr=14555&x-expires=1752944400&x-signature=efM%2B6oGBppUv3o%2F8DHxtzC9Y1UQ%3D&t=4d5b0474&ps=13740610&shp=81f88b70&shcp=43f4a2f9&idc=my&ftpl=1,,585600.0,all
https://www.tiktok.com/@tranghieu0211/video/7526051115180264712,https://p9-sign-sg.tiktokcdn.com/tos-alisg-p-0037/oIAz0QnYQrDeyHujCnFEAbDSI4AjWhzQQPfCoe~tplv-photomode-zoomcover:720:720.jpeg?dr=14555&x-expires=1752944400&x-signature=vRjXvlTymA1PQwuxhSiXc8vA1Wg%3D&t=4d5b0474&ps=13740610&shp=81f88b70&shcp=43f4a2f9&idc=my&ftpl=1,,415300.0,all
https://www.tiktok.com/@namanhvt11/video/7526117151846059272,https://p9-sign-sg.tiktokcdn.com/tos-alisg-p-0037/oUWmEo2AfDANtqA9A2F3DjQABIfAOEO5IUfUzE~tplv-photomode-zoomcover:720:720.jpeg?dr=14555&x-expires=1752944400&x-signature=YQQfw7%2Bfzn%2BNtfAMtRI6vurBxW4%3D&t=4d5b0474&ps=13740610&shp=81f88b70&shcp=43f4a2f9&idc=my&ftpl=1,,476300.0,all
https://www.tiktok.com/@bstuanduong.official.vn/video/7526379474393304338,https://p16-sign-sg.tiktokcdn.com/tos-alisg-p-0037/oYeQeFjXItG5YMAIfSLSFQIRDsAhgACVi4HozA~tplv-photomode-zoomcover:720:720.jpeg?dr=14555&x-expires=1752944400&x-signature=1Oog2DfIO1aSeddarfR6e2nqsz0%3D&t=4d5b0474&ps=13740610&shp=81f88b70&shcp=43f4a2f9&idc=my&ftpl=1,,140300.0,all
https://www.tiktok.com/@letuankhang2002/video/7527258883841101073,https://p9-sign-sg.tiktokcdn.com/tos-alisg-p-0037/oMIEeBjIIDAemIR2QQbAq3JxoCLNfM7GGNr5xa~tplv-photomode-zoomcover:720:720.jpeg?dr=14555&x-expires=1752944400&x-signature=udOLKNRC6miNAlaqGOMEkSct5rg%3D&t=4d5b0474&ps=13740610&shp=81f88b70&shcp=43f4a2f9&idc=my&ftpl=1,,3000000.0,all
https://www.tiktok.com/@khanhlinhtran02/video/7526923949041650952,https://p16-sign-sg.tiktokcdn.com/tos-alisg-p-0037/o0XkIcio7oqldv91ACBAICO6IL0wAAdCqoigfd~tplv-photomode-zoomcover:720:720.jpeg?dr=14555&x-expires=1752944400&x-signature=zRDEmsgB%2BAnXgtU2qgWK2gbYGco%3D&t=4d5b0474&ps=13740610&shp=81f88b70&shcp=43f4a2f9&idc=my&ftpl=1,,345600.0,all
https://www.tiktok.com/@user33951549420561/video/7524292924507426078,https://p16-pu-sign-useast8.tiktokcdn-us.com/tos-useast8-p-0068-tx2/oAA3CnqORiILdnarsaB2AVPoKEzGBum3BiOEX~tplv-photomode-zoomcover:720:720.jpeg?dr=14555&x-expires=1752944400&x-signature=RJsWI1lImu04RSkjAFD7eEll8hY%3D&t=4d5b0474&ps=13740610&shp=81f88b70&shcp=43f4a2f9&idc=my&ftpl=1,,2300000.0,all
https://www.tiktok.com/@splivetinnong.com/video/7527190134572338439,https://p16-sign-sg.tiktokcdn.com/tos-alisg-p-0037/o4CljYD86dffLZCf1YIHoN3EDzlFIIQODIAA5j~tplv-photomode-zoomcover:720:720.jpeg?dr=14555&x-expires=1752944400&x-signature=NCorirIjmguYd4VSlliggIMDe6Q%3D&t=4d5b0474&ps=13740610&shp=81f88b70&shcp=43f4a2f9&idc=my&ftpl=1,,269700.0,all
https://www.tiktok.com/@xuanhoansev/video/7526007395714206983,https://p16-sign-sg.tiktokcdn.com/tos-alisg-p-0037/oUa5gQkRfMA8fyXfyvWeGGhcHRiAFFRxgD8LGQ~tplv-photomode-zoomcover:720:720.jpeg?dr=14555&x-expires=1752944400&x-signature=Yr8n9kr8tqwOq3d5eU4X3PJ9RUo%3D&t=4d5b0474&ps=13740610&shp=81f88b70&shcp=43f4a2f9&idc=my&ftpl=1,,106000.0,all
