url,thumbnail,description,likes,category
https://www.tiktok.com/@huongstore.06/video/7525692408676224272,https://p16-sign-sg.tiktokcdn.com/tos-alisg-p-0037/oM1hGowYEg9KAFzD7AUIAgBQeEAcCID0EQwfRT~tplv-photomode-zoomcover:480:480.jpeg?dr=14555&x-expires=1752944400&x-signature=dDNm3Q1whBZDD5Ip5JH0bkNT%2Fgk%3D&t=4d5b0474&ps=13740610&shp=81f88b70&shcp=43f4a2f9&idc=my&ftpl=1,,765000.0,all
https://www.tiktok.com/@ngcuong379/video/7524911077809786128,https://p16-sign-sg.tiktokcdn.com/tos-alisg-p-0037/o8FEV2ItIThEUHbBetCDfBzRqnAFBIdgEbEoIZ~tplv-photomode-zoomcover:480:480.jpeg?dr=14555&x-expires=1752944400&x-signature=nyn0vb51%2BjKF4A8t2a5upRlCOPc%3D&t=4d5b0474&ps=13740610&shp=81f88b70&shcp=43f4a2f9&idc=my&ftpl=1,,1000000.0,all
https://www.tiktok.com/@gianghomang247/video/7526530375674268936,https://p16-sign-sg.tiktokcdn.com/tos-alisg-p-0037/oAEzKc780EKABAAxmBOi1B2iIRBA43ALOwfvxp~tplv-photomode-zoomcover:480:480.jpeg?dr=14555&x-expires=1752944400&x-signature=zkUQt8BG9xwZaWZILxghP%2Fhm1PI%3D&t=4d5b0474&ps=13740610&shp=81f88b70&shcp=43f4a2f9&idc=my&ftpl=1,,300100.0,all
https://www.tiktok.com/@phuonganhle305/video/7525261051865304338,https://p16-sign-sg.tiktokcdn.com/tos-alisg-p-0037/o0x8i3pNwx3IAIGR0zIx6WiFCGAvq4fGAZBmBS~tplv-photomode-zoomcover:480:480.jpeg?dr=14555&x-expires=1752944400&x-signature=Yn3i1h6LNWEXfwakth9%2BZmYlWHI%3D&t=4d5b0474&ps=13740610&shp=81f88b70&shcp=43f4a2f9&idc=my&ftpl=1,,870500.0,all
https://www.tiktok.com/@luky889889/video/7525659423247846663,https://p16-sign-sg.tiktokcdn.com/tos-alisg-p-0037/oUDwAUBjICxcfEEV2fRgENyB2NZXIgkpAMAAFo~tplv-photomode-zoomcover:480:480.jpeg?dr=14555&x-expires=1752944400&x-signature=KZ6CQnfnSCRo8WgomT9P7qQPJf4%3D&t=4d5b0474&ps=13740610&shp=81f88b70&shcp=43f4a2f9&idc=my&ftpl=1,,465600.0,all
https://www.tiktok.com/@vuhoangphuongnam/video/7527106795391765767,https://p9-sign-sg.tiktokcdn.com/tos-alisg-p-0037/ocnr6QBHIfI0AL1DCIoI8ADTOlM6CkGPIQ4ejf~tplv-photomode-zoomcover:480:480.jpeg?dr=14555&x-expires=1752944400&x-signature=xzKq8Wy8Pyw%2BDA%2B1oKtzj%2Bscnqk%3D&t=4d5b0474&ps=13740610&shp=81f88b70&shcp=43f4a2f9&idc=my&ftpl=1,,1300000.0,all
https://www.tiktok.com/@haisanthanhvan/video/7525425296992963847,https://p16-sign-sg.tiktokcdn.com/tos-alisg-p-0037/oownfAeeo3IEzrjdIlA0EILImSXLkQvnGyD1CG~tplv-photomode-zoomcover:480:480.jpeg?dr=14555&x-expires=1752944400&x-signature=P3jDn2GFZf%2FyuLh9JdwBDU8vP9s%3D&t=4d5b0474&ps=13740610&shp=81f88b70&shcp=43f4a2f9&idc=my&ftpl=1,,273300.0,all
https://www.tiktok.com/@plxhvn2/video/7525476265239891255,https://p16-sign.tiktokcdn-us.com/tos-useast5-p-0068-tx/okEBvi01fBA4BYBBIPQnAJAwij3ipN9gSBcAKI~tplv-photomode-zoomcover:480:480.jpeg?dr=14555&x-expires=1752944400&x-signature=UrD5eVeiRtOpsvf04paXUjFUTWo%3D&t=4d5b0474&ps=13740610&shp=81f88b70&shcp=43f4a2f9&idc=my&ftpl=1,,57600.0,all
https://www.tiktok.com/@dangvuongne/video/7524945396729138440,https://p9-sign-sg.tiktokcdn.com/tos-alisg-p-0037/osAMAeWNGGDhLAgJLbIefQIEtJQQf0qAFUWyCA~tplv-photomode-zoomcover:480:480.jpeg?dr=14555&x-expires=1752944400&x-signature=1gTRElvTlrINCGK1DKqk4vqsZQE%3D&t=4d5b0474&ps=13740610&shp=81f88b70&shcp=43f4a2f9&idc=my&ftpl=1,,405300.0,all
https://www.tiktok.com/@plxhvn2/video/7524805462311636238,https://p19-sign.tiktokcdn-us.com/tos-useast5-p-0068-tx/oEXCabADnFSMACSAOog5VDgAqEISfDpDQaernU~tplv-photomode-zoomcover:480:480.jpeg?dr=14555&x-expires=1752944400&x-signature=DfVSlpBAIv2E63m8iRSrxaXFg3M%3D&t=4d5b0474&ps=13740610&shp=81f88b70&shcp=43f4a2f9&idc=my&ftpl=1,,49500.0,all
https://www.tiktok.com/@cobedotdiem/video/7525628277034126610,https://p16-sign-sg.tiktokcdn.com/tos-alisg-p-0037/oM6PaQ9xjEBIVniHZAEiWTTEwJkBBAwFBBYZL~tplv-photomode-zoomcover:480:480.jpeg?dr=14555&x-expires=1752944400&x-signature=2ndr3Ai8FwQi8GoE0dZWLOIiI%2Bk%3D&t=4d5b0474&ps=13740610&shp=81f88b70&shcp=43f4a2f9&idc=my&ftpl=1,,117300.0,all
https://www.tiktok.com/@manxuatgia/video/7526055974730222856,https://p9-sign-sg.tiktokcdn.com/tos-alisg-p-0037/oM4AvCE9BiDojVAEH1LWFSxDf1oDZQII7gIee4~tplv-photomode-zoomcover:480:480.jpeg?dr=14555&x-expires=1752944400&x-signature=MezCUjSNMmfdbHKLmWTpud6pevc%3D&t=4d5b0474&ps=13740610&shp=81f88b70&shcp=43f4a2f9&idc=my&ftpl=1,,375300.0,all
https://www.tiktok.com/@chanhvivu/video/7525009772878236944,https://p16-sign-sg.tiktokcdn.com/tos-alisg-p-0037/oE5AoJBUismfNNuYvIYQAAgC516IIqIPw0xPvi~tplv-photomode-zoomcover:480:480.jpeg?dr=14555&x-expires=1752944400&x-signature=nYo6V3jLDmMWCK0T69kPSjsLuXA%3D&t=4d5b0474&ps=13740610&shp=81f88b70&shcp=43f4a2f9&idc=my&ftpl=1,,1300000.0,all
https://www.tiktok.com/@phucsyno96/video/7525323493693607175,https://p16-sign-sg.tiktokcdn.com/tos-alisg-p-0037/owmwoQMGeAC9n0GTIeteORgAsLjMq3KNdoIgDE~tplv-photomode-zoomcover:480:480.jpeg?dr=14555&x-expires=1752944400&x-signature=cuUPuzUvEA%2Bj9dcgs2t9pF4XqjY%3D&t=4d5b0474&ps=13740610&shp=81f88b70&shcp=43f4a2f9&idc=my&ftpl=1,,460100.0,all
https://www.tiktok.com/@nottuman/video/7524969271366077704,https://p16-sign-sg.tiktokcdn.com/tos-alisg-p-0037/oYfQIMjFIgD3xucEZDF5fI37DRC8IAClBwDofA~tplv-photomode-zoomcover:480:480.jpeg?dr=14555&x-expires=1752944400&x-signature=BjXONSTMAZm19AcUDQISnmVim%2Bc%3D&t=4d5b0474&ps=13740610&shp=81f88b70&shcp=43f4a2f9&idc=my&ftpl=1,,585600.0,all
https://www.tiktok.com/@tranghieu0211/video/7526051115180264712,https://p16-sign-sg.tiktokcdn.com/tos-alisg-p-0037/oIAz0QnYQrDeyHujCnFEAbDSI4AjWhzQQPfCoe~tplv-photomode-zoomcover:480:480.jpeg?dr=14555&x-expires=1752944400&x-signature=NHQuVUZ53UfSBDg07C%2FmNwb8DGc%3D&t=4d5b0474&ps=13740610&shp=81f88b70&shcp=43f4a2f9&idc=my&ftpl=1,,415300.0,all
https://www.tiktok.com/@namanhvt11/video/7526117151846059272,https://p16-sign-sg.tiktokcdn.com/tos-alisg-p-0037/oUWmEo2AfDANtqA9A2F3DjQABIfAOEO5IUfUzE~tplv-photomode-zoomcover:480:480.jpeg?dr=14555&x-expires=1752944400&x-signature=W0FQ5aZy7wg4yyRUD%2FZ6wj18hHk%3D&t=4d5b0474&ps=13740610&shp=81f88b70&shcp=43f4a2f9&idc=my&ftpl=1,,476200.0,all
https://www.tiktok.com/@bstuanduong.official.vn/video/7526379474393304338,https://p16-sign-sg.tiktokcdn.com/tos-alisg-p-0037/oYeQeFjXItG5YMAIfSLSFQIRDsAhgACVi4HozA~tplv-photomode-zoomcover:480:480.jpeg?dr=14555&x-expires=1752944400&x-signature=229i8xaM8EGyAjR4vcvJgH0woAg%3D&t=4d5b0474&ps=13740610&shp=81f88b70&shcp=43f4a2f9&idc=my&ftpl=1,,140200.0,all
https://www.tiktok.com/@letuankhang2002/video/7527258883841101073,https://p16-sign-sg.tiktokcdn.com/tos-alisg-p-0037/oMIEeBjIIDAemIR2QQbAq3JxoCLNfM7GGNr5xa~tplv-photomode-zoomcover:480:480.jpeg?dr=14555&x-expires=1752944400&x-signature=e23XoES8qNIs8aiBOQdS9coz4%2Fc%3D&t=4d5b0474&ps=13740610&shp=81f88b70&shcp=43f4a2f9&idc=my&ftpl=1,,3000000.0,all
https://www.tiktok.com/@khanhlinhtran02/video/7526923949041650952,https://p16-sign-sg.tiktokcdn.com/tos-alisg-p-0037/o0XkIcio7oqldv91ACBAICO6IL0wAAdCqoigfd~tplv-photomode-zoomcover:480:480.jpeg?dr=14555&x-expires=1752944400&x-signature=0Z8%2FFZqmKgtM3nOxAmTAG2G10aQ%3D&t=4d5b0474&ps=13740610&shp=81f88b70&shcp=43f4a2f9&idc=my&ftpl=1,,345400.0,all
https://www.tiktok.com/@user33951549420561/video/7524292924507426078,https://p16-pu-sign-useast8.tiktokcdn-us.com/tos-useast8-p-0068-tx2/oAA3CnqORiILdnarsaB2AVPoKEzGBum3BiOEX~tplv-photomode-zoomcover:480:480.jpeg?dr=14555&x-expires=1752944400&x-signature=HnEJUFE2MCZmzGqESI%2BVZFU2NGI%3D&t=4d5b0474&ps=13740610&shp=81f88b70&shcp=43f4a2f9&idc=my&ftpl=1,,2300000.0,all
https://www.tiktok.com/@splivetinnong.com/video/7527190134572338439,https://p16-sign-sg.tiktokcdn.com/tos-alisg-p-0037/o4CljYD86dffLZCf1YIHoN3EDzlFIIQODIAA5j~tplv-photomode-zoomcover:480:480.jpeg?dr=14555&x-expires=1752944400&x-signature=SqBH0mGfe9tfQcF9O7uJ0nPhIQ0%3D&t=4d5b0474&ps=13740610&shp=81f88b70&shcp=43f4a2f9&idc=my&ftpl=1,,269500.0,all
https://www.tiktok.com/@xuanhoansev/video/7526007395714206983,https://p16-sign-sg.tiktokcdn.com/tos-alisg-p-0037/oUa5gQkRfMA8fyXfyvWeGGhcHRiAFFRxgD8LGQ~tplv-photomode-zoomcover:480:480.jpeg?dr=14555&x-expires=1752944400&x-signature=4Uo3SvJu86Vumq1zwVnnN5JgaY8%3D&t=4d5b0474&ps=13740610&shp=81f88b70&shcp=43f4a2f9&idc=my&ftpl=1,,106000.0,all
