url,thumbnail,description,likes,category
https://www.tiktok.com/@_dieulinh16_/video/7525680684917198087,https://p16-sign-sg.tiktokcdn.com/tos-alisg-p-0037/oM2R9cElWSeRtwUrE8azlWgIDfAqFBBHHBYoJI~tplv-photomode-zoomcover:480:480.jpeg?dr=14555&x-expires=1752944400&x-signature=AMyZGX%2BA93g7FRbrhQ1mecsHRd0%3D&t=4d5b0474&ps=13740610&shp=81f88b70&shcp=43f4a2f9&idc=my&ftpl=1,,439700.0,singing-and-dancing
https://www.tiktok.com/@vang.thi.xoa0/video/7524602155630660871,https://p16-sign-sg.tiktokcdn.com/tos-alisg-p-0037/owaEIUkhtDAcwGfyFMF9BRoBVE5g8B6bQtf0sE~tplv-photomode-zoomcover:480:480.jpeg?dr=14555&x-expires=1752944400&x-signature=q5tfjTIBPyuR00l6l404J0WBF2g%3D&t=4d5b0474&ps=13740610&shp=81f88b70&shcp=43f4a2f9&idc=my&ftpl=1,,148000.0,singing-and-dancing
https://www.tiktok.com/@khanhlinhtran02/video/7521324342399995143,https://p16-sign-sg.tiktokcdn.com/tos-alisg-p-0037/oshEIYBGnv9Arcyi1H6aQVAZBKbVBEiwPcEZO~tplv-photomode-zoomcover:480:480.jpeg?dr=14555&x-expires=1752944400&x-signature=jrsea5hC32o5sTbfeHyKu4Nag1Y%3D&t=4d5b0474&ps=13740610&shp=81f88b70&shcp=43f4a2f9&idc=my&ftpl=1,,391400.0,singing-and-dancing
https://www.tiktok.com/@uyenan.h/video/7525416242115644679,https://p16-sign-sg.tiktokcdn.com/tos-alisg-p-0037/oAbBiBPFeC9A5BmvEAAjiv2NKpNA0IA37AoIws~tplv-photomode-zoomcover:480:480.jpeg?dr=14555&x-expires=1752944400&x-signature=7Vi9Ct3C015z7f40Yw0ibm5aaFI%3D&t=4d5b0474&ps=13740610&shp=81f88b70&shcp=43f4a2f9&idc=my&ftpl=1,,113600.0,singing-and-dancing
https://www.tiktok.com/@lehoa1297/video/7523433742342294802,https://p16-sign-sg.tiktokcdn.com/tos-alisg-p-0037/okBr9i8A1ImN1iACvqWfNHmyP1ugAIwUo0EEAA~tplv-photomode-zoomcover:480:480.jpeg?dr=14555&x-expires=1752944400&x-signature=UK7silpjA5P%2BZ3FDow8GED6eatI%3D&t=4d5b0474&ps=13740610&shp=81f88b70&shcp=43f4a2f9&idc=my&ftpl=1,,169900.0,singing-and-dancing
https://www.tiktok.com/@kame_dance_studio/video/7525308578266189063,https://p9-sign-sg.tiktokcdn.com/tos-alisg-p-0037/ooDCff0vFgaVD1AIATqEA2CURBbFECZIobQvAB~tplv-photomode-zoomcover:480:480.jpeg?dr=14555&x-expires=1752944400&x-signature=P0KPbU9JsuIfCB52ys6LKHkCGFY%3D&t=4d5b0474&ps=13740610&shp=81f88b70&shcp=43f4a2f9&idc=my&ftpl=1,,124400.0,singing-and-dancing
https://www.tiktok.com/@ig.khalac248/video/7525101002387868946,https://p9-sign-sg.tiktokcdn.com/tos-alisg-p-0037/o8zRiYbNwO2IAI340xI9IWiLCvAuq0fhAdCQBC~tplv-photomode-zoomcover:480:480.jpeg?dr=14555&x-expires=1752944400&x-signature=Vw3DV4OyVmFavW1Jmy6u2vp8qOk%3D&t=4d5b0474&ps=13740610&shp=81f88b70&shcp=43f4a2f9&idc=my&ftpl=1,,285200.0,singing-and-dancing
https://www.tiktok.com/@xoaikhongchua_99/video/7526203667272191287,https://p16-sign.tiktokcdn-us.com/tos-useast5-p-0068-tx/oARa984A4JEB7BgmF9xVbIixUaioyhHsEc4Bv~tplv-photomode-zoomcover:480:480.jpeg?dr=14555&x-expires=1752944400&x-signature=Yo%2FajMpP3rOk%2Bdq6KSzxH7BwQD0%3D&t=4d5b0474&ps=13740610&shp=81f88b70&shcp=43f4a2f9&idc=my&ftpl=1,,287800.0,singing-and-dancing
https://www.tiktok.com/@phuongmychiofficial/video/7525669692564983061,https://p16-sign-sg.tiktokcdn.com/tos-alisg-p-0037/ooE4GelJEIe4QQEWPAQALEihI1rRAA7eDDnAuu~tplv-photomode-zoomcover:480:480.jpeg?dr=14555&x-expires=1752944400&x-signature=LxrPyLuXjIrkmwdkd0F3qoaM0wc%3D&t=4d5b0474&ps=13740610&shp=81f88b70&shcp=43f4a2f9&idc=my&ftpl=1,,396700.0,singing-and-dancing
https://www.tiktok.com/@tra.dang.904/video/7526913392037219592,https://p16-sign-sg.tiktokcdn.com/tos-alisg-p-0037/oUB8NfM8DGThFllRnpE7e7Qe0FQQXAxA5JGmeA~tplv-photomode-zoomcover:480:480.jpeg?dr=14555&x-expires=1752944400&x-signature=pnbIRRkzzdmEG9Qn6yaTk7KTNDc%3D&t=4d5b0474&ps=13740610&shp=81f88b70&shcp=43f4a2f9&idc=my&ftpl=1,,111500.0,singing-and-dancing
https://www.tiktok.com/@littlequanzz/video/7524968348375993608,https://p16-sign-sg.tiktokcdn.com/tos-alisg-p-0037/ocobB1vDIAgUCyvEEbAucBAkARFtsQff2gFD7E~tplv-photomode-zoomcover:480:480.jpeg?dr=14555&x-expires=1752944400&x-signature=JVMe6SlONqX2I%2BfVlnOHnuHJ%2FfE%3D&t=4d5b0474&ps=13740610&shp=81f88b70&shcp=43f4a2f9&idc=my&ftpl=1,,390400.0,singing-and-dancing
https://www.tiktok.com/@nguyt.oanh2/video/7525392742046911752,https://p16-sign-sg.tiktokcdn.com/tos-alisg-p-0037/oYvdwNBDTI0LidKQSqPAIljqN6bvkeCwAiAKlI~tplv-photomode-zoomcover:480:480.jpeg?dr=14555&x-expires=1752944400&x-signature=5GvRJ7whMypTL%2FaipAreTqJN2KE%3D&t=4d5b0474&ps=13740610&shp=81f88b70&shcp=43f4a2f9&idc=my&ftpl=1,,83900.0,singing-and-dancing
https://www.tiktok.com/@tippitivi/video/7525409031616335112,https://p16-sign-sg.tiktokcdn.com/tos-alisg-p-0037/oYIiSDBkIiAfIhANDQiqPnCBAx8xPIBv0c7Jwr~tplv-photomode-zoomcover:480:480.jpeg?dr=14555&x-expires=1752944400&x-signature=K3YCB2jdCTIEHVlo7YWjxI%2FCT%2Fo%3D&t=4d5b0474&ps=13740610&shp=81f88b70&shcp=43f4a2f9&idc=my&ftpl=1,,29300.0,singing-and-dancing
https://www.tiktok.com/@_hamykk/video/7525791049030110484,https://p9-sign-sg.tiktokcdn.com/tos-alisg-p-0037/oMXBXuLUgIJb8L1GfehRhGxFwgsWQPeeAA8LLG~tplv-photomode-zoomcover:480:480.jpeg?dr=14555&x-expires=1752944400&x-signature=obsThiqz6IDgVjXKsI2aI6z0Zvo%3D&t=4d5b0474&ps=13740610&shp=81f88b70&shcp=43f4a2f9&idc=my&ftpl=1,,152100.0,singing-and-dancing
https://www.tiktok.com/@kimanhne_36/video/7525671270936022290,https://p16-sign-sg.tiktokcdn.com/tos-alisg-p-0037/ocVE0jmiId9EUlcBWw7DfBmR2wAFD3IgEaDoIe~tplv-photomode-zoomcover:480:480.jpeg?dr=14555&x-expires=1752944400&x-signature=HSUjXyXDX%2F9hSh49S8puSZxWl7w%3D&t=4d5b0474&ps=13740610&shp=81f88b70&shcp=43f4a2f9&idc=my&ftpl=1,,162500.0,singing-and-dancing
https://www.tiktok.com/@dinhthiyenngoc_1998/video/7526919414717893896,https://p16-sign-sg.tiktokcdn.com/tos-alisg-p-0037/o40dDfqNEEHUQVfEpBogFBRpIHRPAnLajBY6GL~tplv-photomode-zoomcover:480:480.jpeg?dr=14555&x-expires=1752944400&x-signature=hY7BQpt3AcSugRtxGYVMANdIaB4%3D&t=4d5b0474&ps=13740610&shp=81f88b70&shcp=43f4a2f9&idc=my&ftpl=1,,30000.0,singing-and-dancing
https://www.tiktok.com/@uttho73_/video/7525354095784283399,https://p16-sign-sg.tiktokcdn.com/tos-alisg-p-0037/ooQ3Wwv2g8twCsAIgxBePDAeEjL3Foe1hAJGgI~tplv-photomode-zoomcover:480:480.jpeg?dr=14555&x-expires=1752944400&x-signature=Dt79TAOsk9yTqUUMsACipmLvY6g%3D&t=4d5b0474&ps=13740610&shp=81f88b70&shcp=43f4a2f9&idc=my&ftpl=1,,1100000.0,comedy
https://www.tiktok.com/@nguyenanhkiet9797/video/7525678356281445640,https://p9-sign-sg.tiktokcdn.com/tos-alisg-p-0037/oc9EUIlLgASiBNeRRFfKJoDB1CcakEE3JvtUBw~tplv-photomode-zoomcover:480:480.jpeg?dr=14555&x-expires=1752944400&x-signature=hrHzKA0czFz4rbz6CxJt62fX210%3D&t=4d5b0474&ps=13740610&shp=81f88b70&shcp=43f4a2f9&idc=my&ftpl=1,,95900.0,comedy
https://www.tiktok.com/@plxhvn2/video/7527389401337449741,https://p16-sign.tiktokcdn-us.com/tos-useast5-p-0068-tx/ok5KzOiBuAgqu2JNBJRtqKwEBfARiBAMjBA01I~tplv-photomode-zoomcover:480:480.jpeg?dr=14555&x-expires=1752944400&x-signature=EMxUKwuTB2mL5whsjNCpuKdEtds%3D&t=4d5b0474&ps=13740610&shp=81f88b70&shcp=43f4a2f9&idc=my&ftpl=1,,43200.0,comedy
https://www.tiktok.com/@dipquanne/video/7524545567163256082,https://p16-sign-sg.tiktokcdn.com/tos-alisg-p-0037/oYiPlEWANIYNAAlB9RAOrAFiBGByaBjlijJEs~tplv-photomode-zoomcover:480:480.jpeg?dr=14555&x-expires=1752944400&x-signature=evlTugeemKEzvwYG0L%2FeO7clGtA%3D&t=4d5b0474&ps=13740610&shp=81f88b70&shcp=43f4a2f9&idc=my&ftpl=1,,505600.0,comedy
https://www.tiktok.com/@generanews/video/7526020733185674504,https://p9-sign-sg.tiktokcdn.com/tos-alisg-p-0037/oYIjQADArlr4AeDQZFDvfkMRGd7EfEAAop53Es~tplv-photomode-zoomcover:480:480.jpeg?dr=14555&x-expires=1752944400&x-signature=Cc3Cs13m4KuxYOpno53ZOtyVBzg%3D&t=4d5b0474&ps=13740610&shp=81f88b70&shcp=43f4a2f9&idc=my&ftpl=1,,71600.0,comedy
https://www.tiktok.com/@nguynathu06/video/7525460882764107016,https://p16-sign-sg.tiktokcdn.com/tos-alisg-p-0037/oME4geCQDAvgi2jUKINaeRoAflIG3Lrx5gwnVI~tplv-photomode-zoomcover:480:480.jpeg?dr=14555&x-expires=1752944400&x-signature=ibOljLm9TOtha2t43aWqNE0OPl8%3D&t=4d5b0474&ps=13740610&shp=81f88b70&shcp=43f4a2f9&idc=my&ftpl=1,,186800.0,comedy
https://www.tiktok.com/@hangocyen1998/video/7525338250735635732,https://p9-sign-sg.tiktokcdn.com/tos-alisg-p-0037/oMAHvL5ru3f1GXKxje4CrTIeAoICDdUIoQlzIA~tplv-photomode-zoomcover:480:480.jpeg?dr=14555&x-expires=1752944400&x-signature=VW6VsraeBrtfNuBui0TTt3vGFfs%3D&t=4d5b0474&ps=13740610&shp=81f88b70&shcp=43f4a2f9&idc=my&ftpl=1,,28100.0,comedy
https://www.tiktok.com/@fiqblink/video/7526917304177741063,https://p16-sign-sg.tiktokcdn.com/tos-alisg-p-0037/oUfV9PnUdBBFcfcQOQL7yqA6UhtgtoqJDERpEz~tplv-photomode-zoomcover:480:480.jpeg?dr=14555&x-expires=1752944400&x-signature=eaNR3BJjWuj0Smo62BskxMbc4gE%3D&t=4d5b0474&ps=13740610&shp=81f88b70&shcp=43f4a2f9&idc=my&ftpl=1,,5400000.0,comedy
https://www.tiktok.com/@plxhvn2/video/7527004954737822990,https://p16-sign.tiktokcdn-us.com/tos-useast5-p-0068-tx/oYRy1ANcUSA6XEIoBdFfDCgErSoAslEeVADkCu~tplv-photomode-zoomcover:480:480.jpeg?dr=14555&x-expires=1752944400&x-signature=RyPScYs9l2PtC%2ByUZL%2Fk%2FSNrZhU%3D&t=4d5b0474&ps=13740610&shp=81f88b70&shcp=43f4a2f9&idc=my&ftpl=1,,58700.0,comedy
https://www.tiktok.com/@dong.thuydung/video/7526152907763272967,https://p16-sign-sg.tiktokcdn.com/tos-alisg-p-0037/owDyRofIcxjEERU2BAQacjOfKhigrFQDJ9UBOk~tplv-photomode-zoomcover:480:480.jpeg?dr=14555&x-expires=1752944400&x-signature=GQLXHxMnIMqat06BfRE%2Fx2EK2xU%3D&t=4d5b0474&ps=13740610&shp=81f88b70&shcp=43f4a2f9&idc=my&ftpl=1,,252800.0,comedy
https://www.tiktok.com/@anthonyngofficial/video/7526037708892933389,https://p16-sign.tiktokcdn-us.com/tos-useast5-p-0068-tx/okpcDf6AEEqSQytxQEogFBnjIaRdArIozD3yTe~tplv-photomode-zoomcover:480:480.jpeg?dr=14555&x-expires=1752944400&x-signature=EWBrg2YdLgrh1KrLnNwnfQCfPZA%3D&t=4d5b0474&ps=13740610&shp=81f88b70&shcp=43f4a2f9&idc=my&ftpl=1,,28800.0,comedy
https://www.tiktok.com/@namanhvt11/video/7526508458573614343,https://p16-sign-sg.tiktokcdn.com/tos-alisg-p-0037/ocaE2EwDgCACxQpFfAoRBAA0Irn6EcQe7luD3U~tplv-photomode-zoomcover:480:480.jpeg?dr=14555&x-expires=1752944400&x-signature=Sjpiv%2FobvADPt%2BA9A728Mt57RrI%3D&t=4d5b0474&ps=13740610&shp=81f88b70&shcp=43f4a2f9&idc=my&ftpl=1,,262500.0,comedy
https://www.tiktok.com/@saigonteu/video/7526121871910243602,https://p16-sign-sg.tiktokcdn.com/tos-alisg-p-0037/o0AJHQ4oBIBvRy49AJiAK5KfRBv50AAEiCwlBO~tplv-photomode-zoomcover:480:480.jpeg?dr=14555&x-expires=1752944400&x-signature=25H67Da9EbBHrHh40yv7rGiMgm8%3D&t=4d5b0474&ps=13740610&shp=81f88b70&shcp=43f4a2f9&idc=my&ftpl=1,,775500.0,comedy
https://www.tiktok.com/@longandaxua/video/7525040820915932423,https://p16-sign-sg.tiktokcdn.com/tos-alisg-p-0037/o03CUyNIBItUgu6UA8iGqiI6pAfQ05AIiKwYCN~tplv-photomode-zoomcover:480:480.jpeg?dr=14555&x-expires=1752944400&x-signature=gbIDx8ALFm%2B1lGv39vurav1GUII%3D&t=4d5b0474&ps=13740610&shp=81f88b70&shcp=43f4a2f9&idc=my&ftpl=1,,464100.0,comedy
https://www.tiktok.com/@color.life.1978/video/7524933293804915986,https://p16-sign-sg.tiktokcdn.com/tos-alisg-p-0037/oQtdEKsX8BAv7cAlAvi4AI0ABCHwqBlNIKfcti~tplv-photomode-zoomcover:480:480.jpeg?dr=14555&x-expires=1752944400&x-signature=aJ0pk%2F9UCgPSg9SArDDCnrd85Cs%3D&t=4d5b0474&ps=13740610&shp=81f88b70&shcp=43f4a2f9&idc=my&ftpl=1,,445700.0,comedy
https://www.tiktok.com/@dangthuhaf/video/7526770564367748360,https://p16-sign-sg.tiktokcdn.com/tos-alisg-p-0037/o8fIweORmASjGYGgJLUIApCo1D6LQfmiQ1uRjH~tplv-photomode-zoomcover:480:480.jpeg?dr=14555&x-expires=1752944400&x-signature=WvZvrMIsFeBfk8I1EV5oshe%2Fvo8%3D&t=4d5b0474&ps=13740610&shp=81f88b70&shcp=43f4a2f9&idc=my&ftpl=1,,756900.0,comedy
https://www.tiktok.com/@huy.trn/video/7525438568932723975,https://p9-sign-sg.tiktokcdn.com/tos-alisg-p-0037/oo0NBxVuIAeTBhoCEhAvdAAOAIioSKPk3wPB6i~tplv-photomode-zoomcover:480:480.jpeg?dr=14555&x-expires=1752944400&x-signature=wE21EU%2FtymLwaCZithfaOBsajD8%3D&t=4d5b0474&ps=13740610&shp=81f88b70&shcp=43f4a2f9&idc=my&ftpl=1,,70000.0,comedy
https://www.tiktok.com/@bongtim96/video/7525450454621244679,https://p9-sign-sg.tiktokcdn.com/tos-alisg-p-0037/oo6dCfDrDDRQFmGIevEx4IIV3CoIsiKAfujZpA~tplv-photomode-zoomcover:480:480.jpeg?dr=14555&x-expires=1752944400&x-signature=S20fYOVGBNhcdBH18lzq9GuRyvs%3D&t=4d5b0474&ps=13740610&shp=81f88b70&shcp=43f4a2f9&idc=my&ftpl=1,,590700.0,comedy
https://www.tiktok.com/@chikhang0311/video/7526464253503524104,https://p16-sign-sg.tiktokcdn.com/tos-alisg-p-0037/oE610AeFo5QJgvjDInA1QoLIemQeaQmsGoDrCP~tplv-photomode-zoomcover:480:480.jpeg?dr=14555&x-expires=1752944400&x-signature=HOt1mjxKHftD6D8RsxKBWzG3DwU%3D&t=4d5b0474&ps=13740610&shp=81f88b70&shcp=43f4a2f9&idc=my&ftpl=1,,120700.0,comedy
https://www.tiktok.com/@nam.perdz/video/7526160652906384648,https://p16-sign-sg.tiktokcdn.com/tos-alisg-p-0037/o4GGknezAPzShLARXTfJAfQAIyQGlIGAG6DAet~tplv-photomode-zoomcover:480:480.jpeg?dr=14555&x-expires=1752944400&x-signature=Pp720zxezFOb52h%2BkP4H%2B3hJG0E%3D&t=4d5b0474&ps=13740610&shp=81f88b70&shcp=43f4a2f9&idc=my&ftpl=1,,181200.0,comedy
https://www.tiktok.com/@ttinflyou/video/7525105984809749767,https://p16-sign-sg.tiktokcdn.com/tos-alisg-p-0037/oUNbjtEIEDAQfm3fRjFouFteaAZjDIA7DCRjBq~tplv-photomode-zoomcover:480:480.jpeg?dr=14555&x-expires=1752944400&x-signature=f6fbCkEE7OOoXtsHa9Fw0SNJYFA%3D&t=4d5b0474&ps=13740610&shp=81f88b70&shcp=43f4a2f9&idc=my&ftpl=1,,144500.0,comedy
https://www.tiktok.com/@trangrung08/video/7526800954646105352,https://p16-sign-sg.tiktokcdn.com/tos-alisg-p-0037/ooaCB2H9SsB6ibGIrP0OyA0cELkIAPiYTVEKA~tplv-photomode-zoomcover:480:480.jpeg?dr=14555&x-expires=1752944400&x-signature=aeA0YSmEtXHgMAqmse1SB8F9E9E%3D&t=4d5b0474&ps=13740610&shp=81f88b70&shcp=43f4a2f9&idc=my&ftpl=1,,186400.0,comedy
