user_title,user_subtitle,avatar_url,counts,bio,links,username
_dieulinh16_,𝓓𝓲𝓮̣̂𝓾 𝓛𝓲𝓷𝓱,https://p16-sign-sg.tiktokcdn.com/tos-alisg-avt-0068/2f7fb902fa41c5a948a7b69a3700e58c~tplv-tiktokx-cropcenter:1080:1080.jpeg?dr=14579&refresh_token=9c4b4156&x-expires=1752944400&x-signature=jBgYl5A3Th7vKLFsCsLme0XrzNo%3D&t=4d5b0474&ps=13740610&shp=a5d48078&shcp=81f88b70&idc=my,"{'following': '122', 'followers': '3.7M', 'likes': '146.5M'}","Instagram : _dieulinh16_ 
📩 : forworkdieulinh@gmail.com","[{'url': 'https://www.tiktok.com/link/v2?aid=1988&lang=en&scene=bio_url&target=https%3A%2F%2Fbeacons.ai%2Fngdiuninh', 'text': 'beacons.ai/ngdiuninh'}]",_dieulinh16_
vang.thi.xoa0,Thị xoa .,https://p16-sign-sg.tiktokcdn.com/tos-alisg-avt-0068/91caa13e4ddcd944f5b2b54e147fb06a~tplv-tiktokx-cropcenter:1080:1080.jpeg?dr=14579&refresh_token=71c613d9&x-expires=1752944400&x-signature=TLvCcX01m3d5W3gcBoYSWpFT2F4%3D&t=4d5b0474&ps=13740610&shp=a5d48078&shcp=81f88b70&idc=my,"{'following': '179', 'followers': '26.4K', 'likes': '580.1K'}",".""chỉ hai từ đó là:follo .""
         ♥️🥰",[],vang.thi.xoa0
khanhlinhtran02,Khánh Linh FF 🎀,,"{'following': '71', 'followers': '1.1M', 'likes': '15.5M'}","Lhcv: i gờ : Klinh_m
Phụ @Linh Nước Ép 
 Cần acc uy tín giá rẻ vô đây nha👇🏼","[{'url': 'https://www.tiktok.com/link/v2?aid=1988&lang=en&scene=bio_url&target=https%3A%2F%2Fbeacons.ai%2Fkhanhlinhfff', 'text': 'beacons.ai/khanhlinhfff'}]",khanhlinhtran02
uyenan.h,Huỳnh Uyển Ân,https://p16-common-sign-useastred.tiktokcdn-eu.com/tos-useast2a-avt-0068-euttp/7336053438876221472~tplv-tiktokx-cropcenter:1080:1080.jpeg?dr=14579&refresh_token=83c89ce6&x-expires=1752944400&x-signature=5pEevI7bLXyegpnQWR5qS9MuisE%3D&t=4d5b0474&ps=13740610&shp=a5d48078&shcp=81f88b70&idc=my,"{'following': '14', 'followers': '492.3K', 'likes': '10M'}",Ở nhà tên Dánh ☺️,[],uyenan.h
lehoa1297,lehoa01021997,https://p16-sign-sg.tiktokcdn.com/tos-alisg-avt-0068/53825411f312537b027afca21fdc4e2d~tplv-tiktokx-cropcenter:1080:1080.jpeg?dr=14579&refresh_token=15d41121&x-expires=1752944400&x-signature=cdu4lNohqlhGyC%2F%2BxCG1bOXHdRs%3D&t=4d5b0474&ps=13740610&shp=a5d48078&shcp=81f88b70&idc=my,"{'following': '71', 'followers': '94.3K', 'likes': '935.9K'}","Nhận job - nhận pr sản phẩm 
Lh : 0365755704",[],lehoa1297
kame_dance_studio,Lớp Nhảy Kame Dance Studio 💃,https://p16-common-sign-useastred.tiktokcdn-eu.com/tos-useast2a-avt-0068-euttp/3ad4b3e5285d95ba418a89562d020ee6~tplv-tiktokx-cropcenter:1080:1080.jpeg?dr=14579&refresh_token=febc0d8a&x-expires=1752944400&x-signature=I%2BiRMjJR3U7FVT38ihmniYaYdS4%3D&t=4d5b0474&ps=13740610&shp=a5d48078&shcp=81f88b70&idc=my,"{'following': '2', 'followers': '12.3K', 'likes': '157.5K'}","Lớp học nhảy ở Quận 9 Thủ Đức, Online toàn quốc: 
Kame Dance Studio (fb)",[],kame_dance_studio
ig.khalac248,Lạc 🦦,https://p16-sign-sg.tiktokcdn.com/tos-alisg-avt-0068/0290cc79a97801d46f3304f23ab582c4~tplv-tiktokx-cropcenter:1080:1080.jpeg?dr=14579&refresh_token=0e9dd769&x-expires=1752944400&x-signature=9oNm%2Fg%2FhMn3ua16RuYUwGVSxDJQ%3D&t=4d5b0474&ps=13740610&shp=a5d48078&shcp=81f88b70&idc=my,"{'following': '81', 'followers': '994.4K', 'likes': '65.6M'}","For Work : Phamm86253@gmail.com📩
 ig: Khalac_248
Link sản phẩm🛒🎀
👇🏻👇🏻👇🏻","[{'url': 'https://www.tiktok.com/link/v2?aid=1988&lang=en&scene=bio_url&target=https%3A%2F%2Flinkbio.co%2F6042419bGfcEs', 'text': 'linkbio.co/6042419bGfcEs'}]",ig.khalac248
xoaikhongchua_99,Xoài không chua 🥭,https://p16-sign-va.tiktokcdn.com/tos-maliva-avt-0068/df6c3d805d074b068c479315a64a3461~tplv-tiktokx-cropcenter:1080:1080.jpeg?dr=14579&refresh_token=4cfa084b&x-expires=1752944400&x-signature=oHoA42bpgZoHG8zWWFyOTqMIQik%3D&t=4d5b0474&ps=13740610&shp=a5d48078&shcp=81f88b70&idc=my,"{'following': '1', 'followers': '2274', 'likes': '301.3K'}",Ở lại đây mình cùng quậy tung nóc 🤫,[],xoaikhongchua_99
phuongmychiofficial,Phương Mỹ Chi,https://p16-sign-sg.tiktokcdn.com/tos-alisg-avt-0068/b82e02f7d6728463f2ddb584b63b2ae9~tplv-tiktokx-cropcenter:1080:1080.jpeg?dr=14579&refresh_token=9e84d118&x-expires=1752944400&x-signature=r%2FurL9hPwDKgh4klklHfOIFMkxc%3D&t=4d5b0474&ps=13740610&shp=a5d48078&shcp=81f88b70&idc=my,"{'following': '151', 'followers': '4.5M', 'likes': '99.7M'}",📧 booking@vmasgroup.com,[],phuongmychiofficial
tra.dang.904,☘️Trà Đặng☘️,https://p16-sign-va.tiktokcdn.com/tos-maliva-avt-0068/f3dc33d68b524d07a0c64f56dd93fb75~tplv-tiktokx-cropcenter:1080:1080.jpeg?dr=14579&refresh_token=1d33ad91&x-expires=1752944400&x-signature=tzDhZnL0IbgODqhgDG4ucWVgE%2F8%3D&t=4d5b0474&ps=13740610&shp=a5d48078&shcp=81f88b70&idc=my,"{'following': '116', 'followers': '21.4M', 'likes': '487.6M'}","TikTok Creator 
📩: tra.dang.904@gmail.com
CEO Thương Hiệu @Trà Đặng Cosmetics","[{'url': 'https://www.tiktok.com/link/v2?aid=1988&lang=en&scene=bio_url&target=https%3A%2F%2Fwww.facebook.com%2FTra.Dang.990.NQD', 'text': 'www.facebook.com/Tra.Dang.990.NQD'}]",tra.dang.904
littlequanzz,con Cò đây,https://p16-sign-sg.tiktokcdn.com/tos-alisg-avt-0068/8409b292e79d5945a97caa588a45666d~tplv-tiktokx-cropcenter:1080:1080.jpeg?dr=14579&refresh_token=f70ab4ba&x-expires=1752944400&x-signature=I8nCdBo5L%2F9PkYPWTK%2Bkiac0XIg%3D&t=4d5b0474&ps=13740610&shp=a5d48078&shcp=81f88b70&idc=my,"{'following': '153', 'followers': '984.7K', 'likes': '38.5M'}","IG: Littlequanzzz
For work: 0901.761.828 (Ms. Lời Võ) 
Work.concoday@gmail.com",[],littlequanzz
nguyt.oanh2,Nguyệt oanh,https://p16-sign-sg.tiktokcdn.com/tos-alisg-avt-0068/fabcd7a1c3db294c194289d3567a01c5~tplv-tiktokx-cropcenter:1080:1080.jpeg?dr=14579&refresh_token=1dbfdcd2&x-expires=1752944400&x-signature=YdI4nBwbonSBGv0eP0da3ZMon3I%3D&t=4d5b0474&ps=13740610&shp=a5d48078&shcp=81f88b70&idc=my,"{'following': '193', 'followers': '10.2K', 'likes': '207.9K'}",No bio yet.,[],nguyt.oanh2
tippitivi,Tippi TV,https://p16-sign-va.tiktokcdn.com/tos-maliva-avt-0068/4ec02172e8af9cab5a35dbb700e12e16~tplv-tiktokx-cropcenter:1080:1080.jpeg?dr=14579&refresh_token=b0f11c44&x-expires=1752944400&x-signature=djvt19P17HP45disNwf82z3CIT8%3D&t=4d5b0474&ps=13740610&shp=a5d48078&shcp=81f88b70&idc=my,"{'following': '34', 'followers': '348.5K', 'likes': '2.7M'}",Anh thanh niên chưa trải sự đời,[],tippitivi
_hamykk,_trapgirl giải nghệ,,"{'following': '26', 'followers': '8285', 'likes': '239.4K'}",thích cái lạnh.,[],_hamykk
kimanhne_36,𝐊𝐚𝐧𝐡 𝐃𝐚̂𝐮𝐮 🍓,,"{'following': '226', 'followers': '1.2M', 'likes': '52.5M'}","Contact for work 
𝐈𝐠: 𝐤𝐚𝐧𝐡.𝐱𝐢𝐧𝐡𝐡𝟑𝟔 🍓
@𝓚𝓲𝓶 𝓐𝓷𝓱 🎀",[],kimanhne_36
dinhthiyenngoc_1998,Shop bé Ngọc chân voi,https://p16-sign-sg.tiktokcdn.com/tos-alisg-avt-0068/ad1e0c97bf46ea8ca85ad9008604cde3~tplv-tiktokx-cropcenter:1080:1080.jpeg?dr=14579&refresh_token=79d275c7&x-expires=1752944400&x-signature=%2FnIizmgszZuyONO1Td%2BkFkKeilo%3D&t=4d5b0474&ps=13740610&shp=a5d48078&shcp=81f88b70&idc=my,"{'following': '23', 'followers': '79.1K', 'likes': '288.1K'}",https://youtube.com/@ngocchanvoi?si=hYdXCuXPVi8Pd_lT,[],dinhthiyenngoc_1998
_dieulinh16_,𝓓𝓲𝓮̣̂𝓾 𝓛𝓲𝓷𝓱,https://p16-sign-sg.tiktokcdn.com/tos-alisg-avt-0068/2f7fb902fa41c5a948a7b69a3700e58c~tplv-tiktokx-cropcenter:1080:1080.jpeg?dr=14579&refresh_token=9c4b4156&x-expires=1752944400&x-signature=jBgYl5A3Th7vKLFsCsLme0XrzNo%3D&t=4d5b0474&ps=13740610&shp=a5d48078&shcp=81f88b70&idc=my,"{'following': '122', 'followers': '3.7M', 'likes': '146.5M'}","Instagram : _dieulinh16_ 
📩 : forworkdieulinh@gmail.com","[{'url': 'https://www.tiktok.com/link/v2?aid=1988&lang=en&scene=bio_url&target=https%3A%2F%2Fbeacons.ai%2Fngdiuninh', 'text': 'beacons.ai/ngdiuninh'}]",_dieulinh16_
vang.thi.xoa0,Thị xoa .,https://p16-sign-sg.tiktokcdn.com/tos-alisg-avt-0068/91caa13e4ddcd944f5b2b54e147fb06a~tplv-tiktokx-cropcenter:1080:1080.jpeg?dr=14579&refresh_token=71c613d9&x-expires=1752944400&x-signature=TLvCcX01m3d5W3gcBoYSWpFT2F4%3D&t=4d5b0474&ps=13740610&shp=a5d48078&shcp=81f88b70&idc=my,"{'following': '179', 'followers': '26.4K', 'likes': '580.1K'}",".""chỉ hai từ đó là:follo .""
         ♥️🥰",[],vang.thi.xoa0
khanhlinhtran02,Khánh Linh FF 🎀,,"{'following': '71', 'followers': '1.1M', 'likes': '15.5M'}","Lhcv: i gờ : Klinh_m
Phụ @Linh Nước Ép 
 Cần acc uy tín giá rẻ vô đây nha👇🏼","[{'url': 'https://www.tiktok.com/link/v2?aid=1988&lang=en&scene=bio_url&target=https%3A%2F%2Fbeacons.ai%2Fkhanhlinhfff', 'text': 'beacons.ai/khanhlinhfff'}]",khanhlinhtran02
uyenan.h,Huỳnh Uyển Ân,https://p16-common-sign-useastred.tiktokcdn-eu.com/tos-useast2a-avt-0068-euttp/7336053438876221472~tplv-tiktokx-cropcenter:1080:1080.jpeg?dr=14579&refresh_token=83c89ce6&x-expires=1752944400&x-signature=5pEevI7bLXyegpnQWR5qS9MuisE%3D&t=4d5b0474&ps=13740610&shp=a5d48078&shcp=81f88b70&idc=my,"{'following': '14', 'followers': '492.3K', 'likes': '10M'}",Ở nhà tên Dánh ☺️,[],uyenan.h
lehoa1297,lehoa01021997,https://p16-sign-sg.tiktokcdn.com/tos-alisg-avt-0068/53825411f312537b027afca21fdc4e2d~tplv-tiktokx-cropcenter:1080:1080.jpeg?dr=14579&refresh_token=15d41121&x-expires=1752944400&x-signature=cdu4lNohqlhGyC%2F%2BxCG1bOXHdRs%3D&t=4d5b0474&ps=13740610&shp=a5d48078&shcp=81f88b70&idc=my,"{'following': '71', 'followers': '94.3K', 'likes': '935.9K'}","Nhận job - nhận pr sản phẩm 
Lh : 0365755704",[],lehoa1297
kame_dance_studio,Lớp Nhảy Kame Dance Studio 💃,https://p16-common-sign-useastred.tiktokcdn-eu.com/tos-useast2a-avt-0068-euttp/3ad4b3e5285d95ba418a89562d020ee6~tplv-tiktokx-cropcenter:1080:1080.jpeg?dr=14579&refresh_token=febc0d8a&x-expires=1752944400&x-signature=I%2BiRMjJR3U7FVT38ihmniYaYdS4%3D&t=4d5b0474&ps=13740610&shp=a5d48078&shcp=81f88b70&idc=my,"{'following': '2', 'followers': '12.3K', 'likes': '157.5K'}","Lớp học nhảy ở Quận 9 Thủ Đức, Online toàn quốc: 
Kame Dance Studio (fb)",[],kame_dance_studio
ig.khalac248,Lạc 🦦,https://p16-sign-sg.tiktokcdn.com/tos-alisg-avt-0068/0290cc79a97801d46f3304f23ab582c4~tplv-tiktokx-cropcenter:1080:1080.jpeg?dr=14579&refresh_token=0e9dd769&x-expires=1752944400&x-signature=9oNm%2Fg%2FhMn3ua16RuYUwGVSxDJQ%3D&t=4d5b0474&ps=13740610&shp=a5d48078&shcp=81f88b70&idc=my,"{'following': '81', 'followers': '994.5K', 'likes': '65.6M'}","For Work : Phamm86253@gmail.com📩
 ig: Khalac_248
Link sản phẩm🛒🎀
👇🏻👇🏻👇🏻","[{'url': 'https://www.tiktok.com/link/v2?aid=1988&lang=en&scene=bio_url&target=https%3A%2F%2Flinkbio.co%2F6042419bGfcEs', 'text': 'linkbio.co/6042419bGfcEs'}]",ig.khalac248
xoaikhongchua_99,Xoài không chua 🥭,https://p16-sign-va.tiktokcdn.com/tos-maliva-avt-0068/df6c3d805d074b068c479315a64a3461~tplv-tiktokx-cropcenter:1080:1080.jpeg?dr=14579&refresh_token=4cfa084b&x-expires=1752944400&x-signature=oHoA42bpgZoHG8zWWFyOTqMIQik%3D&t=4d5b0474&ps=13740610&shp=a5d48078&shcp=81f88b70&idc=my,"{'following': '1', 'followers': '2275', 'likes': '301.4K'}",Ở lại đây mình cùng quậy tung nóc 🤫,[],xoaikhongchua_99
phuongmychiofficial,Phương Mỹ Chi,https://p9-sign-sg.tiktokcdn.com/tos-alisg-avt-0068/b82e02f7d6728463f2ddb584b63b2ae9~tplv-tiktokx-cropcenter:1080:1080.jpeg?dr=14579&refresh_token=214e8877&x-expires=1752944400&x-signature=nYOMjlAjESYD1qyHmWfLYpCZYfw%3D&t=4d5b0474&ps=13740610&shp=a5d48078&shcp=81f88b70&idc=my,"{'following': '151', 'followers': '4.5M', 'likes': '99.7M'}",📧 booking@vmasgroup.com,[],phuongmychiofficial
tra.dang.904,☘️Trà Đặng☘️,https://p16-sign-va.tiktokcdn.com/tos-maliva-avt-0068/f3dc33d68b524d07a0c64f56dd93fb75~tplv-tiktokx-cropcenter:1080:1080.jpeg?dr=14579&refresh_token=1d33ad91&x-expires=1752944400&x-signature=tzDhZnL0IbgODqhgDG4ucWVgE%2F8%3D&t=4d5b0474&ps=13740610&shp=a5d48078&shcp=81f88b70&idc=my,"{'following': '116', 'followers': '21.4M', 'likes': '487.6M'}","TikTok Creator 
📩: tra.dang.904@gmail.com
CEO Thương Hiệu @Trà Đặng Cosmetics","[{'url': 'https://www.tiktok.com/link/v2?aid=1988&lang=en&scene=bio_url&target=https%3A%2F%2Fwww.facebook.com%2FTra.Dang.990.NQD', 'text': 'www.facebook.com/Tra.Dang.990.NQD'}]",tra.dang.904
littlequanzz,con Cò đây,https://p16-sign-sg.tiktokcdn.com/tos-alisg-avt-0068/8409b292e79d5945a97caa588a45666d~tplv-tiktokx-cropcenter:1080:1080.jpeg?dr=14579&refresh_token=f70ab4ba&x-expires=1752944400&x-signature=I8nCdBo5L%2F9PkYPWTK%2Bkiac0XIg%3D&t=4d5b0474&ps=13740610&shp=a5d48078&shcp=81f88b70&idc=my,"{'following': '153', 'followers': '984.7K', 'likes': '38.5M'}","IG: Littlequanzzz
For work: 0901.761.828 (Ms. Lời Võ) 
Work.concoday@gmail.com",[],littlequanzz
nguyt.oanh2,Nguyệt oanh,https://p16-sign-sg.tiktokcdn.com/tos-alisg-avt-0068/fabcd7a1c3db294c194289d3567a01c5~tplv-tiktokx-cropcenter:1080:1080.jpeg?dr=14579&refresh_token=1dbfdcd2&x-expires=1752944400&x-signature=YdI4nBwbonSBGv0eP0da3ZMon3I%3D&t=4d5b0474&ps=13740610&shp=a5d48078&shcp=81f88b70&idc=my,"{'following': '193', 'followers': '10.2K', 'likes': '207.9K'}",No bio yet.,[],nguyt.oanh2
tippitivi,Tippi TV,https://p16-sign-va.tiktokcdn.com/tos-maliva-avt-0068/4ec02172e8af9cab5a35dbb700e12e16~tplv-tiktokx-cropcenter:1080:1080.jpeg?dr=14579&refresh_token=b0f11c44&x-expires=1752944400&x-signature=djvt19P17HP45disNwf82z3CIT8%3D&t=4d5b0474&ps=13740610&shp=a5d48078&shcp=81f88b70&idc=my,"{'following': '34', 'followers': '348.5K', 'likes': '2.7M'}",Anh thanh niên chưa trải sự đời,[],tippitivi
_hamykk,_trapgirl giải nghệ,,"{'following': '26', 'followers': '8285', 'likes': '239.4K'}",thích cái lạnh.,[],_hamykk
kimanhne_36,𝐊𝐚𝐧𝐡 𝐃𝐚̂𝐮𝐮 🍓,,"{'following': '226', 'followers': '1.2M', 'likes': '52.5M'}","Contact for work 
𝐈𝐠: 𝐤𝐚𝐧𝐡.𝐱𝐢𝐧𝐡𝐡𝟑𝟔 🍓
@𝓚𝓲𝓶 𝓐𝓷𝓱 🎀",[],kimanhne_36
dinhthiyenngoc_1998,Shop bé Ngọc chân voi,https://p16-sign-sg.tiktokcdn.com/tos-alisg-avt-0068/ad1e0c97bf46ea8ca85ad9008604cde3~tplv-tiktokx-cropcenter:1080:1080.jpeg?dr=14579&refresh_token=79d275c7&x-expires=1752944400&x-signature=%2FnIizmgszZuyONO1Td%2BkFkKeilo%3D&t=4d5b0474&ps=13740610&shp=a5d48078&shcp=81f88b70&idc=my,"{'following': '23', 'followers': '79.1K', 'likes': '288.1K'}",https://youtube.com/@ngocchanvoi?si=hYdXCuXPVi8Pd_lT,[],dinhthiyenngoc_1998
