user_title,user_subtitle,avatar_url,counts,bio,links,username
huongstore.06,Kem che khuyết điểm 🐰,,"{'following': 17, 'followers': 47700.0, 'likes': 3600000.0}","Kem che khuyết điểm ở đây
@Hương fashion 🐰","[{'url': 'https://www.tiktok.com/link/v2?aid=1988&lang=en&scene=bio_url&target=https%3A%2F%2Fwww.facebook.com%2Fshare%2F1ZzKSrBJ7f%2F%3Fmibextid%3DwwXIfr', 'text': 'www.facebook.com/share/1ZzKSrBJ7f/?mibextid=wwXIfr'}]",huongstore.06
ngcuong379,Bố Bé Mỡ,https://p16-sign-sg.tiktokcdn.com/tos-alisg-avt-0068/ba486e3faa5ece959575ced93a47213c~tplv-tiktokx-cropcenter:1080:1080.jpeg?dr=14579&refresh_token=78bb7a31&x-expires=1752944400&x-signature=2wP2683b1mNzPoOGv4oVVLEVoOI%3D&t=4d5b0474&ps=13740610&shp=a5d48078&shcp=81f88b70&idc=my,"{'following': 498, 'followers': 17700.0, 'likes': 1200000.0}",No bio yet.,[],ngcuong379
gianghomang247,GIANG HỒ MẠNG,https://p9-sign-sg.tiktokcdn.com/tos-alisg-avt-0068/f6489c9c9d9d98d22740d5c04343e697~tplv-tiktokx-cropcenter:1080:1080.jpeg?dr=14579&refresh_token=71de8f01&x-expires=1752944400&x-signature=%2FYb5dxGwKU5UZHdfH%2BDQH66%2F0GA%3D&t=4d5b0474&ps=13740610&shp=a5d48078&shcp=81f88b70&idc=my,"{'following': 0, 'followers': 76900.0, 'likes': 2500000.0}",No bio yet.,[],gianghomang247
phuonganhle305,Phanh nè🌸,https://p16-sign-sg.tiktokcdn.com/tos-alisg-avt-0068/bc4e26c63bcd87b682bc461c8abfbc5a~tplv-tiktokx-cropcenter:1080:1080.jpeg?dr=14579&refresh_token=bba5fb79&x-expires=1752944400&x-signature=72sGSrffjVwO%2BcuGC8%2BzTYRPBZw%3D&t=4d5b0474&ps=13740610&shp=a5d48078&shcp=81f88b70&idc=my,"{'following': 44, 'followers': 685600.0, 'likes': 37200000.0}","Dr for work 📨
IG: phuonganh8677

acc phụ: @phanhday06","[{'url': 'https://www.tiktok.com/link/v2?aid=1988&lang=en&scene=bio_url&target=https%3A%2F%2Fphuonganh23502.passio.eco', 'text': 'phuonganh23502.passio.eco'}]",phuonganhle305
luky889889,Hoàng Tử Đau đẻ,https://p16-sign-sg.tiktokcdn.com/tos-alisg-avt-0068/a0d5422851aa238d217b68b6f0423855~tplv-tiktokx-cropcenter:1080:1080.jpeg?dr=14579&refresh_token=e653fcee&x-expires=1752944400&x-signature=4uovRRWPp6KZLT9EcX54FVpDioM%3D&t=4d5b0474&ps=13740610&shp=a5d48078&shcp=81f88b70&idc=my,"{'following': 16, 'followers': 15600.0, 'likes': 908500.0}",Muốn Khởi nghiệp với máy đau đẻ :08694chín ko tám 8️⃣ hai,[],luky889889
vuhoangphuongnam,Vũ Hoàng Phương Nam,https://p16-sign-sg.tiktokcdn.com/tos-alisg-avt-0068/b49bf49e0f6cbd84fd522d7c28aa7bc5~tplv-tiktokx-cropcenter:1080:1080.jpeg?dr=14579&refresh_token=f60ec920&x-expires=1752944400&x-signature=8DW%2B29ZTLutUpXxWOapuI6%2FPQU0%3D&t=4d5b0474&ps=13740610&shp=a5d48078&shcp=81f88b70&idc=my,"{'following': 10, 'followers': 13000.0, 'likes': 1600000.0}",Sáng sky chiều đóm tối cầu lông 🏸🏸🏸,[],vuhoangphuongnam
haisanthanhvan,haisanthanhvan,https://p9-sign-sg.tiktokcdn.com/tos-alisg-avt-0068/1121a34111a295f61e8bf80a75804acb~tplv-tiktokx-cropcenter:1080:1080.jpeg?dr=14579&refresh_token=7647b117&x-expires=1752944400&x-signature=QcgCryNoMLsZYImiZrI15d4Vt0Q%3D&t=4d5b0474&ps=13740610&shp=a5d48078&shcp=81f88b70&idc=my,"{'following': 747, 'followers': 4018, 'likes': 326200.0}",https://www.facebook.com/share/1AbWitnhGA/?mibextid=wwXIfr,[],haisanthanhvan
plxhvn2,Tin Nóng Hàng Ngày,https://p16-sign-va.tiktokcdn.com/tos-maliva-avt-0068/dac88c1ce9d059dcc70d7144dfde9553~tplv-tiktokx-cropcenter:1080:1080.jpeg?dr=14579&refresh_token=a0438089&x-expires=1752944400&x-signature=LpqWbFsracN70923O9emxUnsbh8%3D&t=4d5b0474&ps=13740610&shp=a5d48078&shcp=81f88b70&idc=my,"{'following': 0, 'followers': 260399.99999999997, 'likes': 14100000.0}","Cập nhật tin tức pháp luật xã hội mới nhất, tin nóng thời sự hàng ngày #plxhvn",[],plxhvn2
dangvuongne,Đăng Vương.,https://p16-sign-sg.tiktokcdn.com/tos-alisg-avt-0068/62896939f5b5730b61ce0b8f9441ffb4~tplv-tiktokx-cropcenter:1080:1080.jpeg?dr=14579&refresh_token=db4a086c&x-expires=1752944400&x-signature=sJ84wL6T2xjy8tZqHPMqsdFrkXE%3D&t=4d5b0474&ps=13740610&shp=a5d48078&shcp=81f88b70&idc=my,"{'following': 5, 'followers': 9159, 'likes': 1000000.0}","Contact For Work: 0967.088.950☎️☎️☎️
Đồ mình dùng ở dưới 👇","[{'url': 'https://www.tiktok.com/link/v2?aid=1988&lang=en&scene=bio_url&target=https%3A%2F%2Fbeacons.ai%2Fdangvuong12', 'text': 'beacons.ai/dangvuong12'}]",dangvuongne
plxhvn2,Tin Nóng Hàng Ngày,https://p16-sign-va.tiktokcdn.com/tos-maliva-avt-0068/dac88c1ce9d059dcc70d7144dfde9553~tplv-tiktokx-cropcenter:1080:1080.jpeg?dr=14579&refresh_token=a0438089&x-expires=1752944400&x-signature=LpqWbFsracN70923O9emxUnsbh8%3D&t=4d5b0474&ps=13740610&shp=a5d48078&shcp=81f88b70&idc=my,"{'following': 0, 'followers': 260399.99999999997, 'likes': 14100000.0}","Cập nhật tin tức pháp luật xã hội mới nhất, tin nóng thời sự hàng ngày #plxhvn",[],plxhvn2
cobedotdiem,Chúa tể đồ,https://p16-sign-useast2a.tiktokcdn.com/tos-useast2a-avt-0068-giso/6ccf86250f92de46176d7ef343a951f8~tplv-tiktokx-cropcenter:1080:1080.jpeg?dr=14579&refresh_token=2acfc15e&x-expires=1752944400&x-signature=fbKzXjTTSljTOvt6UYIYxe80tnk%3D&t=4d5b0474&ps=13740610&shp=a5d48078&shcp=81f88b70&idc=my,"{'following': 0, 'followers': 618700.0, 'likes': 45000000.0}",Mấy món đồ trong trang mình đây nè,"[{'url': 'https://www.tiktok.com/link/v2?aid=1988&lang=en&scene=bio_url&target=https%3A%2F%2Flinktr.ee%2Fchuatedo', 'text': 'linktr.ee/chuatedo'}]",cobedotdiem
manxuatgia,Minh Anh Vương,,"{'following': 36, 'followers': 9384, 'likes': 529500.0}","Nhân phẩm của ẩm thực 😎
"" Kênh chính chủ duy nhất ""✅","[{'url': 'https://www.tiktok.com/link/v2?aid=1988&lang=en&scene=bio_url&target=https%3A%2F%2Fwww.facebook.com%2Fprofile.php%3Fid%3D61578193538575%26mibextid%3DwwXIfr%26mibextid%3DwwXIfr', 'text': 'www.facebook.com/profile.php?id=61578193538575&mibextid=wwXIfr&mibextid=wwXIfr'}]",manxuatgia
chanhvivu,Chanh Vivu,https://p16-sign-sg.tiktokcdn.com/tos-alisg-avt-0068/8b31ee3c6a333ccc7f0ed268905f85ee~tplv-tiktokx-cropcenter:1080:1080.jpeg?dr=14579&refresh_token=d2fc69eb&x-expires=1752944400&x-signature=%2BdzP1dVK5WMqkHO3Ld1f19VEOu4%3D&t=4d5b0474&ps=13740610&shp=a5d48078&shcp=81f88b70&idc=my,"{'following': 39, 'followers': 520500.0, 'likes': 10000000.0}","Contact for work 
booking.chanh@gmail.com
@Chanh Daily",[],chanhvivu
phucsyno96,Phúc Syno,https://p16-sign-useast2a.tiktokcdn.com/tos-useast2a-avt-0068-euttp/7316872561013784608~tplv-tiktokx-cropcenter:1080:1080.jpeg?dr=14579&refresh_token=f3c73a13&x-expires=1752944400&x-signature=ZzixLsfviH9xhaR1L%2Fbbm0Wboyw%3D&t=4d5b0474&ps=13740610&shp=a5d48078&shcp=81f88b70&idc=my,"{'following': 23, 'followers': 1200000.0, 'likes': 18800000.0}","Kênh Cảm Động Không Có Hề
👉 Lh Review - Xây kênh: 0896.405.582","[{'url': 'https://www.tiktok.com/link/v2?aid=1988&lang=en&scene=bio_url&target=https%3A%2F%2Fbeacons.page%2Fphucsyno', 'text': 'beacons.page/phucsyno'}]",phucsyno96
nottuman,Thập cẩm,https://p16-sign-va.tiktokcdn.com/tos-maliva-avt-0068/95dc58a158702c49401d18bcf43e0b20~tplv-tiktokx-cropcenter:1080:1080.jpeg?dr=14579&refresh_token=fe182b9d&x-expires=1752944400&x-signature=klVv44AnMNz6AdGgYYAKkM0dc0s%3D&t=4d5b0474&ps=13740610&shp=a5d48078&shcp=81f88b70&idc=my,"{'following': 165, 'followers': 4310, 'likes': 710300.0}","136 Sương Nguyệt Anh Phường Bến Thành 

Ig: sna.hood",[],nottuman
tranghieu0211,Chang Híu,https://p16-sign-va.tiktokcdn.com/tos-maliva-avt-0068/6cff5a328011cbec47a71dc088d63c2e~tplv-tiktokx-cropcenter:1080:1080.jpeg?dr=14579&refresh_token=0c87316a&x-expires=1752944400&x-signature=tjzD6Ey88JBlWj8EegCrGWyHLNM%3D&t=4d5b0474&ps=13740610&shp=a5d48078&shcp=81f88b70&idc=my,"{'following': 84, 'followers': 469600.0, 'likes': 23700000.0}","Chuyện tình iêu 7 năm 💕 IG: changhiuu
@usso.studio 
📩changhiu.work@gmail.com","[{'url': 'https://www.tiktok.com/link/v2?aid=1988&lang=en&scene=bio_url&target=https%3A%2F%2Fbeacons.ai%2Fchanghiu', 'text': 'beacons.ai/changhiu'}]",tranghieu0211
namanhvt11,Cậu Bảy Quận 3 🦈,https://p16-sign-sg.tiktokcdn.com/tos-alisg-avt-0068/4673f4b55c9b233e153a70a291008642~tplv-tiktokx-cropcenter:1080:1080.jpeg?dr=14579&refresh_token=c324e87f&x-expires=1752944400&x-signature=CrWOFfzzpKqlIBrD5A6%2Bl3Zndsw%3D&t=4d5b0474&ps=13740610&shp=a5d48078&shcp=81f88b70&idc=my,"{'following': 58, 'followers': 1400000.0, 'likes': 47200000.0}",📩 caubayquan3.work@gmail.com,[],namanhvt11
bstuanduong.official.vn,Bác Sỹ Tuấn Dương,https://p16-common-sign-useastred.tiktokcdn-eu.com/tos-useast2a-avt-0068-euttp/7326491985815011360~tplv-tiktokx-cropcenter:1080:1080.jpeg?dr=14579&refresh_token=bfb1ab95&x-expires=1752944400&x-signature=%2BM59OoX0TzBQOlesq0Joytyg06g%3D&t=4d5b0474&ps=13740610&shp=a5d48078&shcp=81f88b70&idc=my,"{'following': 2307, 'followers': 311000.0, 'likes': 8100000.0}","Phẫu thuật thẩm mỹ Đại Học Y Hà Nội
Hotline: 0962.886.656
Cơ sở : Hà Nội-Sài Gòn","[{'url': 'https://www.tiktok.com/link/v2?aid=1988&lang=en&scene=bio_url&target=beacons.ai%2Fbstuanduong', 'text': 'beacons.ai/bstuanduong'}]",bstuanduong.official.vn
letuankhang2002,Lê Tuấn Khang,https://p16-sign-sg.tiktokcdn.com/tos-alisg-avt-0068/ff378af39120d4eb668eef664f92098a~tplv-tiktokx-cropcenter:1080:1080.jpeg?dr=14579&refresh_token=0f5a9cab&x-expires=1752944400&x-signature=F7gl9em8V6T%2BPyIEhNjK9tnolUo%3D&t=4d5b0474&ps=13740610&shp=a5d48078&shcp=81f88b70&idc=my,"{'following': 3, 'followers': 13300000.0, 'likes': 133699999.99999999}","Cuộc sống ở quê em, yên bình và giản dị!","[{'url': 'https://www.tiktok.com/link/v2?aid=1988&lang=en&scene=bio_url&target=https%3A%2F%2Fwww.facebook.com%2Fkhang.letuan.90260', 'text': 'www.facebook.com/khang.letuan.90260'}]",letuankhang2002
khanhlinhtran02,Khánh Linh FF 🎀,,"{'following': 71, 'followers': 1100000.0, 'likes': 15500000.0}","Lhcv: i gờ : Klinh_m
Phụ @Linh Nước Ép 
 Cần acc uy tín giá rẻ vô đây nha👇🏼","[{'url': 'https://www.tiktok.com/link/v2?aid=1988&lang=en&scene=bio_url&target=https%3A%2F%2Fbeacons.ai%2Fkhanhlinhfff', 'text': 'beacons.ai/khanhlinhfff'}]",khanhlinhtran02
user33951549420561,Kiwi,https://p16-sign-va.tiktokcdn.com/tos-maliva-avt-0068/d86a4eb54cc48875c8b60ffc11e3b2e1~tplv-tiktokx-cropcenter:1080:1080.jpeg?dr=14579&refresh_token=a5d1168b&x-expires=1752944400&x-signature=rhzXmLEVIZ2PTm%2FAS6nTGEx69L8%3D&t=4d5b0474&ps=13740610&shp=a5d48078&shcp=81f88b70&idc=my,"{'following': 3, 'followers': 343000.0, 'likes': 2900000.0}",No bio yet.,[],user33951549420561
splivetinnong.com,𝐒𝐏𝐋𝐈𝐕𝐄 𝐓𝐢𝐧 𝐍𝐨́𝐧𝐠,https://p16-sign-sg.tiktokcdn.com/tos-alisg-avt-0068/fbfa5d5f72fdbe6c22ddd833475e8322~tplv-tiktokx-cropcenter:1080:1080.jpeg?dr=14579&refresh_token=f9c2b399&x-expires=1752944400&x-signature=iLvvBPs8o1S1CUWx%2BTPDviangtg%3D&t=4d5b0474&ps=13740610&shp=a5d48078&shcp=81f88b70&idc=my,"{'following': 0, 'followers': 22900.0, 'likes': 368200.0}",No bio yet.,[],splivetinnong.com
xuanhoansev,Xuân Hoàn,https://p9-sign-sg.tiktokcdn.com/tos-alisg-avt-0068/7322066897062526977~tplv-tiktokx-cropcenter:1080:1080.jpeg?dr=14579&refresh_token=508b80e8&x-expires=1752944400&x-signature=zDXHgh9QG5tgbqKstPKvKqDsTAs%3D&t=4d5b0474&ps=13740610&shp=a5d48078&shcp=81f88b70&idc=my,"{'following': 721, 'followers': 5320, 'likes': 128100.0}",Ăn chơi có tổ chức,[],xuanhoansev
