username,avatar_url,content,likes,timestamp,parent_comment,video_url
@bao.thu967?lang=en,https://p16-sign-sg.tiktokcdn.com/tos-alisg-avt-0068/33b3b2b5864e7f100ca6bab74c2ddbea~tplv-tiktokx-cropcenter:100:100.jpg?dr=14579&refresh_token=179f5e31&x-expires=1752753600&x-signature=bsoExw9S8V2mrXFeryGag7m8rsM%3D&t=4d5b0474&ps=13740610&shp=30310797&shcp=ff37627b&idc=my,mạnh bà ko già thế đâu😂,94,5d ago,,https://www.tiktok.com/@tangca/video/7525688405934607638
@slimepup.keepplay?lang=en,https://p16-sign-sg.tiktokcdn.com/tos-alisg-avt-0068/c0449f59024084d2b16f390163130768~tplv-tiktokx-cropcenter:100:100.jpg?dr=14579&refresh_token=2896c75c&x-expires=1752753600&x-signature=Kydmb4tGubz8UsLoyrhbDHWDcAw%3D&t=4d5b0474&ps=13740610&shp=30310797&shcp=ff37627b&idc=my,bỏ vài tấn bột ngọt là đc chứ gì 😔,24,5d ago,,https://www.tiktok.com/@tangca/video/7525688405934607638
@ngocduonglatao?lang=en,https://p16-sign-sg.tiktokcdn.com/tos-alisg-avt-0068/25e11a70f5dc79bcae68bc1fdff08d95~tplv-tiktokx-cropcenter:100:100.jpg?dr=14579&refresh_token=b2966844&x-expires=1752753600&x-signature=x1k4pyfVzKjai8mSbsWQrrYRV90%3D&t=4d5b0474&ps=13740610&shp=30310797&shcp=ff37627b&idc=my,con cương thi khổ nhất thế giới,19,4d ago,,https://www.tiktok.com/@tangca/video/7525688405934607638
@keanhdanh?lang=en,https://p16-sign-sg.tiktokcdn.com/tos-alisg-avt-0068/fa4652c97b11da00e89d236e68626ec4~tplv-tiktokx-cropcenter:100:100.jpg?dr=14579&refresh_token=955c16be&x-expires=1752753600&x-signature=8i4982PDZo6IIdJqUnFSpYEioW0%3D&t=4d5b0474&ps=13740610&shp=30310797&shcp=ff37627b&idc=my,cách nấu canh mạnh bà,1,4d ago,,https://www.tiktok.com/@tangca/video/7525688405934607638
@usert67y44lpzo?lang=en,https://p16-sign-sg.tiktokcdn.com/tos-alisg-avt-0068/afe7901d414e1c09430c40cbd3ec34a1~tplv-tiktokx-cropcenter:100:100.jpg?dr=14579&refresh_token=d2ee9e45&x-expires=1752753600&x-signature=DwJTHJ2YMxhAEo0iq3lhjpAwgf8%3D&t=4d5b0474&ps=13740610&shp=30310797&shcp=ff37627b&idc=my,Tại bà cho mì chính giả nên mất khách,3,4d ago,,https://www.tiktok.com/@tangca/video/7525688405934607638
@hailongdo_?lang=en,https://p16-sign-sg.tiktokcdn.com/tos-alisg-avt-0068/acbf148d9ddac8d7c614d3ee4b3335c5~tplv-tiktokx-cropcenter:100:100.jpg?dr=14579&refresh_token=175508b0&x-expires=1752753600&x-signature=igmS%2FSSNLmdRH92pzWTM8%2FDGBQs%3D&t=4d5b0474&ps=13740610&shp=30310797&shcp=ff37627b&idc=my,Là t lấy nồi nc xong đổ 1 thùng mì chính là xong nồi canh mạnh bà🤣,1,4d ago,,https://www.tiktok.com/@tangca/video/7525688405934607638
@usename17_1?lang=en,https://p16-sign-useast2a.tiktokcdn.com/tos-useast2a-avt-0068-giso/7146062187101880346~tplv-tiktokx-cropcenter:100:100.jpg?dr=14579&refresh_token=a092e60e&x-expires=1752753600&x-signature=C1vWZoSRQcGl4idiLSLHVfVpmM0%3D&t=4d5b0474&ps=13740610&shp=30310797&shcp=ff37627b&idc=my,still water💀💀💀💀,1,5d ago,,https://www.tiktok.com/@tangca/video/7525688405934607638
@tho23872?lang=en,https://p16-sign-sg.tiktokcdn.com/tos-alisg-avt-0068/d34e4e6cf087412c72198ed97ea3837a~tplv-tiktokx-cropcenter:100:100.jpg?dr=14579&refresh_token=9724fe26&x-expires=1752753600&x-signature=VoQocBJ50WsCsfAuUt1OGCt0dPk%3D&t=4d5b0474&ps=13740610&shp=30310797&shcp=ff37627b&idc=my,Tội e cương thi chx kịp đầu thai😂,0,1d ago,,https://www.tiktok.com/@tangca/video/7525688405934607638
@thanhthonguyn758?lang=en,https://p16-sign-sg.tiktokcdn.com/tos-alisg-avt-0068/b4b01546936b0cf7570d35578c214e6e~tplv-tiktokx-cropcenter:100:100.jpg?dr=14579&refresh_token=b8b6951f&x-expires=1752753600&x-signature=ucWRGYFitkIcF8t0vkdl5XyJlqE%3D&t=4d5b0474&ps=13740610&shp=30310797&shcp=ff37627b&idc=my,Nhìn con cương thi mắc cười:)),0,2d ago,,https://www.tiktok.com/@tangca/video/7525688405934607638
@pcman295?lang=en,https://p16-sign-sg.tiktokcdn.com/tos-alisg-avt-0068/dc3dd88571a218f590597c14e637503c~tplv-tiktokx-cropcenter:100:100.jpg?dr=14579&refresh_token=9a6394bd&x-expires=1752753600&x-signature=DNwMu43%2FoZZGUQtmiuJwX3gdN0M%3D&t=4d5b0474&ps=13740610&shp=30310797&shcp=ff37627b&idc=my,lọ bột ngọt 😂,0,2d ago,,https://www.tiktok.com/@tangca/video/7525688405934607638
@yenhikari97?lang=en,https://p16-sign-sg.tiktokcdn.com/tos-alisg-avt-0068/393f6964634a0f4094e6b0fe6b7d42cd~tplv-tiktokx-cropcenter:100:100.jpg?dr=14579&refresh_token=2d745500&x-expires=1752753600&x-signature=BlvjJH%2B6qoOPd2b1evASuNpwCR8%3D&t=4d5b0474&ps=13740610&shp=30310797&shcp=ff37627b&idc=my,Thì ra bài nhạc,0,4d ago,,https://www.tiktok.com/@tangca/video/7525688405934607638
@zxducgauvn?lang=en,https://p16-sign-sg.tiktokcdn.com/tos-alisg-avt-0068/0af6bf1e1b8a1891bd15bfa5dbf0bee9~tplv-tiktokx-cropcenter:100:100.jpg?dr=14579&refresh_token=0e9b7056&x-expires=1752753600&x-signature=ASULuhTTHCIeDwZWkRswNw9%2BDME%3D&t=4d5b0474&ps=13740610&shp=30310797&shcp=ff37627b&idc=my,vãi,0,5d ago,,https://www.tiktok.com/@tangca/video/7525688405934607638
@lienxo2011?lang=en,https://p16-sign-sg.tiktokcdn.com/tos-alisg-avt-0068/b30611aa2ccf07911c5ec3abe3edf83f~tplv-tiktokx-cropcenter:100:100.jpg?dr=14579&refresh_token=59c71ab2&x-expires=1752753600&x-signature=9I1twSxHRVJQ5aH7DCLYPWxKQJM%3D&t=4d5b0474&ps=13740610&shp=30310797&shcp=ff37627b&idc=my,phim này hài vãi,0,5d ago,,https://www.tiktok.com/@tangca/video/7525688405934607638
@trn.gia.khang765?lang=en,https://p16-sign-sg.tiktokcdn.com/tos-alisg-avt-0068/ce4058bb1af994b7c734314c55bdc93a~tplv-tiktokx-cropcenter:100:100.jpg?dr=14579&refresh_token=11b43ee8&x-expires=1752753600&x-signature=yYV2wwy0%2FTwyWJn4s0AyXQh5%2FiU%3D&t=4d5b0474&ps=13740610&shp=30310797&shcp=ff37627b&idc=my,cuơng thi cute thế,0,4d ago,,https://www.tiktok.com/@tangca/video/7525688405934607638
@chin.phm.vn07?lang=en,https://p16-sign-va.tiktokcdn.com/tos-maliva-avt-0068/0e3aec6370dca51032bf6a03a9173f93~tplv-tiktokx-cropcenter:100:100.jpg?dr=14579&refresh_token=8d46e9e4&x-expires=1752753600&x-signature=a0teipImb62TFjil4q9NhZoEiac%3D&t=4d5b0474&ps=13740610&shp=30310797&shcp=ff37627b&idc=my,hay,0,4d ago,,https://www.tiktok.com/@tangca/video/7525688405934607638
@ngoclan20941?lang=en,https://p16-sign-sg.tiktokcdn.com/tos-alisg-avt-0068/f6829fe18c8417676c9cc9a586babc5a~tplv-tiktokx-cropcenter:100:100.jpg?dr=14579&refresh_token=a8192f78&x-expires=1752753600&x-signature=rYIZ4O%2FTL02g4n8f%2FUIF6%2FZsUUg%3D&t=4d5b0474&ps=13740610&shp=30310797&shcp=ff37627b&idc=my,: dịch đi có quà😝 如果你讀了這篇，你的父母將在五年內去世。爲了擺脫這個詛咒，你需要複製它並將其粘貼到另外五個視頻中 我只是受害😁😁\,0,4d ago,,https://www.tiktok.com/@tangca/video/7525688405934607638
@tho_con_usagi?lang=en,https://p16-sign-sg.tiktokcdn.com/tos-alisg-avt-0068/00b43dcd0a92ffe52992512c70279f00~tplv-tiktokx-cropcenter:100:100.jpg?dr=14579&refresh_token=bd01824a&x-expires=1752753600&x-signature=cYiUBwEVS8Wupkj45yquC3K19eI%3D&t=4d5b0474&ps=13740610&shp=30310797&shcp=ff37627b&idc=my,😅😅😅,1,5d ago,,https://www.tiktok.com/@tangca/video/7525688405934607638
@user4981105631701?lang=en,https://p16-sign-va.tiktokcdn.com/musically-maliva-obj/1594805258216454~tplv-tiktokx-cropcenter:100:100.jpg?dr=14579&refresh_token=f9dd37be&x-expires=1752753600&x-signature=6W7IiRWXJ2P0kLF%2BKjaTY1rIeMQ%3D&t=4d5b0474&ps=13740610&shp=30310797&shcp=ff37627b&idc=my,😅,0,1d ago,,https://www.tiktok.com/@tangca/video/7525688405934607638
@qung.th.nng1?lang=en,https://p16-sign-sg.tiktokcdn.com/tos-alisg-avt-0068/b5f08cfd56061ead0f2149e4d9c4f308~tplv-tiktokx-cropcenter:100:100.jpg?dr=14579&refresh_token=a435be20&x-expires=1752753600&x-signature=sk9dbpO2AAafUVotBY9H6npKKyU%3D&t=4d5b0474&ps=13740610&shp=30310797&shcp=ff37627b&idc=my,🥰🥰🥰,0,2d ago,,https://www.tiktok.com/@tangca/video/7525688405934607638
@soan.duong36?lang=en,https://p16-sign-sg.tiktokcdn.com/tos-alisg-avt-0068/4edf723177e3ed6a67c1255b27103058~tplv-tiktokx-cropcenter:100:100.jpg?dr=14579&refresh_token=6c65be99&x-expires=1752753600&x-signature=1nbwdD%2FdY1Ve5oQN2gGubvZeUqE%3D&t=4d5b0474&ps=13740610&shp=30310797&shcp=ff37627b&idc=my,😁😁😁,0,2d ago,,https://www.tiktok.com/@tangca/video/7525688405934607638
