author,time_published,description,hashtags,music,engagement,video_url
"{'username': 'huongstore.06', 'nickname': 'Kem che khuyết điểm 🐰'}",5d ago,Bùn vậy,"['#kemchekhuyetdiem', '#chekhuyetdiemxuatsac', '#kemtrangda', '#xuhuongtiktok', '#chekhuyetdiem', '#kemchexam', '#nangtone']","{'title': 'Hoa Sa Đéc - 𝓑𝓸̂𝓷𝓰  🌻', 'link': '/music/Hoa-Sa-Đéc-6998407967250975514'}","{'likes': '729.1K', 'comments': '8266', 'shares': '27.6K'}",https://www.tiktok.com/@huongstore.06/video/7525692408676224272
"{'username': 'ngcuong379', 'nickname': 'Bố Bé Mỡ'}",1w ago,,['@Hà Phượng'],"{'title': 'nhạc nền - Too và những chiếc quần 👖 - Tô Nam Anh 🍀', 'link': '/music/nhạc-nền-Too-và-những-chiếc-quần-👖-7102354851752971035'}","{'likes': '1M', 'comments': '12.7K', 'shares': '468.3K'}",https://www.tiktok.com/@ngcuong379/video/7524911077809786128
"{'username': 'dipquanne', 'nickname': 'Dịp Quân'}",7-8,Né cái tay gặp ngay cái cột,['#couple'],"{'title': 'nhạc nền  - Dịp Quân', 'link': '/music/nhạc-nền-Dịp-Quân-7524545593814469392'}","{'likes': '493.9K', 'comments': '8278', 'shares': '148.4K'}",https://www.tiktok.com/@dipquanne/video/7524545567163256082
"{'username': 'phuonganhle305', 'nickname': 'Phanh nè🌸'}",6d ago,Ai đó hỏi 1 năm qua tôi đã cố gắng như nào 😙,['#fyp'],"{'title': 'nhạc nền  - Phanh nè🌸', 'link': '/music/nhạc-nền-Phanh-nè🌸-7525266232291904257'}","{'likes': '836.7K', 'comments': '3368', 'shares': '50.6K'}",https://www.tiktok.com/@phuonganhle305/video/7525261051865304338
"{'username': 'luky889889', 'nickname': 'Hoàng Tử Đau đẻ'}",5d ago,trải nghiệm cảm giác đau đẻ tại chợ đêm sapa,[],"{'title': 'nhạc nền - 𝓐𝓒𝓱𝓲 🍀 - Khéo tay hay làm 🐿', 'link': '/music/nhạc-nền-𝓐𝓒𝓱𝓲-🍀-7275724550921718529'}","{'likes': '454.9K', 'comments': '11.4K', 'shares': '220.6K'}",https://www.tiktok.com/@luky889889/video/7525659423247846663
"{'username': 'plxhvn2', 'nickname': 'Tin Nóng Hàng Ngày'}",7-7,Xe 04 đẳng cấp thật 😂,"['#giaothong', '#thibanglaixemay', '#phunu', '#haihuoc', '#vuive', '#vuinhon', '#haha', '#plxhvn', '#phapluatxahoi']","{'title': 'nhạc nền  - Tin Nóng Hàng Ngày', 'link': '/music/nhạc-nền-Tin-Nóng-Hàng-Ngày-7524219161837407031'}","{'likes': '138.2K', 'comments': '2006', 'shares': '19.3K'}",https://www.tiktok.com/@plxhvn2/video/7524219031616900366
"{'username': 'nottuman', 'nickname': 'Thập cẩm'}",1w ago,Bơ dừa cà hê 🫰🏽🫰🏽,"['#xuhuong', '#dilamcogivui', '#viral', '#nhanvien', '#congcaphe', '#quan1angi', '#caphe', '#2025', '#fyp']","{'title': 'nhạc nền - Còn thở là content - Rì Viu Cho Vui', 'link': '/music/nhạc-nền-Còn-thở-là-content-7484853097924201232'}","{'likes': '579.3K', 'comments': '6008', 'shares': '435.7K'}",https://www.tiktok.com/@nottuman/video/7524969271366077704
"{'username': 'plxhvn2', 'nickname': 'Tin Nóng Hàng Ngày'}",1w ago,Thợ làm cửa ẩu quá 😨,"['#tainan', '#mayman', '#tintuc', '#plxhvn', '#phapluatxahoi']","{'title': 'nhạc nền  - Tin Nóng Hàng Ngày', 'link': '/music/nhạc-nền-Tin-Nóng-Hàng-Ngày-7524805609854700343'}","{'likes': '49.1K', 'comments': '1100', 'shares': '2214'}",https://www.tiktok.com/@plxhvn2/video/7524805462311636238
"{'username': 'sapgaobaobao', 'nickname': 'Sạp Gạo Bảo Bảo'}",7-6,Trả lời,"['@thuquynh887', '#phatla', '#degrey', '#vualidon']","{'title': 'nhạc nền  - Sạp Gạo Bảo Bảo', 'link': '/music/nhạc-nền-Sạp-Gạo-Bảo-Bảo-7523913522577705744'}","{'likes': '328.4K', 'comments': '4863', 'shares': '62.3K'}",https://www.tiktok.com/@sapgaobaobao/video/7523908343476325650
"{'username': 'chanhvivu', 'nickname': 'Chanh Vivu'}",1w ago,Nghĩ thôi đã buồn rồi,['#chanhvivu'],"{'title': 'nhạc nền  - Chanh Vivu', 'link': '/music/nhạc-nền-Chanh-Vivu-7525009836984044289'}","{'likes': '1.3M', 'comments': '15.3K', 'shares': '421.2K'}",https://www.tiktok.com/@chanhvivu/video/7525009772878236944
"{'username': 'dramin.vn', 'nickname': 'DRAMIN'}",7-8,Nguyên tắc của người đàn ông giả gái: Mỗi khi khách đến nhà chơi đều phải xách theo một món quà nhỏ,['#khaunghiep'],"{'title': 'nhạc nền  - DRAMIN', 'link': '/music/nhạc-nền-DRAMIN-7524640562919459600'}","{'likes': '200.1K', 'comments': '3937', 'shares': '64.3K'}",https://www.tiktok.com/@dramin.vn/video/7524640519792708882
"{'username': 'dangvuongne', 'nickname': 'Đăng Vương.'}",1w ago,Mũi khoan tình yêu,"['#dangvuong', '#couple', '#xuhuong', '#fyp']","{'title': 'nhạc nền  - Đăng Vương.', 'link': '/music/nhạc-nền-Đăng-Vương-7524945423748975361'}","{'likes': '381.1K', 'comments': '4490', 'shares': '150.9K'}",https://www.tiktok.com/@dangvuongne/video/7524945396729138440
"{'username': 'gianghomang247', 'nickname': 'GIANG HỒ MẠNG'}",3d ago,một sự nhịn chính sự lành ok người ae,"['#tuanhung', '#tienbry', '#tiengbipbibat', '#huanhoahongbibat', '#huanhoahong', '#tungmit', '#chauvietcuong', '#duymanh', '#dungtroc', '#hiepden', '#thohatduymanh', '#kinggroup', '#nguyenphuonghang', '#duthien', '#casiduthien', '#giangho', '#chuyengiangho', '#tuanthanden', '#khabanh', '#gianghomang', '#gianghomang247']","{'title': 'nhạc nền  - GIANG HỒ MẠNG', 'link': '/music/nhạc-nền-GIANG-HỒ-MẠNG-7526530419588958993'}","{'likes': '269.3K', 'comments': '5710', 'shares': '15.4K'}",https://www.tiktok.com/@gianghomang247/video/7526530375674268936
"{'username': 'plxhvn2', 'nickname': 'Tin Nóng Hàng Ngày'}",5d ago,Em bước xuống xe tự tin như 1 nữ thần 😂,"['#giaothong', '#phunu', '#vanhoagiaothong', '#luatgiaothong', '#plxhvn', '#phapluatxahoi']","{'title': 'nhạc nền  - Tin Nóng Hàng Ngày', 'link': '/music/nhạc-nền-Tin-Nóng-Hàng-Ngày-7525684353989446414'}","{'likes': '89.8K', 'comments': '3495', 'shares': '2974'}",https://www.tiktok.com/@plxhvn2/video/7525684266093612302
"{'username': 'pth_.69', 'nickname': 'Fuong Thah'}",6-24,dạ khó quá chị,"['#blockblast', '#hungrystudio', '#blockblastlove']","{'title': 'nhạc nền - Tóc dài niền răn - Tuấn nuôi tóc dài lại', 'link': '/music/nhạc-nền-Tóc-dài-niền-răn-7491221944923147025'}","{'likes': '431.3K', 'comments': '1857', 'shares': '79.1K'}",https://www.tiktok.com/@pth_.69/video/7519361838459391239
"{'username': 'cobedotdiem', 'nickname': 'Chúa tể đồ'}",5d ago,Vẫn chưa hình dung được mặc kiểu gì,[],"{'title': 'nhạc nền  - Minh Huy🐭', 'link': '/music/nhạc-nền-Minh-Huy🐭-7519792108790663937'}","{'likes': '111.3K', 'comments': '2002', 'shares': '73.9K'}",https://www.tiktok.com/@cobedotdiem/video/7525628277034126610
"{'username': 'phucsyno96', 'nickname': 'Phúc Syno'}",6d ago,Ai bị liệu mới hiểu...,"['#phucsyno', '#syno']","{'title': 'nhạc nền  - Phúc Syno', 'link': '/music/nhạc-nền-Phúc-Syno-7525323542834596625'}","{'likes': '439.1K', 'comments': '10.2K', 'shares': '173.3K'}",https://www.tiktok.com/@phucsyno96/video/7525323493693607175
"{'username': 'dienvienmanhtruong', 'nickname': 'Nguyen Manh Truong'}",7-8,Cậu đang ngủ trưa thì cứ trend với chủng🥴😂🤣,[],"{'title': 'nhạc nền  - Nguyen Manh Truong', 'link': '/music/nhạc-nền-Nguyen-Manh-Truong-7524568147618876177'}","{'likes': '397K', 'comments': '2824', 'shares': '8118'}",https://www.tiktok.com/@dienvienmanhtruong/video/7524568092278607122
"{'username': 'manxuatgia', 'nickname': 'Minh Anh Vương'}",4d ago,Rất là vấn vở nhé =)) người Hà Lội là ko có vào đây bao giờ,"['#minhanhvuong', '#xuhướng', '#ancungtiktok']","{'title': 'nhạc nền  - Minh Anh Vương', 'link': '/music/nhạc-nền-Minh-Anh-Vương-7526056044771855120'}","{'likes': '359.4K', 'comments': '4375', 'shares': '26.6K'}",https://www.tiktok.com/@manxuatgia/video/7526055974730222856
"{'username': 'tranghieu0211', 'nickname': 'Chang Híu'}",4d ago,Nuôi mãi k lớn,"['@Quỳnh Trang 🌷', '#changhiu', '#couple', '#fyp', '#xuhuong']","{'title': 'original sound - Cadel and Mia', 'link': '/music/original-sound-7498388102705056528'}","{'likes': '409.3K', 'comments': '1418', 'shares': '24.7K'}",https://www.tiktok.com/@tranghieu0211/video/7526051115180264712
"{'username': 'vang.thi.xoa0', 'nickname': 'Thị xoa .'}",7-8,,"['#tiktokindia', '#xhhhhhhhhhhhhhhhhhhhhhhh', '#😊😊']","{'title': 'nhạc nền  - Thị xoa .', 'link': '/music/nhạc-nền-Thị-xoa-7524602205152774929'}","{'likes': '143.1K', 'comments': '6030', 'shares': '18.5K'}",https://www.tiktok.com/@vang.thi.xoa0/video/7524602155630660871
"{'username': 'khanhlinhtran02', 'nickname': 'Khánh Linh FF 🎀'}",6-29,May là cũng hết bài=))),['#khanhlinhff'],"{'title': 'nhạc nền  - 🔮Tiểu Vyy🔮', 'link': '/music/nhạc-nền-🔮Tiểu-Vyy🔮-7513934317828016913'}","{'likes': '385.3K', 'comments': '6405', 'shares': '15.9K'}",https://www.tiktok.com/@khanhlinhtran02/video/7521324342399995143
"{'username': 'lehoa1297', 'nickname': 'lehoa01021997'}",7-5,Nhảy tí lm gì mà căng,"['#xuhuong', '#hot']","{'title': '原声 - 张➕慧 - 张嘉慧', 'link': '/music/原声-张➕慧-7499076205027592961'}","{'likes': '165.4K', 'comments': '3846', 'shares': '6882'}",https://www.tiktok.com/@lehoa1297/video/7523433742342294802
"{'username': 'littlequanzz', 'nickname': 'con Cò đây'}",1w ago,"Những cô mèo hoang đi săn cá, toàn các em kinh say 2 thoiii","['#concoday', '@Ngọc Kem', '@MAI HUONG', '@Marko Nguyễn', '@Ngọc Thiệp']","{'title': 'nhạc nền  - con Cò đây', 'link': '/music/nhạc-nền-con-Cò-đây-7524968375694002961'}","{'likes': '383.1K', 'comments': '2316', 'shares': '131.7K'}",https://www.tiktok.com/@littlequanzz/video/7524968348375993608
"{'username': 'ig.khalac248', 'nickname': 'Lạc 🦦'}",6d ago,gian đởn,[],"{'title': 'Cầm Hùng đẹc tray nhấc vùn cau - Cầm Hùng', 'link': '/music/Cầm-Hùng-đẹc-tray-nhấc-vùn-cau-7435219903134599966'}","{'likes': '276.6K', 'comments': '1787', 'shares': '28.4K'}",https://www.tiktok.com/@ig.khalac248/video/7525101002387868946
"{'username': 'louispham_203', 'nickname': 'Louispnp203'}",1w ago,"M có nên vào tuyển QG dancesport lại tiếp tục cống hiến cho Đất Nước k mng nhỉ🥰 Thầy tui muốn đưa tui đi thi đấu vì thầy bảo, tui mà k đi thì phí quá mặc dù bh là 22t rùi hơi muộn. Nhưng biết đâu khi tập thầy khai phá được tui thì sẽ chinh chiến trên các đấu trường quốc tế thì sao nhỉ☺️☺️",['#louispham203'],"{'title': 'nhạc nền  - Louispnp203', 'link': '/music/nhạc-nền-Louispnp203-7524685148839791376'}","{'likes': '223.9K', 'comments': '687', 'shares': '4377'}",https://www.tiktok.com/@louispham_203/video/7524685127276858631
"{'username': 'uyenan.h', 'nickname': 'Huỳnh Uyển Ân'}",6d ago,Sắp xếp thời gian nha mọi người ... phim đang quay ... sắp chiếu,['@Đoàn Thế Vinh'],"{'title': 'nhạc nền  - Bin Yet quãi đạn 📸', 'link': '/music/nhạc-nền-Bin-Yet-quãi-đạn-📸-7518000305552804625'}","{'likes': '110.4K', 'comments': '350', 'shares': '2205'}",https://www.tiktok.com/@uyenan.h/video/7525416242115644679
"{'username': '_halinhtran_', 'nickname': 'Trần Hà Linh 🐰'}",7-3,muốn được top 1 trend,[],"{'title': 'nhạc nền  - 🔮Tiểu Vyy🔮', 'link': '/music/nhạc-nền-🔮Tiểu-Vyy🔮-7513934317828016913'}","{'likes': '536.7K', 'comments': '3265', 'shares': '28.9K'}",https://www.tiktok.com/@_halinhtran_/video/7522839109811932423
"{'username': 'kimanhne_36', 'nickname': '𝐊𝐚𝐧𝐡 𝐃𝐚̂𝐮𝐮 🍓'}",7-7,3 ộp paaa =))),"['@𝓚𝓲𝓶 𝓐𝓷𝓱 🇻🇳', '@Sâu Hết Content 🐛', '@Bẹp bẹp', '#kanhdau', '#xuhuong']","{'title': 'nhạc nền - maryy  𖤐 - 𝐒𝐡𝐞𝐫𝐲𝐲 ✮', 'link': '/music/nhạc-nền-maryy-𖤐-7486051269593942800'}","{'likes': '184K', 'comments': '857', 'shares': '4091'}",https://www.tiktok.com/@kimanhne_36/video/7524219645830712583
"{'username': 'nhanvuatovuadz1701', 'nickname': 'ghét rau muống luộc 😭'}",7-7,tự tin cúp pồ cutie nhứt tít tót=))),[],"{'title': 'nhạc nền  - ghét rau muống luộc 😭', 'link': '/music/nhạc-nền-ghét-rau-muống-luộc-😭-7524221484287200016'}","{'likes': '285.9K', 'comments': '1850', 'shares': '8117'}",https://www.tiktok.com/@nhanvuatovuadz1701/video/7524221447611419911
"{'username': 'kame_dance_studio', 'nickname': 'Lớp Nhảy Kame Dance Studio 💃'}",6d ago,Có mụt em bé dễ thương ở đây nè,"['#kamedancestudio', '#cogaigucci']","{'title': 'nhạc nền  - Lớp Nhảy Kame Dance Studio 💃', 'link': '/music/nhạc-nền-Lớp-Nhảy-Kame-Dance-Studio-💃-7525309493698169616'}","{'likes': '117.7K', 'comments': '2079', 'shares': '10.5K'}",https://www.tiktok.com/@kame_dance_studio/video/7525308578266189063
"{'username': 'phuongmychiofficial', 'nickname': 'Phương Mỹ Chi'}",5d ago,Suỵttt! Tối nay! Tụi mình! Hẹ hẹ hẹ,"['#phuongmychi', '#SingAsia']","{'title': 'nhạc nền  - Phương Mỹ Chi', 'link': '/music/nhạc-nền-Phương-Mỹ-Chi-7525669742779697921'}","{'likes': '384.3K', 'comments': '3401', 'shares': '6524'}",https://www.tiktok.com/@phuongmychiofficial/video/7525669692564983061
"{'username': 'alithucphuong', 'nickname': 'Ali Thục Phương'}",7-1,Hôm qua anh đi đâu mà sao anh ko đón em,"['#alithucphuong', '#alichannel', '#cogaigucci', '#homquaanhdidau', '#taisaoanhkhongdonem']","{'title': 'nhạc nền  - Ali Thục Phương', 'link': '/music/nhạc-nền-Ali-Thục-Phương-7522042929293740817'}","{'likes': '625.9K', 'comments': '16.6K', 'shares': '22.1K'}",https://www.tiktok.com/@alithucphuong/video/7522042887664602376
"{'username': 'congchua1999x', 'nickname': 'Công chúa ❤️'}",7-4,Nhạc này dể thưn quá 🥰,['#congchua❤️'],"{'title': 'nhạc nền  - Tớ là♡{Hana}🎀', 'link': '/music/nhạc-nền-Tớ-là♡Hana🎀-7517945558598683409'}","{'likes': '123.3K', 'comments': '3324', 'shares': '76.9K'}",https://www.tiktok.com/@congchua1999x/video/7523067720653409543
"{'username': '_hamykk', 'nickname': '_trapgirl giải nghệ'}",5d ago,2 ngày nữa đánh giải:,[],"{'title': 'nhạc nền  - Bin Yet quãi đạn 📸', 'link': '/music/nhạc-nền-Bin-Yet-quãi-đạn-📸-7518000305552804625'}","{'likes': '148.6K', 'comments': '704', 'shares': '5182'}",https://www.tiktok.com/@_hamykk/video/7525791049030110484
"{'username': 'tippitivi', 'nickname': 'Tippi TV'}",6d ago,Ta Ta Ta sahur - Tippi Tv,['#tippitv'],"{'title': 'nhạc nền  - Tippi TV', 'link': '/music/nhạc-nền-Tippi-TV-7525409104895003409'}","{'likes': '28.7K', 'comments': '907', 'shares': '2277'}",https://www.tiktok.com/@tippitivi/video/7525409031616335112
"{'username': 'hoa.batdongsan', 'nickname': 'HOA PHAN 2 👅'}",4d ago,,"['#xyzbca', '@Trần Quang Đức']","{'title': 'nhạc nền  - Vitamin_girl', 'link': '/music/nhạc-nền-Vitamingirl-7392606434543913745'}","{'likes': '81.1K', 'comments': '1117', 'shares': '2646'}",https://www.tiktok.com/@hoa.batdongsan/video/7525819331071020295
"{'username': 'lingg2809', 'nickname': 'Hà 💋'}",7-6,trend này dễ ^^ (IG: nganha.203),['@Vo Nu Ngan Ha 💋'],"{'title': 'nhạc nền  - Tớ là♡{Hana}🎀', 'link': '/music/nhạc-nền-Tớ-là♡Hana🎀-7517945558598683409'}","{'likes': '323.2K', 'comments': '799', 'shares': '3529'}",https://www.tiktok.com/@lingg2809/video/7523847986451991826
"{'username': 'diu.anh7249', 'nickname': 'diệu anh'}",6d ago,,"['@Xuân Hoa', '#bungmamdamcuoi']","{'title': 'nhạc nền - 𝐇𝐨𝐚̀𝐧𝐠 𝐔́𝐭 𝐌𝐮𝐬𝐢𝐜 ✈ - 𝐇𝐨à𝐧𝐠 ú𝐭 𝐌𝐮𝐬𝐢𝐜 ✈', 'link': '/music/nhạc-nền-𝐇𝐨𝐚̀𝐧𝐠-𝐔́𝐭-𝐌𝐮𝐬𝐢𝐜-✈-7256982571255286534'}","{'likes': '172.4K', 'comments': '7085', 'shares': '30K'}",https://www.tiktok.com/@diu.anh7249/video/7525086310109875464
"{'username': 'kimanhne_36', 'nickname': '𝐊𝐚𝐧𝐡 𝐃𝐚̂𝐮𝐮 🍓'}",5d ago,Lại chung một khung hình nữa rùi 🤭,"['@𝓚𝓲𝓶 𝓐𝓷𝓱 🇻🇳', '@Trần Nhật Tân', '#xuhuong', '#kanhdau']","{'title': 'nhạc nền  - 𝚃𝚑ù𝚢 𝙺𝚒ề𝚞', 'link': '/music/nhạc-nền-𝚃𝚑ù𝚢-𝙺𝚒ề𝚞-7519864134256249616'}","{'likes': '155.4K', 'comments': '808', 'shares': '2599'}",https://www.tiktok.com/@kimanhne_36/video/7525671270936022290
"{'username': 'sau2_004', 'nickname': 'Sâu Hết Content'}",7-1,nhìn gì,['@𝑯𝒊𝒆̂́𝒖 𝑳𝒆̂'],"{'title': 'nhạc nền  - 🔮Tiểu Vyy🔮', 'link': '/music/nhạc-nền-🔮Tiểu-Vyy🔮-7513934317828016913'}","{'likes': '608.6K', 'comments': '2414', 'shares': '12.9K'}",https://www.tiktok.com/@sau2_004/video/7521952973602213128
"{'username': 'xoaikhongchua_99', 'nickname': 'Xoài không chua 🥭'}",3d ago,Giao diện hơi đối lập mà giọng hát tôi thích 🤭🤭,"['#f', '#fyp']","{'title': 'nhạc nền  - Xoài không chua 🥭', 'link': '/music/nhạc-nền-Xoài-không-chua-🥭-7526203784222640951'}","{'likes': '273.9K', 'comments': '3931', 'shares': '179.4K'}",https://www.tiktok.com/@xoaikhongchua_99/video/7526203667272191287
"{'username': 'namanhvt11', 'nickname': 'Cậu Bảy Quận 3 🦈'}",4d ago,quán dừa phải thôi nha,['#cậubảyquận3'],"{'title': 'nhạc nền  - Cậu Bảy Quận 3 🦈', 'link': '/music/nhạc-nền-Cậu-Bảy-Quận-3-🦈-7526117190903335681'}","{'likes': '463.2K', 'comments': '3534', 'shares': '95.2K'}",https://www.tiktok.com/@namanhvt11/video/7526117151846059272
"{'username': 'plxhvn2', 'nickname': 'Tin Nóng Hàng Ngày'}",5d ago,Bánh vừa ra lò các cháu ăn ngay cho nóng 😂,"['#haihuoc', '#haha', '#plxhvn', '#phapluatxahoi']","{'title': 'nhạc nền  - Tin Nóng Hàng Ngày', 'link': '/music/nhạc-nền-Tin-Nóng-Hàng-Ngày-7525409542478236429'}","{'likes': '25.6K', 'comments': '206', 'shares': '5413'}",https://www.tiktok.com/@plxhvn2/video/7525409510911937847
"{'username': 'color.life.1978', 'nickname': 'Sơn lại cuộc đời'}",1w ago,Mấy con gà thì biết gì em 🐓,['#sonlaicuocdoi'],"{'title': 'nhạc nền  - Sơn lại cuộc đời', 'link': '/music/nhạc-nền-Sơn-lại-cuộc-đời-7524933449371978512'}","{'likes': '439.2K', 'comments': '7187', 'shares': '65.6K'}",https://www.tiktok.com/@color.life.1978/video/7524933293804915986
"{'username': 'chikhang0311', 'nickname': 'Chí Khang'}",7-8,không biết nữa,"['@Mỹ lệ Nè', '#trending']","{'title': 'nhạc nền - Nhìn Một Ra Mười', 'link': '/music/nhạc-nền-7289403842511604482'}","{'likes': '261.3K', 'comments': '3141', 'shares': '94.8K'}",https://www.tiktok.com/@chikhang0311/video/7524533313688571144
"{'username': 'haha_412', 'nickname': 'HAHA'}",1w ago,tỉnh chưa,[],"{'title': 'nhạc nền - Vy kitty🤡 - Nguyễn Vy😔', 'link': '/music/nhạc-nền-Vy-kitty🤡-7497872345080662785'}","{'likes': '355.4K', 'comments': '3310', 'shares': '6184'}",https://www.tiktok.com/@haha_412/video/7524686434909932818
"{'username': 'itsdunggee', 'nickname': 'Dũng Gee💋'}",7-7,Chuyên gia đổ thừa..,[],"{'title': 'nhạc nền  - Dũng Gee💋', 'link': '/music/nhạc-nền-Dũng-Gee💋-7524318118836603665'}","{'likes': '200.2K', 'comments': '1011', 'shares': '3767'}",https://www.tiktok.com/@itsdunggee/video/7524318083503230226
"{'username': 'longandaxua', 'nickname': 'Lê Long An'}",1w ago,Thế hệ cợt nhả ra đề thi tốt nghiệp kiểu,"['@T1G Team', '#daxua', '#vietcomedy', '#t1gteam', '#hzmedia']","{'title': 'Countless - Official Sound Studio', 'link': '/music/Countless-6692683186809359108'}","{'likes': '452.7K', 'comments': '5328', 'shares': '139.1K'}",https://www.tiktok.com/@longandaxua/video/7525040820915932423
"{'username': 'dong.thuydung', 'nickname': 'Đồng Thuỳ Dung'}",4d ago,Dịu dàng nữ tính thế còn gì,"['#dongthuydung', '#codongnat', '#phamvinh', '#trungthaomai']","{'title': 'nhạc nền  - Đồng Thuỳ Dung', 'link': '/music/nhạc-nền-Đồng-Thuỳ-Dung-7526152940555504400'}","{'likes': '234.6K', 'comments': '3329', 'shares': '10.8K'}",https://www.tiktok.com/@dong.thuydung/video/7526152907763272967
"{'username': 'lebaoofficial', 'nickname': 'Lê Bảo'}",1w ago,Đừng bao giờ phản bội thợ cắt tóc của bạn . Lê Bảo remix,"['@Đức Barber', '@Trần Xuân', '@Trần Hà', '@Bình Xăng Con']","{'title': 'nhạc nền  - Lê Bảo', 'link': '/music/nhạc-nền-Lê-Bảo-7524695551200627457'}","{'likes': '417.3K', 'comments': '2949', 'shares': '38.1K'}",https://www.tiktok.com/@lebaoofficial/video/7524695513304747272
"{'username': 'anthonyngofficial', 'nickname': 'Anthony Ng'}",4d ago,,['#anthonyng'],"{'title': 'Tuyết Yêu Thương - Dương Trần Nghĩa', 'link': '/music/Tuyết-Yêu-Thương-7329926798883031041'}","{'likes': '26.9K', 'comments': '201', 'shares': '409'}",https://www.tiktok.com/@anthonyngofficial/video/7526037708892933389
"{'username': 'saigonteu', 'nickname': 'Saigon Tếu'}",4d ago,Bỗng nhiên bị bạn gái check var nhưng không biết =)))) - Stephen Vũ Saigon Tếu,[],"{'title': 'original sound  - Saigon Tếu', 'link': '/music/original-sound-Saigon-Tếu-7526122617125079809'}","{'likes': '751.3K', 'comments': '5524', 'shares': '153.4K'}",https://www.tiktok.com/@saigonteu/video/7526121871910243602
"{'username': 'khuamatvuong', 'nickname': 'Anh Mặt Vuông'}",7-7,Còn gì báo nữa hong báo hết một lần đi,"['#anhmatvuong', '#amvm']","{'title': 'nhạc nền  - Anh Mặt Vuông', 'link': '/music/nhạc-nền-Anh-Mặt-Vuông-7524277057841351425'}","{'likes': '279.5K', 'comments': '1379', 'shares': '19.2K'}",https://www.tiktok.com/@khuamatvuong/video/7524276995761507602
"{'username': 'namanhvt11', 'nickname': 'Cậu Bảy Quận 3 🦈'}",3d ago,bao nhiêu quán sao ghé quán anh quài vậy em?,['#cậubảyquận3'],"{'title': 'nhạc nền  - Cậu Bảy Quận 3 🦈', 'link': '/music/nhạc-nền-Cậu-Bảy-Quận-3-🦈-7526508507173161729'}","{'likes': '250.4K', 'comments': '1359', 'shares': '21.9K'}",https://www.tiktok.com/@namanhvt11/video/7526508458573614343
"{'username': 'phucbinhyenofficial', 'nickname': 'Phúc Bình Yên'}",7-2,Dạ kem hú anh ạ,"['#phucbinhyenoffical', '#phucbinhyen', '#teamphucsyno']","{'title': 'nhạc nền  - Phúc Bình Yên', 'link': '/music/nhạc-nền-Phúc-Bình-Yên-7522339358611901201'}","{'likes': '499.9K', 'comments': '9387', 'shares': '147.8K'}",https://www.tiktok.com/@phucbinhyenofficial/video/7522339330677902600
"{'username': 'codongnat_99', 'nickname': 'Cô Đồng Nát'}",7-8,Người yêu cũ của chồng,"['#codongnat', '#dongthuydung']","{'title': 'nhạc nền  - Cô Đồng Nát', 'link': '/music/nhạc-nền-Cô-Đồng-Nát-7524672033616136976'}","{'likes': '167.5K', 'comments': '1548', 'shares': '4865'}",https://www.tiktok.com/@codongnat_99/video/7524671990519581960
"{'username': 'papa_taiche', 'nickname': 'PaPa Tái Chế'}",1w ago,Phải đối đầu,"['#papataiche', '#metub']","{'title': '2020 - Official Sound Studio', 'link': '/music/2020-6770604394766403586'}","{'likes': '44.2K', 'comments': '493', 'shares': '636'}",https://www.tiktok.com/@papa_taiche/video/7525034089187921159
"{'username': 'nguyenmythanh0392', 'nickname': 'Nguyễn Mỹ Thanh'}",1w ago,Cho mượn một đêm thôi,"['#nguyenmythanh', '#viral', '#comedy']","{'title': 'nhạc nền  - Nguyễn Mỹ Thanh', 'link': '/music/nhạc-nền-Nguyễn-Mỹ-Thanh-7524971182987168567'}","{'likes': '46.9K', 'comments': '1031', 'shares': '3392'}",https://www.tiktok.com/@nguyenmythanh0392/video/7524971173713628471
"{'username': 'tuyenpoi', 'nickname': 'Tuyến Pói 💠'}",7-7,NHÀ P.O.I 1 | LƯỜI,"['#tuyenpoi', '#giaitri']","{'title': 'nhạc nền  - Tuyến Pói 💠', 'link': '/music/nhạc-nền-Tuyến-Pói-💠-7524280187303840513'}","{'likes': '82.6K', 'comments': '765', 'shares': '2474'}",https://www.tiktok.com/@tuyenpoi/video/7524280133285416209
"{'username': 'ttinflyou', 'nickname': 'Chú Tín'}",6d ago,"Trọ trung tâm, trọ giá rẻ đồ đó…","['@CÁO NHỎ', '@Én Hốp Pi 🐱', '@Phụng đang niềng răng']","{'title': 'nhạc nền  - Chú Tín', 'link': '/music/nhạc-nền-Chú-Tín-7525106030406011665'}","{'likes': '143.7K', 'comments': '800', 'shares': '31.1K'}",https://www.tiktok.com/@ttinflyou/video/7525105984809749767
"{'username': 'bongtim96', 'nickname': 'Bông Tím'}",5d ago,Sốc,['@Tường Hồng Phú'],"{'title': 'nhạc nền  - Bông Tím', 'link': '/music/nhạc-nền-Bông-Tím-7525450479514422033'}","{'likes': '575.8K', 'comments': '8360', 'shares': '397.9K'}",https://www.tiktok.com/@bongtim96/video/7525450454621244679
"{'username': '24h.sports', 'nickname': '24h.Sports'}",4d ago,Ông cháu Yamal hú hồn luôn mà,"['#24hmedia', '#24hsports', '#thethaomoingay', '#football', '#bongda', '#lamineyamal']","{'title': 'Chill Melody - DJ ChiuChiu', 'link': '/music/Chill-Melody-7385161226214770704'}","{'likes': '110.8K', 'comments': '435', 'shares': '3338'}",https://www.tiktok.com/@24h.sports/video/7526141433024105735
"{'username': 'deryynok2sf68x', 'nickname': 'Blv FIFA🇻🇳'}",6d ago,Cậu thử nào có thể kiếm soát bóng bằng trán?,"['#football', '#fyp', '#vietnam']","{'title': '原声  - Blv FIFA🇻🇳', 'link': '/music/原声-Blv-FIFA🇻🇳-7525360397667339025'}","{'likes': '68.2K', 'comments': '1000', 'shares': '1484'}",https://www.tiktok.com/@deryynok2sf68x/video/7525360370186210567
"{'username': 'uci_cycling', 'nickname': 'UCI'}",7-7,No panic. Just a legend changing shoes mid-race like it’s nothing. 😎,"['#UCIWWT', '#GirodItaliaWomen']","{'title': 'YEE! - LXGAR & OZKXN & INXN', 'link': '/music/YEE-7397739530105210881'}","{'likes': '643.6K', 'comments': '1296', 'shares': '7966'}",https://www.tiktok.com/@uci_cycling/video/7524367359042161942
"{'username': 'sut88cusut', 'nickname': '𝑆𝑈𝑇𝟪𝟪 Cú Sút Từ Sao Hỏa'}",2d ago,PSG có muốn đá đâu,"['#chelsea', '#fifaclubworldcup']","{'title': 'nhạc nền  - 𝑆𝑈𝑇𝟪𝟪 Cú Sút Từ Sao Hỏa', 'link': '/music/nhạc-nền-𝑆𝑈𝑇𝟪𝟪-Cú-Sút-Từ-Sao-Hỏa-7526707279630994193'}","{'likes': '102.7K', 'comments': '5279', 'shares': '10.4K'}",https://www.tiktok.com/@sut88cusut/video/7526707237725768968
"{'username': 'xiaomy99', 'nickname': 'My Chelin'}",6d ago,5 người 1 đội,"['#xuhuong', '#trending']","{'title': 'Chichiquetere - HCTM', 'link': '/music/Chichiquetere-7127855869164783617'}","{'likes': '1.2M', 'comments': '15.8K', 'shares': '717.3K'}",https://www.tiktok.com/@xiaomy99/video/7525200275544526098
"{'username': 'phamquynhhoaa', 'nickname': 'Quỳnh Hoa'}",6-23,Dăm ba cái kỹ thuật này nhằm nhò gì,[],"{'title': '大展鴻圖(Blueprint Supreme) - 攬佬SKAI ISYOURGOD & AR劉夫陽', 'link': '/music/大展鴻圖-Blueprint-Supreme-7404667312807151617'}","{'likes': '1M', 'comments': '4582', 'shares': '26.1K'}",https://www.tiktok.com/@phamquynhhoaa/video/7519074933436058898
"{'username': 'minhnhatgk', 'nickname': 'Minh Nhật GK🥇'}",7-7,"Thách đấu tuyển thủ Việt Nam tương lai, anh","['@Hendrio10', '#minhnhatgk', '#hendrio', '#dkpteam']","{'title': 'nhạc nền  - Minh Nhật GK🥇', 'link': '/music/nhạc-nền-Minh-Nhật-GK🥇-7524251194336742160'}","{'likes': '93.5K', 'comments': '296', 'shares': '1170'}",https://www.tiktok.com/@minhnhatgk/video/7524251168164384018
"{'username': '24h.tinmoi', 'nickname': '24h Bóng Đá'}",6d ago,DEMBELE LIỆU CÓ GIÀNH QBV,"['#24hbongda', '#24hmedia', '#dembele', '#psg', '#lamineyamal', '#barcelona', '#aquaselin', '#fifaclubworldcup', '#thethaomoingay', '#sportsontiktok']","{'title': 'original sound  - 24h Bóng Đá', 'link': '/music/original-sound-24h-Bóng-Đá-7525008897220840208'}","{'likes': '39K', 'comments': '286', 'shares': '4579'}",https://www.tiktok.com/@24h.tinmoi/video/7525008863041572103
"{'username': 'redbull', 'nickname': 'Red Bull'}",4d ago,falling head over wheels for this 🫠,"['#redbull', '#givesyouwiiings', '#energydrink', '#redbullstalenros', '#redbullsattelfest', '#bike']","{'title': 'original sound  - Red Bull', 'link': '/music/original-sound-Red-Bull-7525781927145802518'}","{'likes': '2.4M', 'comments': '13.3K', 'shares': '202.3K'}",https://www.tiktok.com/@redbull/video/7525781895959891222
"{'username': 'lionchampionshipvietnam', 'nickname': 'LION Championship'}",5d ago,MMA DUO: SỨC NÓNG ĐỈNH ĐIỂM TRƯỚC NGÀY LÊN ĐÀI 🔥,"['#lionchampionship2025', '#LIONChampionship', '#lc24', '#lionchampionship24', '#NationalPride', '#mma']","{'title': 'original sound  - LION Championship', 'link': '/music/original-sound-LION-Championship-7525661602097089296'}","{'likes': '39.5K', 'comments': '889', 'shares': '1225'}",https://www.tiktok.com/@lionchampionshipvietnam/video/7525661566574906642
"{'username': 'thandogo8', 'nickname': 'Shop Thản Đồ Gỗ'}",5d ago,Trọng Hải sản mày đã run chưa???,['#xu'],"{'title': 'nhạc nền  - Shop Thản Đồ Gỗ', 'link': '/music/nhạc-nền-Shop-Thản-Đồ-Gỗ-7525651727396113153'}","{'likes': '60.5K', 'comments': '3361', 'shares': '1371'}",https://www.tiktok.com/@thandogo8/video/7525651698325425415
"{'username': 'mikaylaallisonn', 'nickname': 'Mikayla Reno'}",4d ago,10/10 experience,"['#halfmooncay', '#bahamas', '#cruise', '#horsebackriding', '#beachvibes', '#shittok']","{'title': 'Jet2 Advert - ✈️A7-BBH | MAN 🇬🇧', 'link': '/music/Jet2-Advert-7398162320411429664'}","{'likes': '4.8M', 'comments': '34.2K', 'shares': '1.9M'}",https://www.tiktok.com/@mikaylaallisonn/video/7525995255351594271
"{'username': 'nextmediaofficial', 'nickname': 'Next Media'}",4d ago,Trọng tài lại xử ép Việt Nam rồi.,[],"{'title': 'nhạc nền  - Next Media', 'link': '/music/nhạc-nền-Next-Media-7525611909002136336'}","{'likes': '23K', 'comments': '122', 'shares': '252'}",https://www.tiktok.com/@nextmediaofficial/video/7525611866886851848
"{'username': 'tonyrosatournaments', 'nickname': 'SƠN ROSA BI LÁT'}",6d ago,hạng K đi chấm,"['@Sơn Hoàng', '#tonyrosabilliards', '#khaitony', '#xh', '#xuhuong', '#fyp']","{'title': 'nhạc nền - TONY ROSA TOUR - SƠN ROSA BI LÁT', 'link': '/music/nhạc-nền-TONY-ROSA-TOUR-7525391829370424080'}","{'likes': '19.7K', 'comments': '203', 'shares': '2545'}",https://www.tiktok.com/@tonyrosatournaments/video/7525391795316935944
"{'username': 'daohongson.bjj', 'nickname': 'Đào Hồng Sơn'}",1w ago,Bất lực trước những kẻ huỷ diệt phòng gym,"['@Phạm Pháp', '@Gia đình Sơn Hương', '#daohongson', '#short', '#thethaomoingay', '#vtmgr']","{'title': 'nhạc nền  - 𝙏𝙝𝙚 𝙌𝙪𝙤𝙘', 'link': '/music/nhạc-nền-𝙏𝙝𝙚-𝙌𝙪𝙤𝙘-7475312342566390544'}","{'likes': '21.7K', 'comments': '169', 'shares': '507'}",https://www.tiktok.com/@daohongson.bjj/video/7525024219508428040
"{'username': 'onsportsplus', 'nickname': 'On Sports Plus'}",4d ago,Bóng rổ thế giới phải chao đảo với VĐV Zhang Ziyu sinh năm 2007 của Trung Quốc,"['#OnSports', '#VTVcab', '#SportsOnTiktok', '#ASEANU23Championship']","{'title': ""Michi'S Travel Song (Instumental) - Michi & Cheeky Band & Auralis"", 'link': ""/music/Michi'S-Travel-Song-Instumental-7491708801181468689""}","{'likes': '79K', 'comments': '1768', 'shares': '23.3K'}",https://www.tiktok.com/@onsportsplus/video/7526152299983506689
"{'username': 'kkkkshswu', 'nickname': 'jtsgkssesaj'}",3d ago,,"['#xuhuong', '#xuhuongtiktok', '#lionchampionship', '#lion', '#vietnam']","{'title': 'nhạc nền - N:)) - 26122008nguyet', 'link': '/music/nhạc-nền-N-7503825169631267600'}","{'likes': '54.6K', 'comments': '1406', 'shares': '4269'}",https://www.tiktok.com/@kkkkshswu/video/7526227474326244616
"{'username': 'kimthiencotichh', 'nickname': '𝙏𝙝𝙞ệ𝙣Đ𝙪ô𝙞𝙍ù𝙖🏐'}",5d ago,sức bật tại chỗ 3m05 ổn hok ta,"['#kimthiencotich', '#bongchuyenvietnam', '#xhuong']","{'title': 'nhạc nền  - PiLong Producer', 'link': '/music/nhạc-nền-PiLong-Producer-7507184937435515664'}","{'likes': '6962', 'comments': '416', 'shares': '205'}",https://www.tiktok.com/@kimthiencotichh/video/7525674039893888263
"{'username': 'fptbongda', 'nickname': 'FPT Bóng Đá'}",2d ago,"Dường như đây là góc lag của Cole Palmer, cứ đặt lòng là lưới PSG phải rung lên","['#FPTPlay', '#FIFACWC', '#SamsungAITV', '#SamsungVisionAI', '#NeoQLED', '#fptbongda', '#chelsea', '#psg']","{'title': 'nhạc nền  - FPT Bóng Đá', 'link': '/music/nhạc-nền-FPT-Bóng-Đá-7526659160788699921'}","{'likes': '132.3K', 'comments': '8450', 'shares': '4449'}",https://www.tiktok.com/@fptbongda/video/7526658859855891728
"{'username': 'thethao247.vn', 'nickname': 'Thể Thao 247'}",4d ago,Mùa sau mà đá như bay thì đừng hỏi vì sao nhé😆,"['#lamineyamal', '#fcbarcelona', '#thethao247']","{'title': 'AURA (Super Slowed) - Ogryzek', 'link': '/music/AURA-Super-Slowed-7400722563739224065'}","{'likes': '21.6K', 'comments': '191', 'shares': '481'}",https://www.tiktok.com/@thethao247.vn/video/7525800770298694920
"{'username': 'blvduongtang', 'nickname': 'BLV Đường Tăng 2Q'}",7-7,Ông cháu Yamal bắt đầu “bệnh ngôi sao” rồi… Anh em nghĩ tương lai Barca có đáng lo không? 🤔🔥,"['#Yamal', '#Barcelona', '#FifaClubWorldCup', '#lamineyamal', '#football', '#fyp', '#foryou', '#drama', '#tinnong', '#bongda']","{'title': 'nhạc nền  - BLV Đường Tăng 2Q', 'link': '/music/nhạc-nền-BLV-Đường-Tăng-2Q-7524312050388830993'}","{'likes': '36.8K', 'comments': '856', 'shares': '801'}",https://www.tiktok.com/@blvduongtang/video/7524311983894678802
"{'username': 'hhn405', 'nickname': 'Truyện\u2002HHN'}",7-8,Tôi Chọn Làm Sát Nhân Trong Đại Dịch Zombie | G5 | Review Truyện | Truyện Hhn,"['#truyenhhn', '#fullchapmoi', '#reviewtruyen', '#vairal', '#reviewtruyenmoi', '#manhua', '#review', '#reviewmanhua', '#xuhuong', '#truyenmoi']","{'title': 'nhạc nền  - Truyện\u2002HHN', 'link': '/music/nhạc-nền-Truyện-HHN-7474211709465824001'}","{'likes': '123.6K', 'comments': '736', 'shares': '2149'}",https://www.tiktok.com/@hhn405/video/7524684041166114069
"{'username': 'vietsub_dao_nhan', 'nickname': 'Vietsub Đạo Nhân'}",6d ago,LOẠI NẤM NÀY GIỐNG NHƯ ĐẦU RẮN,"['#hoathinhtrungquoc', '#hoathinhvietsub', '#hoathinhtrung', '#hoathinh', '#vietsub', '#anime']","{'title': 'nhạc nền  - Vietsub Đạo Nhân', 'link': '/music/nhạc-nền-Vietsub-Đạo-Nhân-7525273611490298640'}","{'likes': '14.6K', 'comments': '46', 'shares': '392'}",https://www.tiktok.com/@vietsub_dao_nhan/video/7525273572885957895
"{'username': 'tangca', 'nickname': 'Tang Ca'}",5d ago,"Cương thi muốn đầu thai, nên đã dùng đồng xu cuối cùng mua canh của Mạnh Bà để uống","['#cartoon', '#hoathinh']","{'title': 'nhạc nền  - Tang Ca', 'link': '/music/nhạc-nền-Tang-Ca-7525688438599748354'}","{'likes': '20.7K', 'comments': '42', 'shares': '455'}",https://www.tiktok.com/@tangca/video/7525688405934607638
"{'username': 'troncinearb', 'nickname': 'Tròn Cine'}",7-8,Cái đám này ẩn mình trong đàn bò sữa thì hợp,"['#Tiktokgiaitri', '#tiktoksoiphim', '#tiktokxemphim', '#troncine', '#howtotrainyourdragon']","{'title': 'nhạc nền  - Tròn Cine', 'link': '/music/nhạc-nền-Tròn-Cine-7524583611190807313'}","{'likes': '124.2K', 'comments': '920', 'shares': '11.1K'}",https://www.tiktok.com/@troncinearb/video/7524583554408369415
"{'username': 'memekingdomtv', 'nickname': 'MemeKingdom'}",7-7,Tung tung tung Sahur just made the biggest mistake of his life! 😡,"['#tungtungtungsahur', '#ballerinacappucinna', '#brainrot']","{'title': 'original sound  - MemeKingdom', 'link': '/music/original-sound-MemeKingdom-7524159636094700289'}","{'likes': '1.9M', 'comments': '36.3K', 'shares': '723.6K'}",https://www.tiktok.com/@memekingdomtv/video/7524159460756049160
"{'username': 'rudolfiogk', 'nickname': 'RUDOLFIO'}",6d ago,#xuhuong #1 #phimtrungquoc #longvideos #review #reviewphim #reviewphimhay #mereviewphim #phimngontinh #khophimngontinh #daophimtrung #fyp,[],"{'title': 'He Went That Way - Dj Alera', 'link': '/music/He-Went-That-Way-7472662210184136720'}","{'likes': '31.6K', 'comments': '129', 'shares': '506'}",https://www.tiktok.com/@rudolfiogk/video/7525387205569744158
"{'username': 'qn._kanie', 'nickname': 'QN Ká🐟'}",7-4,M muốn thì t làm,['@Tarro'],"{'title': 'get out! - auxmit☆', 'link': '/music/get-out-7403007276187322384'}","{'likes': '253.2K', 'comments': '3737', 'shares': '5112'}",https://www.tiktok.com/@qn._kanie/video/7523179482342198536
"{'username': 'kidzuna._', 'nickname': '絶望'}",1w ago,⚫️,"['#onepiece', '#robin', '#nicorobin', '#onepieceedit', '#anime']","{'title': 'оригинальный звук  - 絶望', 'link': '/music/оригинальный-звук-絶望-7524736254223944449'}","{'likes': '790.8K', 'comments': '2876', 'shares': '17.2K'}",https://www.tiktok.com/@kidzuna._/video/7524736201455193365
"{'username': 'xjxhgahdm', 'nickname': 'xjxhgahdm'}",6-25,,"['#Cartoon', '#Fatorangecat', '#cutecat']","{'title': 'original sound - xjxhgahdm', 'link': '/music/original-sound-7519787782122916639'}","{'likes': '3.4M', 'comments': '57.2K', 'shares': '580.4K'}",https://www.tiktok.com/@xjxhgahdm/video/7519782744184999198
"{'username': 'phamthang.2004', 'nickname': 'Phạm Đức Thắng'}",7-7,Dân chơi boy phố hay chỉ là một thằng Giang hồ mõm,"['#BOYPHO', '#xuhuong2026', '#giangho']","{'title': 'nhạc nền  - Phạm Đức Thắng', 'link': '/music/nhạc-nền-Phạm-Đức-Thắng-7524322265644321558'}","{'likes': '78.2K', 'comments': '401', 'shares': '23.3K'}",https://www.tiktok.com/@phamthang.2004/video/7524322221112806678
"{'username': 'maderezs', 'nickname': 'maderezs'}",1w ago,should i make a second part with another character?,"['#demonslayer', '#tanjiro', '#kimetsunoyaiba', '#anime', '#animeedit']","{'title': 'оригинальный звук  - maderezs', 'link': '/music/оригинальный-звук-maderezs-7524788919829826321'}","{'likes': '542.1K', 'comments': '1785', 'shares': '14.9K'}",https://www.tiktok.com/@maderezs/video/7524788882534108434
"{'username': 'thegioianime_rr88', 'nickname': 'THẾ GIỚI ANIME KJC'}",6d ago,Ai trong băng chưa bị Nami cho ăn hành,"['#KJC', '#lienminhKJC', '#onepiece', '#anime', '#xuhuong']","{'title': 'nhạc nền  - THẾ GIỚI ANIME KJC', 'link': '/music/nhạc-nền-THẾ-GIỚI-ANIME-KJC-7525059965929687824'}","{'likes': '22.9K', 'comments': '148', 'shares': '201'}",https://www.tiktok.com/@thegioianime_rr88/video/7525059946459696391
"{'username': 'wibubymike.y2o', 'nickname': 'Wibu bymike'}",4d ago,Con nhỏ này bị ép đi lấy chồng,[],"{'title': 'nhạc nền  - Wibu bymike', 'link': '/music/nhạc-nền-Wibu-bymike-7525999012479011585'}","{'likes': '39K', 'comments': '117', 'shares': '784'}",https://www.tiktok.com/@wibubymike.y2o/video/7525998970972196104
"{'username': 'tangca', 'nickname': 'Tang Ca'}",4d ago,Ốc sên tham lam muốn làm vua của tất cả,"['#hoathinh', '#cartoon']","{'title': 'nhạc nền  - Tang Ca', 'link': '/music/nhạc-nền-Tang-Ca-7526025698369227542'}","{'likes': '7188', 'comments': '26', 'shares': '144'}",https://www.tiktok.com/@tangca/video/7526025735430081814
"{'username': 'bugcat_capoo_official', 'nickname': 'BugCat Capoo'}",5d ago,Eraser dust Bugcat grows up,"['#カプー', '#capoo', '#咖波']","{'title': '原聲  - BugCat Capoo', 'link': '/music/原聲-BugCat-Capoo-7525796311287876358'}","{'likes': '1.2M', 'comments': '1621', 'shares': '149.7K'}",https://www.tiktok.com/@bugcat_capoo_official/video/7525796290240711942
"{'username': 'kewbi_', 'nickname': 'kewbi'}",7-6,,"['#mihawk', '#anime', '#edit']","{'title': 'оригинальный звук - kewbi', 'link': '/music/оригинальный-звук-7523949128750828289'}","{'likes': '285.3K', 'comments': '1385', 'shares': '5501'}",https://www.tiktok.com/@kewbi_/video/7523949083183156487
"{'username': 'tolamnguyen123', 'nickname': '✨tô lâm nguyễn✨'}",3d ago,,['#tolamnguyen123'],"{'title': 'nhạc nền  - ✨tô lâm nguyễn✨', 'link': '/music/nhạc-nền-✨tô-lâm-nguyễn✨-7526525700870785808'}","{'likes': '35.6K', 'comments': '190', 'shares': '2034'}",https://www.tiktok.com/@tolamnguyen123/video/7526525663818304786
"{'username': 'kidzuna._', 'nickname': '絶望'}",1w ago,,"['#onepiece', '#luffy', '#monkeydluffy', '#onepieceedit', '#anime']","{'title': 'оригинальный звук  - 絶望', 'link': '/music/оригинальный-звук-絶望-7525059507207080721'}","{'likes': '386.9K', 'comments': '2528', 'shares': '10.4K'}",https://www.tiktok.com/@kidzuna._/video/7525059380149095700
"{'username': 'ricoanimations0', 'nickname': 'Rico Animations'}",4d ago,Asian Bieber! 😀,"['#fyp', '#funnyvideos', '#memes', '#viral', '#viral', '#anime']","{'title': 'original sound - Rico Animations', 'link': '/music/original-sound-7525829323442375441'}","{'likes': '1.4M', 'comments': '9119', 'shares': '268.5K'}",https://www.tiktok.com/@ricoanimations0/video/7525829306556108040
"{'username': 'maderezs', 'nickname': 'maderezs'}",6d ago,Gojo with black eyes? 😲,"['#jujutsukaisen', '#gojosatoru', '#jjk', '#anime', '#animeedit']","{'title': 'оригинальный звук  - maderezs', 'link': '/music/оригинальный-звук-maderezs-7525198906460752656'}","{'likes': '1M', 'comments': '4152', 'shares': '33.8K'}",https://www.tiktok.com/@maderezs/video/7525198833618357512
"{'username': 'kyanbian.88', 'nickname': 'KỲ ÁN BÍ ẨN'}",2d ago,CẢ LỚP ĐI DÃ NGOẠI BỊ ĐUỐI NƯỚC  ĐÊM THỨ 7 VỀ CHỤP ẢNH TỐT NGHIỆP! PHẦN 2,"['#kyan', '#learnontiktok', '#bian']","{'title': 'nhạc nền  - KỲ ÁN BÍ ẨN', 'link': '/music/nhạc-nền-KỲ-ÁN-BÍ-ẨN-7526586757563829047'}","{'likes': '10K', 'comments': '206', 'shares': '600'}",https://www.tiktok.com/@kyanbian.88/video/7526586593273072909
"{'username': 'p_shiri', 'nickname': 'Con người'}",1w ago,"Sáng nay ảnh chuyển đơn vị xuống Quảng Ngãi mất rồi.🙁 Vd này, tôi với ảnh quay tối qua ạ💗","['#Connguoi', '#fyp', '#avankien']","{'title': 'nhạc nền  - 🔮Tiểu Vyy🔮', 'link': '/music/nhạc-nền-🔮Tiểu-Vyy🔮-7513934317828016913'}","{'likes': '296.1K', 'comments': '2044', 'shares': '3936'}",https://www.tiktok.com/@p_shiri/video/7524922859563584786
"{'username': 'louispham_203', 'nickname': 'Louispnp203'}",3d ago,Gửi Phong,"['#louispham203', '@paulle67']","{'title': 'nhạc nền  - Umê Blong đến cùng💗💗><', 'link': '/music/nhạc-nền-Umê-Blong-đến-cùng💗💗-7506528320251742993'}","{'likes': '297.3K', 'comments': '1460', 'shares': '18.7K'}",https://www.tiktok.com/@louispham_203/video/7526537160523091207
"{'username': 'thomanh1993', 'nickname': '🇻🇳𝓣𝓗𝓞𝓜.𝓐𝓝𝓗⚽️🏳️\u200d🌈'}",5d ago,1 Tháng thời gian không phải là dài nhưng cũng đủ để lo cho em ko phải chịu nhiều thiệt thòi,"['#báchhợp_lgbt_gei🌈', '#xuhuong', '#taiwan🇹🇼']","{'title': 'nhạc nền - bước ra đời không sợ một ai - H.Tính', 'link': '/music/nhạc-nền-bước-ra-đời-không-sợ-một-ai-7517185930710551313'}","{'likes': '82.8K', 'comments': '4296', 'shares': '13.9K'}",https://www.tiktok.com/@thomanh1993/video/7525796320473353528
"{'username': 'demitrovaaa', 'nickname': 'demitrovaaa'}",7-6,Это было незапланированно и вышло случайно😀,[],"{'title': 'Fake - The Tech Thieves', 'link': '/music/Fake-6741017428655884290'}","{'likes': '1.3M', 'comments': '1390', 'shares': '24.9K'}",https://www.tiktok.com/@demitrovaaa/video/7524033509288152327
