user_title,user_subtitle,avatar_url,counts,bio,links,username
huongstore.06,Kem che khuyết điểm 🐰,https://p16-sign-sg.tiktokcdn.com/tos-alisg-avt-0068/987b0a2fc5f8a7506d0de8023f8a6b94~tplv-tiktokx-cropcenter:1080:1080.jpeg?dr=14579&refresh_token=02d8b510&x-expires=1752836400&x-signature=zy%2BRDCl5G8Rok48Dtt6rcFDD6Xw%3D&t=4d5b0474&ps=13740610&shp=a5d48078&shcp=81f88b70&idc=my2,"{'following': '15', 'followers': '45.7K', 'likes': '3.4M'}","Kem che khuyết điểm ở đây
@Hương fashion 🐰","[{'url': 'https://www.tiktok.com/link/v2?aid=1988&lang=en&scene=bio_url&target=https%3A%2F%2Fwww.facebook.com%2Fshare%2F1ZzKSrBJ7f%2F%3Fmibextid%3DwwXIfr', 'text': 'www.facebook.com/share/1ZzKSrBJ7f/?mibextid=wwXIfr'}]",huongstore.06
ngcuong379,Bố Bé Mỡ,https://p16-sign-sg.tiktokcdn.com/tos-alisg-avt-0068/ba486e3faa5ece959575ced93a47213c~tplv-tiktokx-cropcenter:1080:1080.jpeg?dr=14579&refresh_token=6850605e&x-expires=1752836400&x-signature=HLp090cSanQsFOij9JyOZYFxOmg%3D&t=4d5b0474&ps=13740610&shp=a5d48078&shcp=81f88b70&idc=my2,"{'following': '498', 'followers': '17K', 'likes': '1.2M'}",No bio yet.,[],ngcuong379
dipquanne,Dịp Quân,https://p16-sign-sg.tiktokcdn.com/tos-alisg-avt-0068/655f0ba196709796326df7fe35e76b4d~tplv-tiktokx-cropcenter:1080:1080.jpeg?dr=14579&refresh_token=32874c8c&x-expires=1752836400&x-signature=ejpRkIEdK%2FuRD5kXyUFSE6V9Nvs%3D&t=4d5b0474&ps=13740610&shp=a5d48078&shcp=81f88b70&idc=my2,"{'following': '6', 'followers': '51.9K', 'likes': '5.9M'}","Hành trình iu nhau của chúng mình 💙
@Ngọc Diệpp 
For work: dipquanne_ (IG)","[{'url': 'https://www.tiktok.com/link/v2?aid=1988&lang=en&scene=bio_url&target=https%3A%2F%2Fbeacons.ai%2Fdipquanne', 'text': 'beacons.ai/dipquanne'}]",dipquanne
phuonganhle305,Phanh nè🌸,https://p16-sign-sg.tiktokcdn.com/tos-alisg-avt-0068/bc4e26c63bcd87b682bc461c8abfbc5a~tplv-tiktokx-cropcenter:1080:1080.jpeg?dr=14579&refresh_token=3e9b778f&x-expires=1752836400&x-signature=Ver0oXvsita%2F3smhP4%2Bv7gQrFrA%3D&t=4d5b0474&ps=13740610&shp=a5d48078&shcp=81f88b70&idc=my2,"{'following': '44', 'followers': '685.2K', 'likes': '37.1M'}","Dr for work 📨
IG: phuonganh8677

acc phụ: @phanhday06","[{'url': 'https://www.tiktok.com/link/v2?aid=1988&lang=en&scene=bio_url&target=https%3A%2F%2Fphuonganh23502.passio.eco', 'text': 'phuonganh23502.passio.eco'}]",phuonganhle305
luky889889,Hoàng Tử Đau đẻ,https://p16-sign-sg.tiktokcdn.com/tos-alisg-avt-0068/a0d5422851aa238d217b68b6f0423855~tplv-tiktokx-cropcenter:1080:1080.jpeg?dr=14579&refresh_token=0e5d7c38&x-expires=1752836400&x-signature=Uid349gK42yseUpd6wTRV0BfXIo%3D&t=4d5b0474&ps=13740610&shp=a5d48078&shcp=81f88b70&idc=my2,"{'following': '16', 'followers': '15.4K', 'likes': '888.8K'}",Muốn Khởi nghiệp với máy đau đẻ :08694chín ko tám 8️⃣ hai,[],luky889889
plxhvn2,Tin Nóng Hàng Ngày,https://p16-sign-va.tiktokcdn.com/tos-maliva-avt-0068/dac88c1ce9d059dcc70d7144dfde9553~tplv-tiktokx-cropcenter:1080:1080.jpeg?dr=14579&refresh_token=e39ebc7f&x-expires=1752836400&x-signature=zkUqZp3z9CbTxhLeBBtY%2BQlaYWc%3D&t=4d5b0474&ps=13740610&shp=a5d48078&shcp=81f88b70&idc=my2,"{'following': '0', 'followers': '246.8K', 'likes': '13.1M'}","Cập nhật tin tức pháp luật xã hội mới nhất, tin nóng thời sự hàng ngày #plxhvn",[],plxhvn2
nottuman,Thập cẩm,https://p16-sign-va.tiktokcdn.com/tos-maliva-avt-0068/95dc58a158702c49401d18bcf43e0b20~tplv-tiktokx-cropcenter:1080:1080.jpeg?dr=14579&refresh_token=921eebcd&x-expires=1752836400&x-signature=XEObeLSqGgOFABy6PvYU91KKeBM%3D&t=4d5b0474&ps=13740610&shp=a5d48078&shcp=81f88b70&idc=my2,"{'following': '165', 'followers': '4181', 'likes': '704K'}","136 Sương Nguyệt Anh Phường Bến Thành 

Ig: sna.hood",[],nottuman
plxhvn2,Tin Nóng Hàng Ngày,https://p16-sign-va.tiktokcdn.com/tos-maliva-avt-0068/dac88c1ce9d059dcc70d7144dfde9553~tplv-tiktokx-cropcenter:1080:1080.jpeg?dr=14579&refresh_token=e39ebc7f&x-expires=1752836400&x-signature=zkUqZp3z9CbTxhLeBBtY%2BQlaYWc%3D&t=4d5b0474&ps=13740610&shp=a5d48078&shcp=81f88b70&idc=my2,"{'following': '0', 'followers': '246.8K', 'likes': '13.1M'}","Cập nhật tin tức pháp luật xã hội mới nhất, tin nóng thời sự hàng ngày #plxhvn",[],plxhvn2
sapgaobaobao,Sạp Gạo Bảo Bảo,https://p9-sign-sg.tiktokcdn.com/tos-alisg-avt-0068/5974e9d59c48bbea8176609532523a45~tplv-tiktokx-cropcenter:1080:1080.jpeg?dr=14579&refresh_token=24bf7333&x-expires=1752836400&x-signature=PWuWO4bEF6XFc%2BW42vnib9AsPgE%3D&t=4d5b0474&ps=13740610&shp=a5d48078&shcp=81f88b70&idc=my2,"{'following': '63', 'followers': '13.3K', 'likes': '401.9K'}","I love tiktok
Tiktok is the best
Sáng quay phim
Tối bán gạo",[],sapgaobaobao
chanhvivu,Chanh Vivu,https://p16-sign-sg.tiktokcdn.com/tos-alisg-avt-0068/8b31ee3c6a333ccc7f0ed268905f85ee~tplv-tiktokx-cropcenter:1080:1080.jpeg?dr=14579&refresh_token=4a0136f1&x-expires=1752836400&x-signature=rMMIbsqVjsznBc6YkJhtAnTD3w0%3D&t=4d5b0474&ps=13740610&shp=a5d48078&shcp=81f88b70&idc=my2,"{'following': '39', 'followers': '517.8K', 'likes': '9.9M'}","Contact for work 
booking.chanh@gmail.com
@Chanh Daily",[],chanhvivu
dramin.vn,DRAMIN,https://p16-sign-sg.tiktokcdn.com/tos-alisg-avt-0068/945527b2bf4251b24fbd34f33d66880a~tplv-tiktokx-cropcenter:1080:1080.jpeg?dr=14579&refresh_token=8b5639a7&x-expires=1752836400&x-signature=qNrRNBzDXPiyYQywyE9MOo2M1u0%3D&t=4d5b0474&ps=13740610&shp=a5d48078&shcp=81f88b70&idc=my2,"{'following': '18', 'followers': '217K', 'likes': '23.8M'}","Thiếu gì thì thiếu, đừng thiếu Vitamin Drama mỗi ngày
ZALO: 085 775 9559",[],dramin.vn
dangvuongne,Đăng Vương.,https://p16-sign-sg.tiktokcdn.com/tos-alisg-avt-0068/62896939f5b5730b61ce0b8f9441ffb4~tplv-tiktokx-cropcenter:1080:1080.jpeg?dr=14579&refresh_token=691dee7d&x-expires=1752836400&x-signature=ZH4E9Uey%2B3%2Fuo5O5O65HUkhbKsA%3D&t=4d5b0474&ps=13740610&shp=a5d48078&shcp=81f88b70&idc=my2,"{'following': '5', 'followers': '8309', 'likes': '946.8K'}","Contact For Work: 0967.088.950☎️☎️☎️
Đồ mình dùng ở dưới 👇","[{'url': 'https://www.tiktok.com/link/v2?aid=1988&lang=en&scene=bio_url&target=https%3A%2F%2Fbeacons.ai%2Fdangvuong12', 'text': 'beacons.ai/dangvuong12'}]",dangvuongne
gianghomang247,GIANG HỒ MẠNG,https://p16-sign-sg.tiktokcdn.com/tos-alisg-avt-0068/f6489c9c9d9d98d22740d5c04343e697~tplv-tiktokx-cropcenter:1080:1080.jpeg?dr=14579&refresh_token=90108506&x-expires=1752836400&x-signature=sA1NGjaSTqRLfz5X71G4HCSWlhQ%3D&t=4d5b0474&ps=13740610&shp=a5d48078&shcp=81f88b70&idc=my2,"{'following': '0', 'followers': '75.5K', 'likes': '2.4M'}",No bio yet.,[],gianghomang247
peter_mai_,peter_mai_,https://p77-sign-va.tiktokcdn.com/tos-maliva-avt-0068/ad1907ea97c875180f17fef351e0a06e~tplv-tiktokx-cropcenter:1080:1080.jpeg?dr=14579&refresh_token=521f99f5&x-expires=1752836400&x-signature=vYMiRqLdWCiqZGiE74j%2FRP9IwWk%3D&t=4d5b0474&ps=13740610&shp=a5d48078&shcp=81f88b70&idc=my2,"{'following': '0', 'followers': '848.6K', 'likes': '40.5M'}","mountain boy 🏔️🇦🇹
adventures
this is a happy place
peter@mostwantedmodels.com",[],peter_mai_
plxhvn2,Tin Nóng Hàng Ngày,https://p16-sign-va.tiktokcdn.com/tos-maliva-avt-0068/dac88c1ce9d059dcc70d7144dfde9553~tplv-tiktokx-cropcenter:1080:1080.jpeg?dr=14579&refresh_token=e39ebc7f&x-expires=1752836400&x-signature=zkUqZp3z9CbTxhLeBBtY%2BQlaYWc%3D&t=4d5b0474&ps=13740610&shp=a5d48078&shcp=81f88b70&idc=my2,"{'following': '0', 'followers': '246.8K', 'likes': '13.1M'}","Cập nhật tin tức pháp luật xã hội mới nhất, tin nóng thời sự hàng ngày #plxhvn",[],plxhvn2
pth_.69,Fuong Thah,https://p16-sign-sg.tiktokcdn.com/tos-alisg-avt-0068/a5aa0189af37e6de5950db824886c22e~tplv-tiktokx-cropcenter:1080:1080.jpeg?dr=14579&refresh_token=d4eb2102&x-expires=1752836400&x-signature=lFIJuWLg1uwUoyG82YY8ccpNbT0%3D&t=4d5b0474&ps=13740610&shp=a5d48078&shcp=81f88b70&idc=my2,"{'following': '342', 'followers': '50.7K', 'likes': '4.4M'}","ig: ftah_.69 
acc phụ: @pth69_ 
@6 con hàu sữa
📩👇🏿","[{'url': 'https://www.tiktok.com/link/v2?aid=1988&lang=en&scene=bio_url&target=6conhausua1256910%40gmail.com', 'text': '6conhausua1256910@gmail.com'}]",pth_.69
cobedotdiem,Chúa tể đồ,https://p16-sign-useast2a.tiktokcdn.com/tos-useast2a-avt-0068-giso/6ccf86250f92de46176d7ef343a951f8~tplv-tiktokx-cropcenter:1080:1080.jpeg?dr=14579&refresh_token=3d10c4ac&x-expires=1752836400&x-signature=6iOnSBSdxtyOzNZKN%2B0ic66fAx0%3D&t=4d5b0474&ps=13740610&shp=a5d48078&shcp=81f88b70&idc=my2,"{'following': '0', 'followers': '618.7K', 'likes': '45M'}",Mấy món đồ trong trang mình đây nè,"[{'url': 'https://www.tiktok.com/link/v2?aid=1988&lang=en&scene=bio_url&target=https%3A%2F%2Flinktr.ee%2Fchuatedo', 'text': 'linktr.ee/chuatedo'}]",cobedotdiem
phucsyno96,Phúc Syno,https://p16-sign-useast2a.tiktokcdn.com/tos-useast2a-avt-0068-euttp/7316872561013784608~tplv-tiktokx-cropcenter:1080:1080.jpeg?dr=14579&refresh_token=540da89e&x-expires=1752836400&x-signature=PlSC8BxyWgzB3Rbi6FPubHGPziE%3D&t=4d5b0474&ps=13740610&shp=a5d48078&shcp=81f88b70&idc=my2,"{'following': '23', 'followers': '1.2M', 'likes': '18.8M'}","Kênh Cảm Động Không Có Hề
👉 Lh Review - Xây kênh: 0896.405.582","[{'url': 'https://www.tiktok.com/link/v2?aid=1988&lang=en&scene=bio_url&target=https%3A%2F%2Fbeacons.page%2Fphucsyno', 'text': 'beacons.page/phucsyno'}]",phucsyno96
dienvienmanhtruong,Nguyen Manh Truong,https://p16-sign-sg.tiktokcdn.com/tos-alisg-avt-0068/7336587215788572673~tplv-tiktokx-cropcenter:1080:1080.jpeg?dr=14579&refresh_token=17025ac2&x-expires=1752836400&x-signature=NlD63hAp0EiF5Hby4cECH8hffIs%3D&t=4d5b0474&ps=13740610&shp=a5d48078&shcp=81f88b70&idc=my2,"{'following': '2', 'followers': '292.8K', 'likes': '3M'}",https://vt.tiktok.com/ZSMdnckmn/,[],dienvienmanhtruong
manxuatgia,Minh Anh Vương,https://p16-sign-sg.tiktokcdn.com/tos-alisg-avt-0068/1d726499c9eef7dd2562131a6a89cfbe~tplv-tiktokx-cropcenter:1080:1080.jpeg?dr=14579&refresh_token=6bfe84ea&x-expires=1752836400&x-signature=OIMzJMu2qRY3ADNIbxv1gMJU%2BIg%3D&t=4d5b0474&ps=13740610&shp=a5d48078&shcp=81f88b70&idc=my2,"{'following': '34', 'followers': '7678', 'likes': '461.1K'}","Nhân phẩm của ẩm thực 😎
"" Kênh chính chủ duy nhất ""✅",[],manxuatgia
tranghieu0211,Chang Híu,https://p16-sign-va.tiktokcdn.com/tos-maliva-avt-0068/6cff5a328011cbec47a71dc088d63c2e~tplv-tiktokx-cropcenter:1080:1080.jpeg?dr=14579&refresh_token=0fa5241a&x-expires=1752836400&x-signature=XcO%2B4uA2T6rpOCov13oZbexLpXk%3D&t=4d5b0474&ps=13740610&shp=a5d48078&shcp=81f88b70&idc=my2,"{'following': '84', 'followers': '469K', 'likes': '23.7M'}","Chuyện tình iêu 7 năm 💕 IG: changhiuu
@usso.studio 
📩changhiu.work@gmail.com","[{'url': 'https://www.tiktok.com/link/v2?aid=1988&lang=en&scene=bio_url&target=https%3A%2F%2Fbeacons.ai%2Fchanghiu', 'text': 'beacons.ai/changhiu'}]",tranghieu0211
vang.thi.xoa0,Thị xoa .,https://p16-sign-sg.tiktokcdn.com/tos-alisg-avt-0068/91caa13e4ddcd944f5b2b54e147fb06a~tplv-tiktokx-cropcenter:1080:1080.jpeg?dr=14579&refresh_token=fcbab0c7&x-expires=1752836400&x-signature=Zu%2B406UeI6fg3weB58T6hE2SuJw%3D&t=4d5b0474&ps=13740610&shp=a5d48078&shcp=81f88b70&idc=my,"{'following': '179', 'followers': '25.1K', 'likes': '536.5K'}",".""chỉ hai từ đó là:follo .""
         ♥️🥰",[],vang.thi.xoa0
_dieulinh16_,𝓓𝓲𝓮̣̂𝓾 𝓛𝓲𝓷𝓱,https://p16-sign-sg.tiktokcdn.com/tos-alisg-avt-0068/2f7fb902fa41c5a948a7b69a3700e58c~tplv-tiktokx-cropcenter:1080:1080.jpeg?dr=14579&refresh_token=ce31ad1f&x-expires=1752836400&x-signature=L5fTavIW3zngZAoUhHxYt2IHW1I%3D&t=4d5b0474&ps=13740610&shp=a5d48078&shcp=81f88b70&idc=my2,"{'following': '122', 'followers': '3.7M', 'likes': '146.5M'}","Instagram : _dieulinh16_ 
📩 : forworkdieulinh@gmail.com","[{'url': 'https://www.tiktok.com/link/v2?aid=1988&lang=en&scene=bio_url&target=https%3A%2F%2Fbeacons.ai%2Fngdiuninh', 'text': 'beacons.ai/ngdiuninh'}]",_dieulinh16_
khanhlinhtran02,Khánh Linh FF 🎀,,"{'following': '74', 'followers': '1.1M', 'likes': '15.1M'}","Lhcv: i gờ : Klinh_m
Phụ @Linh Nước Ép 
 Cần acc uy tín giá rẻ vô đây nha👇🏼","[{'url': 'https://www.tiktok.com/link/v2?aid=1988&lang=en&scene=bio_url&target=https%3A%2F%2Fbeacons.ai%2Fkhanhlinhfff', 'text': 'beacons.ai/khanhlinhfff'}]",khanhlinhtran02
lehoa1297,lehoa01021997,https://p16-sign-sg.tiktokcdn.com/tos-alisg-avt-0068/53825411f312537b027afca21fdc4e2d~tplv-tiktokx-cropcenter:1080:1080.jpeg?dr=14579&refresh_token=17e0a05a&x-expires=1752836400&x-signature=ZBM4hMGIsrWLPcQfW4UuPpWesnY%3D&t=4d5b0474&ps=13740610&shp=a5d48078&shcp=81f88b70&idc=my2,"{'following': '70', 'followers': '91.3K', 'likes': '904K'}","Nhận job - nhận pr sản phẩm 
Lh : 0365755704",[],lehoa1297
littlequanzz,con Cò đây,https://p16-sign-sg.tiktokcdn.com/tos-alisg-avt-0068/8409b292e79d5945a97caa588a45666d~tplv-tiktokx-cropcenter:1080:1080.jpeg?dr=14579&refresh_token=3c9063cb&x-expires=1752836400&x-signature=cG9drz9TZpGQk0Fn5CF4jpNx8%2F0%3D&t=4d5b0474&ps=13740610&shp=a5d48078&shcp=81f88b70&idc=my2,"{'following': '153', 'followers': '981.7K', 'likes': '38.3M'}","IG: Littlequanzzz
For work: 0901.761.828 (Ms. Lời Võ) 
Work.concoday@gmail.com",[],littlequanzz
ig.khalac248,Lạc 🦦,https://p16-sign-sg.tiktokcdn.com/tos-alisg-avt-0068/0290cc79a97801d46f3304f23ab582c4~tplv-tiktokx-cropcenter:1080:1080.jpeg?dr=14579&refresh_token=bc94486f&x-expires=1752836400&x-signature=SRq0qDBRfdajphUvdiixA31w4xU%3D&t=4d5b0474&ps=13740610&shp=a5d48078&shcp=81f88b70&idc=my2,"{'following': '82', 'followers': '988.7K', 'likes': '65.2M'}","For Work : Phamm86253@gmail.com📩
 ig: Khalac_248
Link sản phẩm🛒🎀
👇🏻👇🏻👇🏻","[{'url': 'https://www.tiktok.com/link/v2?aid=1988&lang=en&scene=bio_url&target=https%3A%2F%2Flinkbio.co%2F6042419bGfcEs', 'text': 'linkbio.co/6042419bGfcEs'}]",ig.khalac248
louispham_203,Louispnp203,https://p16-sign-sg.tiktokcdn.com/tos-alisg-avt-0068/59843c9ee1ca710edaa9ad385b77774d~tplv-tiktokx-cropcenter:1080:1080.jpeg?dr=14579&refresh_token=370bac0b&x-expires=1752836400&x-signature=LKmQ7HkfwS%2BL0b%2FswE3sa2Osffc%3D&t=4d5b0474&ps=13740610&shp=a5d48078&shcp=81f88b70&idc=my2,"{'following': '42', 'followers': '1.3M', 'likes': '70.1M'}","Contact for work : Louispham203@gmail.com
(Mr. Julia Le)","[{'url': 'https://www.tiktok.com/link/v2?aid=1988&lang=en&scene=bio_url&target=https%3A%2F%2Finstabio.cc%2F3041912rO1YJs', 'text': 'instabio.cc/3041912rO1YJs'}]",louispham_203
uyenan.h,Huỳnh Uyển Ân,https://p16-sign-useast2a.tiktokcdn.com/tos-useast2a-avt-0068-euttp/7336053438876221472~tplv-tiktokx-cropcenter:1080:1080.jpeg?dr=14579&refresh_token=dac0ac7b&x-expires=1752836400&x-signature=7rHEYFpeLVNn6LC6Qpns5PN3Njc%3D&t=4d5b0474&ps=13740610&shp=a5d48078&shcp=81f88b70&idc=my2,"{'following': '14', 'followers': '491.1K', 'likes': '10M'}",Ở nhà tên Dánh ☺️,[],uyenan.h
_halinhtran_,Trần Hà Linh 🐰,https://p16-sign-sg.tiktokcdn.com/tos-alisg-avt-0068/9d4b25227ef8bf3c3a438dec013230ef~tplv-tiktokx-cropcenter:1080:1080.jpeg?dr=14579&refresh_token=e6ab292f&x-expires=1752836400&x-signature=pmtvfDRZ%2F6teRV1dg9ngZTmG1OU%3D&t=4d5b0474&ps=13740610&shp=a5d48078&shcp=81f88b70&idc=my2,"{'following': '82', 'followers': '2.2M', 'likes': '70.9M'}","Nhận job liên hệ các mxh dưới
@Đặc vụ meo meo","[{'url': 'https://www.tiktok.com/link/v2?aid=1988&lang=en&scene=bio_url&target=https%3A%2F%2Fbeacons.ai%2Fhalinhxinhxinh', 'text': 'beacons.ai/halinhxinhxinh'}]",_halinhtran_
kimanhne_36,𝐊𝐚𝐧𝐡 𝐃𝐚̂𝐮𝐮 🍓,,"{'following': '229', 'followers': '1.2M', 'likes': '52.1M'}","Contact for work 
𝐈𝐠: 𝐤𝐚𝐧𝐡.𝐱𝐢𝐧𝐡𝐡𝟑𝟔 🍓
@𝓚𝓲𝓶 𝓐𝓷𝓱 🎀",[],kimanhne_36
nhanvuatovuadz1701,ghét rau muống luộc 😭,,"{'following': '106', 'followers': '222K', 'likes': '6.8M'}","ig _nnhaan.1701
fl acc @Nguyễn Trọng Nhân
direct for work: 0.8.9.6.9.9.0.1.1.7","[{'url': 'https://www.tiktok.com/link/v2?aid=1988&lang=en&scene=bio_url&target=https%3A%2F%2Fbeacons.ai%2Ftrongnhanday', 'text': 'beacons.ai/trongnhanday'}]",nhanvuatovuadz1701
kame_dance_studio,Lớp Nhảy Kame Dance Studio 💃,https://p16-sign-useast2a.tiktokcdn.com/tos-useast2a-avt-0068-euttp/3ad4b3e5285d95ba418a89562d020ee6~tplv-tiktokx-cropcenter:1080:1080.jpeg?dr=14579&refresh_token=d4eafeaf&x-expires=1752836400&x-signature=paAsYIw3EOdXl5K9TDfafBMwGYM%3D&t=4d5b0474&ps=13740610&shp=a5d48078&shcp=81f88b70&idc=my2,"{'following': '3', 'followers': '11.4K', 'likes': '144K'}","Lớp học nhảy ở Quận 9 Thủ Đức, Online toàn quốc: 
Kame Dance Studio (fb)",[],kame_dance_studio
bbibeo_o,có ngy thì đổi tên,https://p16-sign-sg.tiktokcdn.com/tos-alisg-avt-0068/02dabfc6142d7a3f43267a36f3d89795~tplv-tiktokx-cropcenter:1080:1080.jpeg?dr=14579&refresh_token=799ff66a&x-expires=1752836400&x-signature=hRXeWLj2QG%2F5U0ASoqm13p6E0p0%3D&t=4d5b0474&ps=13740610&shp=a5d48078&shcp=81f88b70&idc=my2,"{'following': '32', 'followers': '298', 'likes': '116.5K'}",ig: lullabywine,[],bbibeo_o
phuongmychiofficial,Phương Mỹ Chi,https://p9-sign-sg.tiktokcdn.com/tos-alisg-avt-0068/b82e02f7d6728463f2ddb584b63b2ae9~tplv-tiktokx-cropcenter:1080:1080.jpeg?dr=14579&refresh_token=524e3816&x-expires=1752836400&x-signature=YcZm8%2B3RvsW07vLr0PKS0N54pIs%3D&t=4d5b0474&ps=13740610&shp=a5d48078&shcp=81f88b70&idc=my2,"{'following': '151', 'followers': '4.5M', 'likes': '99.5M'}",📧 booking@vmasgroup.com,[],phuongmychiofficial
alithucphuong,Ali Thục Phương,https://p16-sign-sg.tiktokcdn.com/tos-alisg-avt-0068/d87927b49385964cca84c5f477dcae40~tplv-tiktokx-cropcenter:1080:1080.jpeg?dr=14579&refresh_token=f479c5f6&x-expires=1752836400&x-signature=Z2vdHj6%2BJLfDIRS4jFB98vmyqio%3D&t=4d5b0474&ps=13740610&shp=a5d48078&shcp=81f88b70&idc=my2,"{'following': '862', 'followers': '664.7K', 'likes': '10.1M'}","Kênh Duy Nhất Của Ali 
(Account run by Mom)
LH: bookingalithucphuong@gmail.com",[],alithucphuong
congchua1999x,Công chúa ❤️,https://p16-sign-sg.tiktokcdn.com/tos-alisg-avt-0068/281fd883778016256241253f8f08ec48~tplv-tiktokx-cropcenter:1080:1080.jpeg?dr=14579&refresh_token=99459c97&x-expires=1752836400&x-signature=FehNZORf1eo08nfPVvd8KHWd4Vw%3D&t=4d5b0474&ps=13740610&shp=a5d48078&shcp=81f88b70&idc=my2,"{'following': '100', 'followers': '966.5K', 'likes': '27.8M'}","JOB 🍀 0.ba 3 ba 0 năm 6 hai 7.ba🍀
-Đồmình dùg ở dưới👇(thưn anh việt đen) ❤️",[],congchua1999x
_hamykk,_trapgirl giải nghệ,,"{'following': '24', 'followers': '8090', 'likes': '235.2K'}",thích cái lạnh.,[],_hamykk
tippitivi,Tippi TV,https://p16-sign-va.tiktokcdn.com/tos-maliva-avt-0068/4ec02172e8af9cab5a35dbb700e12e16~tplv-tiktokx-cropcenter:1080:1080.jpeg?dr=14579&refresh_token=dbe981e0&x-expires=1752836400&x-signature=mKldYBtzkyjWTIAU2wARab1tcBU%3D&t=4d5b0474&ps=13740610&shp=a5d48078&shcp=81f88b70&idc=my2,"{'following': '34', 'followers': '347K', 'likes': '2.7M'}",Anh thanh niên chưa trải sự đời,[],tippitivi
hoa.batdongsan,HOA PHAN 2 👅,https://p16-sign-sg.tiktokcdn.com/tos-alisg-avt-0068/ab5461c63addfc2ed5d030ca492242ed~tplv-tiktokx-cropcenter:1080:1080.jpeg?dr=14579&refresh_token=b64c4839&x-expires=1752836400&x-signature=oqR6bWKmcEq5slOqZBDmhjmrWLU%3D&t=4d5b0474&ps=13740610&shp=a5d48078&shcp=81f88b70&idc=my2,"{'following': '100', 'followers': '302.4K', 'likes': '18.5M'}","For job: Không961 744 743 (K.Trang) 
Nick chính là @HOA PHAN 

ig hannah_onlyn","[{'url': 'https://www.tiktok.com/link/v2?aid=1988&lang=en&scene=bio_url&target=https%3A%2F%2Fshpe.site%2Fhoaphan', 'text': 'shpe.site/hoaphan'}]",hoa.batdongsan
lingg2809,Hà 💋,,"{'following': '136', 'followers': '7.9M', 'likes': '338.7M'}","instagram @nganha.203
📩 : work.nganha@gmail.com (Ms. Lời Võ)
@Hozii của Hà 💋","[{'url': 'https://www.tiktok.com/link/v2?aid=1988&lang=en&scene=bio_url&target=https%3A%2F%2Fwww.facebook.com%2Fshare%2F1T8UwQ1VsU%2F%3Fmibextid%3DwwXIfr', 'text': 'www.facebook.com/share/1T8UwQ1VsU/?mibextid=wwXIfr'}]",lingg2809
diu.anh7249,diệu anh,https://p16-sign-sg.tiktokcdn.com/tos-alisg-avt-0068/cdcd1c2858b7247a7e03452c0e4616cf~tplv-tiktokx-cropcenter:1080:1080.jpeg?dr=14579&refresh_token=a957fbff&x-expires=1752836400&x-signature=mw5gSDaEVjgERhhjNjmLiPdJy28%3D&t=4d5b0474&ps=13740610&shp=a5d48078&shcp=81f88b70&idc=my,"{'following': '5', 'followers': '1165', 'likes': '176.1K'}",đang tham vọng xu hướng😭😭,[],diu.anh7249
kimanhne_36,𝐊𝐚𝐧𝐡 𝐃𝐚̂𝐮𝐮 🍓,https://p16-sign-sg.tiktokcdn.com/tos-alisg-avt-0068/e4bc87e3f988de52ef49ce49a05903be~tplv-tiktokx-cropcenter:1080:1080.jpeg?dr=14579&refresh_token=d4f54304&x-expires=1752836400&x-signature=EhIjHWXhJcwcQ%2B4KUX4spVK3VKU%3D&t=4d5b0474&ps=13740610&shp=a5d48078&shcp=81f88b70&idc=my,"{'following': '229', 'followers': '1.2M', 'likes': '52.1M'}","Contact for work 
𝐈𝐠: 𝐤𝐚𝐧𝐡.𝐱𝐢𝐧𝐡𝐡𝟑𝟔 🍓
@𝓚𝓲𝓶 𝓐𝓷𝓱 🎀",[],kimanhne_36
sau2_004,Sâu Hết Content,https://p16-sign-sg.tiktokcdn.com/tos-alisg-avt-0068/7dc3a2456e49668e5e21d97997608c7d~tplv-tiktokx-cropcenter:1080:1080.jpeg?dr=14579&refresh_token=d341522c&x-expires=1752836400&x-signature=GfJWNGZC3O2QlHIgedcKqjed5ik%3D&t=4d5b0474&ps=13740610&shp=a5d48078&shcp=81f88b70&idc=my,"{'following': '70', 'followers': '1.1M', 'likes': '27.8M'}","CONTACT FOR WORK 💌 
IG: _deep204
Tnguyen234678@gmail.com
Phụ @Sâu đời thường 🐛","[{'url': 'https://www.tiktok.com/link/v2?aid=1988&lang=en&scene=bio_url&target=thaosau20.koclink.info', 'text': 'thaosau20.koclink.info'}]",sau2_004
xoaikhongchua_99,Xoài không chua 🥭,https://p16-sign-va.tiktokcdn.com/tos-maliva-avt-0068/df6c3d805d074b068c479315a64a3461~tplv-tiktokx-cropcenter:1080:1080.jpeg?dr=14579&refresh_token=fbf77fb7&x-expires=1752836400&x-signature=buM2i3es8%2FKNnfgxCQa0Nz4onfQ%3D&t=4d5b0474&ps=13740610&shp=a5d48078&shcp=81f88b70&idc=my,"{'following': '1', 'followers': '2109', 'likes': '285.5K'}",Ở lại đây mình cùng quậy tung nóc 🤫,[],xoaikhongchua_99
namanhvt11,Cậu Bảy Quận 3 🦈,https://p16-sign-sg.tiktokcdn.com/tos-alisg-avt-0068/4673f4b55c9b233e153a70a291008642~tplv-tiktokx-cropcenter:1080:1080.jpeg?dr=14579&refresh_token=cecde490&x-expires=1752840000&x-signature=kM%2FMRvi9GG9n5Hs78x43FGn1EjY%3D&t=4d5b0474&ps=13740610&shp=a5d48078&shcp=81f88b70&idc=my2,"{'following': '58', 'followers': '1.4M', 'likes': '47.1M'}",📩 caubayquan3.work@gmail.com,[],namanhvt11
plxhvn2,Tin Nóng Hàng Ngày,https://p16-sign-va.tiktokcdn.com/tos-maliva-avt-0068/dac88c1ce9d059dcc70d7144dfde9553~tplv-tiktokx-cropcenter:1080:1080.jpeg?dr=14579&refresh_token=b2b61a40&x-expires=1752840000&x-signature=58PfhSFN%2F%2BvK0syYnC4i15EhHEQ%3D&t=4d5b0474&ps=13740610&shp=a5d48078&shcp=81f88b70&idc=my2,"{'following': '0', 'followers': '247K', 'likes': '13.2M'}","Cập nhật tin tức pháp luật xã hội mới nhất, tin nóng thời sự hàng ngày #plxhvn",[],plxhvn2
color.life.1978,Sơn lại cuộc đời,https://p16-sign-sg.tiktokcdn.com/tos-alisg-avt-0068/7fbd9dcbb4099e3c56561132ea19fc52~tplv-tiktokx-cropcenter:1080:1080.jpeg?dr=14579&refresh_token=48be4390&x-expires=1752840000&x-signature=pR9m%2Frl%2FCI1hS2Xawb6sEnf2zpA%3D&t=4d5b0474&ps=13740610&shp=a5d48078&shcp=81f88b70&idc=my2,"{'following': '0', 'followers': '801.5K', 'likes': '15.2M'}","Đừng để tường nhà bạn 
sống trong trắng quá lâu
ZoIa O876.274.OO5",[],color.life.1978
chikhang0311,Chí Khang,https://p16-sign-va.tiktokcdn.com/tos-maliva-avt-0068/b1870c5fcc23a7b8cc8ccb1272633e75~tplv-tiktokx-cropcenter:1080:1080.jpeg?dr=14579&refresh_token=00ecdc88&x-expires=1752840000&x-signature=QhnIYC40JPrBFLd6ICCYedoOcu8%3D&t=4d5b0474&ps=13740610&shp=a5d48078&shcp=81f88b70&idc=my2,"{'following': '211', 'followers': '2.4M', 'likes': '189.4M'}","Liên Hệ Công Việc 👇🏻
chikhangnguyen0311@gmail.com","[{'url': 'https://www.tiktok.com/link/v2?aid=1988&lang=en&scene=bio_url&target=linkbio.co%2F5111511FdDKSy', 'text': 'linkbio.co/5111511FdDKSy'}]",chikhang0311
haha_412,HAHA,https://p16-sign-useast2a.tiktokcdn.com/tos-useast2a-avt-0068-giso/42435dbb7bca7c6599a7a3b127d2112d~tplv-tiktokx-cropcenter:1080:1080.jpeg?dr=14579&refresh_token=9e82ad7f&x-expires=1752840000&x-signature=y6i3U81zvHSafTHeIl2AlQqt5Rk%3D&t=4d5b0474&ps=13740610&shp=a5d48078&shcp=81f88b70&idc=my2,"{'following': '381', 'followers': '3.9M', 'likes': '149.9M'}","sống chiến đấu lao động học tập
Facebook : Trần Mỹ Phương Hà
Đồ tôi dùng ở ⬇️ nè","[{'url': 'https://www.tiktok.com/link/v2?aid=1988&lang=en&scene=bio_url&target=beacons.ai%2Fhahatran', 'text': 'beacons.ai/hahatran'}]",haha_412
itsdunggee,Dũng Gee💋,https://p16-sign-sg.tiktokcdn.com/tos-alisg-avt-0068/5ea3e84f59b6a911658a620179736f00~tplv-tiktokx-cropcenter:1080:1080.jpeg?dr=14579&refresh_token=aae9cdf5&x-expires=1752840000&x-signature=C0niU98bcKrujVPLOyxVdxDUA8s%3D&t=4d5b0474&ps=13740610&shp=a5d48078&shcp=81f88b70&idc=my2,"{'following': '159', 'followers': '4.8M', 'likes': '146.4M'}","🇦🇺Dũng & Vy🇻🇳
📩: dunggee.business@gmail.com",[],itsdunggee
longandaxua,Lê Long An,https://p16-sign-sg.tiktokcdn.com/tos-alisg-avt-0068/4f4378128535c85483cba87b29c31b50~tplv-tiktokx-cropcenter:1080:1080.jpeg?dr=14579&refresh_token=ee42520c&x-expires=1752840000&x-signature=PTMKgf0N1CRWxb9v1Mbk7fmEUDw%3D&t=4d5b0474&ps=13740610&shp=a5d48078&shcp=81f88b70&idc=my2,"{'following': '464', 'followers': '3.2M', 'likes': '72M'}","Leader T1G Team 
🔻t1gteamvn@gmail.com🔻",[],longandaxua
dong.thuydung,Đồng Thuỳ Dung,,"{'following': '163', 'followers': '1.5M', 'likes': '44.9M'}","FW: bichphuong191098@gmail.com
Zl:0866147098
@Đồng Dung Khó Tính
@Đồng Thùy Dung","[{'url': 'https://www.tiktok.com/link/v2?aid=1988&lang=en&scene=bio_url&target=https%3A%2F%2Fwww.facebook.com%2Fdongthuydungg%3Fmibextid%3DLQQJ4d', 'text': 'www.facebook.com/dongthuydungg?mibextid=LQQJ4d'}]",dong.thuydung
lebaoofficial,Lê Bảo,https://p16-sign-sg.tiktokcdn.com/tos-alisg-avt-0068/d21919c71bab1fe7cb474005a517637a~tplv-tiktokx-cropcenter:1080:1080.jpeg?dr=14579&refresh_token=5153b13e&x-expires=1752840000&x-signature=9YPiVx%2FDlk1eim892t8L8BGoA3w%3D&t=4d5b0474&ps=13740610&shp=a5d48078&shcp=81f88b70&idc=my2,"{'following': '95', 'followers': '5.4M', 'likes': '129.9M'}","Nhạc Nge Như Người
Contact manager
0931.676.588
ngaidavid6868@gmail.com","[{'url': 'https://www.tiktok.com/link/v2?aid=1988&lang=en&scene=bio_url&target=https%3A%2F%2Flebaoofficial.com', 'text': 'lebaoofficial.com'}]",lebaoofficial
tuan_than_den_ha_noi,Tuấn Thần Đèn Hà Nội,https://p16-sign-sg.tiktokcdn.com/tos-alisg-avt-0068/9300db4be879cce2dd9d1310cc054691~tplv-tiktokx-cropcenter:1080:1080.jpeg?dr=14579&refresh_token=6a9a0bb5&x-expires=1752840000&x-signature=txvTM11pEfvRFi431089KjJoFoc%3D&t=4d5b0474&ps=13740610&shp=a5d48078&shcp=81f88b70&idc=my2,"{'following': '723', 'followers': '72.8K', 'likes': '1.4M'}","TUẤN THẦN ĐÈN HÀ NỘI 
Lh job : 035_8282_312 |","[{'url': 'https://www.tiktok.com/link/v2?aid=1988&lang=en&scene=bio_url&target=https%3A%2F%2Fwww.facebook.com%2Fprofile.php%3Fid%3D100088258140206%26mibextid%3DLQQJ4dhttps%3A%2F%2Fwww.tiktok.com', 'text': 'www.facebook.com/profile.php?id=100088258140206&mibextid=LQQJ4dhttps://www.tiktok.com'}]",tuan_than_den_ha_noi
anthonyngofficial,Anthony Ng,https://p16-sign-va.tiktokcdn.com/tos-maliva-avt-0068/b91731b302564d45a26ebc85df03038f~tplv-tiktokx-cropcenter:1080:1080.jpeg?dr=14579&refresh_token=f65202ee&x-expires=1752840000&x-signature=ju%2B4OQpMY7FC2aMe%2BbGVd5nhA7w%3D&t=4d5b0474&ps=13740610&shp=a5d48078&shcp=81f88b70&idc=my2,"{'following': '25', 'followers': '455.3K', 'likes': '21.1M'}",lg anthonyngofficial,[],anthonyngofficial
saigonteu,Saigon Tếu,https://p16-sign-sg.tiktokcdn.com/tos-alisg-avt-0068/7333557393176920084~tplv-tiktokx-cropcenter:1080:1080.jpeg?dr=14579&refresh_token=9a3a58d6&x-expires=1752840000&x-signature=VkGtdY4Sl94PkzQpHaiHlQ4Q0Qo%3D&t=4d5b0474&ps=13740610&shp=a5d48078&shcp=81f88b70&idc=my2,"{'following': '20', 'followers': '3.1M', 'likes': '47.2M'}","Đây là kênh Tiktok duy nhất của Tếu💙
Mua vé xem show Saigon Tếu tại đây 👇","[{'url': 'https://www.tiktok.com/link/v2?aid=1988&lang=en&scene=bio_url&target=https%3A%2F%2Ftinyurl.com%2FTDDATiktok', 'text': 'tinyurl.com/TDDATiktok'}]",saigonteu
khuamatvuong,Anh Mặt Vuông,https://p9-sign-sg.tiktokcdn.com/tos-alisg-avt-0068/2160e2f466aa277fe02de570ac688bc8~tplv-tiktokx-cropcenter:1080:1080.jpeg?dr=14579&refresh_token=b07d6c00&x-expires=1752840000&x-signature=4DV4gbwbkUrF2H6ymkyHDlijNP0%3D&t=4d5b0474&ps=13740610&shp=a5d48078&shcp=81f88b70&idc=my2,"{'following': '207', 'followers': '993.3K', 'likes': '42M'}","Contacts mua xe: 0826999909 (TraiDepBanXeRe)
Booking: khuamatvuong@gmail.com",[],khuamatvuong
namanhvt11,Cậu Bảy Quận 3 🦈,https://p16-sign-sg.tiktokcdn.com/tos-alisg-avt-0068/4673f4b55c9b233e153a70a291008642~tplv-tiktokx-cropcenter:1080:1080.jpeg?dr=14579&refresh_token=cecde490&x-expires=1752840000&x-signature=kM%2FMRvi9GG9n5Hs78x43FGn1EjY%3D&t=4d5b0474&ps=13740610&shp=a5d48078&shcp=81f88b70&idc=my2,"{'following': '58', 'followers': '1.4M', 'likes': '47.1M'}",📩 caubayquan3.work@gmail.com,[],namanhvt11
phucbinhyenofficial,Phúc Bình Yên,https://p16-sign-sg.tiktokcdn.com/tos-alisg-avt-0068/b8825e801a8a5bff0ec7a6157183fc14~tplv-tiktokx-cropcenter:1080:1080.jpeg?dr=14579&refresh_token=f596ca90&x-expires=1752840000&x-signature=dLoAuD8r5WBAG5BXch3D1sDpAWY%3D&t=4d5b0474&ps=13740610&shp=a5d48078&shcp=81f88b70&idc=my2,"{'following': '25', 'followers': '303.5K', 'likes': '7.2M'}","𝑻𝒆𝒂𝒎 𝑷𝒉𝒖́𝒄 𝑺𝒚𝒏𝒐
NỘI DUNG GIẢI TRÍ 
Lh review: 0366.129.400","[{'url': 'https://www.tiktok.com/link/v2?aid=1988&lang=en&scene=bio_url&target=https%3A%2F%2Fbeacons.ai%2Fphucbinhyen', 'text': 'beacons.ai/phucbinhyen'}]",phucbinhyenofficial
codongnat_99,Cô Đồng Nát,https://p16-sign-sg.tiktokcdn.com/tos-alisg-avt-0068/605e1f8f2ce8e38040fb8fe78a93afec~tplv-tiktokx-cropcenter:1080:1080.jpeg?dr=14579&refresh_token=592a1885&x-expires=1752840000&x-signature=hrGh76fXP%2BgoSEPM0MFCawt5mQQ%3D&t=4d5b0474&ps=13740610&shp=a5d48078&shcp=81f88b70&idc=my2,"{'following': '79', 'followers': '4.2M', 'likes': '97.8M'}","Ib For Job 📩
quyenlelenh@gmail.com",[],codongnat_99
papa_taiche,PaPa Tái Chế,https://p9-sign-sg.tiktokcdn.com/tos-alisg-avt-0068/d454f118785039c359602918f42ace47~tplv-tiktokx-cropcenter:1080:1080.jpeg?dr=14579&refresh_token=da7e40df&x-expires=1752840000&x-signature=JnGcHgRpWiDflmNUf7r7jQtajdM%3D&t=4d5b0474&ps=13740610&shp=a5d48078&shcp=81f88b70&idc=my2,"{'following': '38', 'followers': '655.5K', 'likes': '14.8M'}","Forwork: 
📩: papataiche.booking@gmail.com
📱: 0984426656(Trợ lý Yến)","[{'url': 'https://www.tiktok.com/link/v2?aid=1988&lang=en&scene=bio_url&target=https%3A%2F%2Fpapataiche.passio.eco', 'text': 'papataiche.passio.eco'}]",papa_taiche
nguyenmythanh0392,Nguyễn Mỹ Thanh,https://p16-sign-va.tiktokcdn.com/tos-maliva-avt-0068/790154310b654a417e905831ae034bff~tplv-tiktokx-cropcenter:1080:1080.jpeg?dr=14579&refresh_token=35bb9e1d&x-expires=1752840000&x-signature=eOFKfU6uZ13Hu7Ii5iXW2XzPeXg%3D&t=4d5b0474&ps=13740610&shp=a5d48078&shcp=81f88b70&idc=my2,"{'following': '13', 'followers': '34.7K', 'likes': '171.7K'}",No bio yet.,[],nguyenmythanh0392
tuyenpoi,Tuyến Pói 💠,https://p16-sign-sg.tiktokcdn.com/tos-alisg-avt-0068/9256e7aeda930e7dd9203b3e63c354ce~tplv-tiktokx-cropcenter:1080:1080.jpeg?dr=14579&refresh_token=b06eeeb3&x-expires=1752840000&x-signature=PvTC%2BVJyhomybhGlcmmYjHgRKXw%3D&t=4d5b0474&ps=13740610&shp=a5d48078&shcp=81f88b70&idc=my2,"{'following': '47', 'followers': '360.5K', 'likes': '2.2M'}","𝑩𝒐𝒐𝒌𝒊𝒏𝒈
TUYẾN PÓI
📨 Contact: thanhtuyen2official@gmail.com","[{'url': 'https://www.tiktok.com/link/v2?aid=1988&lang=en&scene=bio_url&target=https%3A%2F%2Fwww.facebook.com%2Fshare%2F1A5f1WPMWN%2F%3Fmibextid%3DwwXIfr', 'text': 'www.facebook.com/share/1A5f1WPMWN/?mibextid=wwXIfr'}]",tuyenpoi
ttinflyou,Chú Tín,https://p16-sign-sg.tiktokcdn.com/tos-alisg-avt-0068/e03dcdabda369d3ca9e794dc4221dea9~tplv-tiktokx-cropcenter:1080:1080.jpeg?dr=14579&refresh_token=deceb4ee&x-expires=1752840000&x-signature=RMTlxSiHbWilh6eQxBVmHDGmBxY%3D&t=4d5b0474&ps=13740610&shp=a5d48078&shcp=81f88b70&idc=my2,"{'following': '511', 'followers': '861.1K', 'likes': '64.4M'}","Acc phụ duy nhất @Tập làm Chú Tín 
lG: ttinflyou
Gmail: votun0132@gmail.com","[{'url': 'https://www.tiktok.com/link/v2?aid=1988&lang=en&scene=bio_url&target=https%3A%2F%2Flinkbio.co%2F7040211trroDI', 'text': 'linkbio.co/7040211trroDI'}]",ttinflyou
bongtim96,Bông Tím,https://p16-sign-sg.tiktokcdn.com/tos-alisg-avt-0068/abbb3fad8ffac5a833c7f3a610b98e62~tplv-tiktokx-cropcenter:1080:1080.jpeg?dr=14579&refresh_token=a4ffa4f7&x-expires=1752840000&x-signature=SJs249Yn%2FrtnCtc%2FZZSo84%2FRn0c%3D&t=4d5b0474&ps=13740610&shp=a5d48078&shcp=81f88b70&idc=my,"{'following': '495', 'followers': '6.4M', 'likes': '272.9M'}","Vlog du lịch -> yt: Bông Tím Channel
Bongtimjob@gmail.com
Tiệm Quần 👇or vỏ hàng","[{'url': 'https://www.tiktok.com/link/v2?aid=1988&lang=en&scene=bio_url&target=https%3A%2F%2Fbongtim.com', 'text': 'bongtim.com'}]",bongtim96
24h.sports,24h.Sports,https://p16-sign-sg.tiktokcdn.com/tos-alisg-avt-0068/7ea7f116911e5940a1ec3895a456a510~tplv-tiktokx-cropcenter:1080:1080.jpeg?dr=14579&refresh_token=e8c6843b&x-expires=1752840000&x-signature=Bv5vCsZC3KH%2Ffeb%2BV5DYECmPtio%3D&t=4d5b0474&ps=13740610&shp=a5d48078&shcp=81f88b70&idc=my,"{'following': '8', 'followers': '1.4M', 'likes': '82.1M'}","Tin tức bóng đá thể thao, video highlight nhanh nhất tại www.24h.com.vn","[{'url': 'https://www.tiktok.com/link/v2?aid=1988&lang=en&scene=bio_url&target=24h.com.vn', 'text': '24h.com.vn'}]",24h.sports
deryynok2sf68x,Blv FIFA🇻🇳,https://p16-sign-sg.tiktokcdn.com/tos-alisg-avt-0068/5035744e75055fa5c97947240531f422~tplv-tiktokx-cropcenter:1080:1080.jpeg?dr=14579&refresh_token=cc7e39af&x-expires=1752840000&x-signature=pH04RJnpdBXx3NLKT1liC9QmH3s%3D&t=4d5b0474&ps=13740610&shp=a5d48078&shcp=81f88b70&idc=my,"{'following': '0', 'followers': '1455', 'likes': '70.4K'}",xem BLV FIFA tại PE789c.com,[],deryynok2sf68x
uci_cycling,UCI,https://p16-sign-va.tiktokcdn.com/tos-maliva-avt-0068/84a6f701149542793e7333e427eb5fd0~tplv-tiktokx-cropcenter:1080:1080.jpeg?dr=14579&refresh_token=a413fe0c&x-expires=1752840000&x-signature=C93dLBf4bNDmAoU3XqO9Di1aJDM%3D&t=4d5b0474&ps=13740610&shp=a5d48078&shcp=81f88b70&idc=my,"{'following': '116', 'followers': '784.7K', 'likes': '20.1M'}","Cycling like you’ve never seen it before 🤯🚲
 
Tag #UCIcycling to feature!","[{'url': 'https://www.tiktok.com/link/v2?aid=1988&lang=en&scene=bio_url&target=www.uci.org', 'text': 'www.uci.org'}]",uci_cycling
sut88cusut,𝑆𝑈𝑇𝟪𝟪 Cú Sút Từ Sao Hỏa,https://p16-sign-sg.tiktokcdn.com/tos-alisg-avt-0068/0339f412ae61b48e6bebaaa340c614d0~tplv-tiktokx-cropcenter:1080:1080.jpeg?dr=14579&refresh_token=3f3fc82c&x-expires=1752840000&x-signature=LUWo9pOzLr145wcJjgT6xac%2FYRM%3D&t=4d5b0474&ps=13740610&shp=a5d48078&shcp=81f88b70&idc=my,"{'following': '3', 'followers': '22.7K', 'likes': '1.2M'}",Góc khuất bóng đá,[],sut88cusut
xiaomy99,My Chelin,https://p16-sign-sg.tiktokcdn.com/tos-alisg-avt-0068/06987b4d8535c6b9bbf2ac2a794f6f7e~tplv-tiktokx-cropcenter:1080:1080.jpeg?dr=14579&refresh_token=d1dde5f4&x-expires=1752840000&x-signature=7k3TwQvCECcv1hwhVs9Adb%2FhqFo%3D&t=4d5b0474&ps=13740610&shp=a5d48078&shcp=81f88b70&idc=my,"{'following': '8', 'followers': '41.3K', 'likes': '2.4M'}","Cám ơn , cám ơn đã đồng hành cùng mình ❤️❤️
Ở đây chỉ có vài video này thôi 😍",[],xiaomy99
phamquynhhoaa,Quỳnh Hoa,https://p16-sign-useast2a.tiktokcdn.com/tos-useast2a-avt-0068-giso/4d257bce6986c22d5ef47aadc883f9b4~tplv-tiktokx-cropcenter:1080:1080.jpeg?dr=14579&refresh_token=4b1c8cb7&x-expires=1752840000&x-signature=93kl7Eu%2F2DNfGKNHFgkFmUut%2BjM%3D&t=4d5b0474&ps=13740610&shp=a5d48078&shcp=81f88b70&idc=my,"{'following': '99', 'followers': '2.7M', 'likes': '146.1M'}","IG: @quynhhoa_ph
📩: Booking.quynhhoa@gmail.com",[],phamquynhhoaa
minhnhatgk,Minh Nhật GK🥇,https://p16-sign-sg.tiktokcdn.com/tos-alisg-avt-0068/93e3f4813ab8874223eb21a0a7720bb8~tplv-tiktokx-cropcenter:1080:1080.jpeg?dr=14579&refresh_token=fa99a9f0&x-expires=1752840000&x-signature=%2FyszfwPgKvUSusQ13Gn7niCBv64%3D&t=4d5b0474&ps=13740610&shp=a5d48078&shcp=81f88b70&idc=my,"{'following': '600', 'followers': '1M', 'likes': '7.1M'}","For Work : dkp1113@gmail.com | 
Tiktok Goalkeeper 🧤
Live T3 và T6 hàng tuần","[{'url': 'https://www.tiktok.com/link/v2?aid=1988&lang=en&scene=bio_url&target=https%3A%2F%2Fwww.facebook.com%2Fshare%2F1BuraTPEbe%2F%3Fmibextid%3DwwXIfr', 'text': 'www.facebook.com/share/1BuraTPEbe/?mibextid=wwXIfr'}]",minhnhatgk
24h.tinmoi,24h Bóng Đá,https://p16-sign-sg.tiktokcdn.com/tos-alisg-avt-0068/1ff81c9231787d1853e10171d685fb30~tplv-tiktokx-cropcenter:1080:1080.jpeg?dr=14579&refresh_token=da8c5585&x-expires=1752840000&x-signature=iCvaGQP2CCNYjMVfBnyU403xjl4%3D&t=4d5b0474&ps=13740610&shp=a5d48078&shcp=81f88b70&idc=my,"{'following': '93', 'followers': '2.2M', 'likes': '193.1M'}","Kênh tin thể thao hàng đầu 
HOTLINE: 0965082424
Email : social@24h.com.vn","[{'url': 'https://www.tiktok.com/link/v2?aid=1988&lang=en&scene=bio_url&target=24h.com.vn', 'text': '24h.com.vn'}]",24h.tinmoi
redbull,Red Bull,https://p77-sign-sg.tiktokcdn.com/tos-alisg-avt-0068/smgf77eb27fd8f464cd8041c4ae57948e04~tplv-tiktokx-cropcenter:1080:1080.jpeg?dr=14579&refresh_token=757c970a&x-expires=1752840000&x-signature=QUu%2F6i6Hk9dq%2BW%2Bqj9TYIiTcABY%3D&t=4d5b0474&ps=13740610&shp=a5d48078&shcp=81f88b70&idc=my,"{'following': '525', 'followers': '18.8M', 'likes': '452.7M'}","welcome to the world of Red Bull 👐
#givesyouwiiings","[{'url': 'https://www.tiktok.com/link/v2?aid=1988&lang=en&scene=bio_url&target=https%3A%2F%2Fwin.gs%2Fredbullbio', 'text': 'win.gs/redbullbio'}]",redbull
lionchampionshipvietnam,LION Championship,https://p9-sign-sg.tiktokcdn.com/tos-alisg-avt-0068/bd755aa891a4972a8619ac5adfdaf987~tplv-tiktokx-cropcenter:1080:1080.jpeg?dr=14579&refresh_token=13817b57&x-expires=1752840000&x-signature=QetHUWTMtgNncD1XVMMkKJvJROI%3D&t=4d5b0474&ps=13740610&shp=a5d48078&shcp=81f88b70&idc=my,"{'following': '4', 'followers': '184.7K', 'likes': '3.2M'}",LION Championship - Giải MMA chuyên nghiệp đầu tiên tại Việt Nam!,"[{'url': 'https://www.tiktok.com/link/v2?aid=1988&lang=en&scene=bio_url&target=https%3A%2F%2Fwww.facebook.com%2FVIMMA-C%C3%B4ng-Ty-C%E1%BB%95-Ph%E1%BA%A7n-V%C3%B5-Thu%E1%BA%ADt-T%E1%BB%95ng-H%E1%BB%A3p-Vi%E1%BB%87t-Nam-104786908864006%2F', 'text': 'www.facebook.com/VIMMA-Công-Ty-Cổ-Phần-Võ-Thuật-Tổng-Hợp-Việt-Nam-104786908864006/'}]",lionchampionshipvietnam
thandogo8,Shop Thản Đồ Gỗ,https://p16-sign-va.tiktokcdn.com/tos-maliva-avt-0068/20599de5e47f1c8e479534d92520b9ac~tplv-tiktokx-cropcenter:1080:1080.jpeg?dr=14579&refresh_token=62d28ec0&x-expires=1752840000&x-signature=PXeJUegcvspqcaapMGv8lBwR58s%3D&t=4d5b0474&ps=13740610&shp=a5d48078&shcp=81f88b70&idc=my,"{'following': '9995', 'followers': '440.4K', 'likes': '7.4M'}",Mua hàng gọi 0928663333-0969441992..,"[{'url': 'https://www.tiktok.com/link/v2?aid=1988&lang=en&scene=bio_url&target=https%3A%2F%2Fbeacons.ai%2Fshopthandogo', 'text': 'beacons.ai/shopthandogo'}]",thandogo8
mikaylaallisonn,Mikayla Reno,https://p16-sign-va.tiktokcdn.com/tos-maliva-avt-0068/7345293516190253099~tplv-tiktokx-cropcenter:1080:1080.jpeg?dr=14579&refresh_token=373c3783&x-expires=1752840000&x-signature=0kI%2BQ99exJ9OlLU1r%2F%2FWrQnQ1XI%3D&t=4d5b0474&ps=13740610&shp=a5d48078&shcp=81f88b70&idc=my,"{'following': '448', 'followers': '9783', 'likes': '4.8M'}",No bio yet.,[],mikaylaallisonn
nextmediaofficial,Next Media,https://p16-sign-sg.tiktokcdn.com/tos-alisg-avt-0068/478711d4b470e0354f7158db83260f04~tplv-tiktokx-cropcenter:1080:1080.jpeg?dr=14579&refresh_token=e794a86f&x-expires=1752840000&x-signature=TC3K7Hh8%2FDRLDWGj%2FzGebdOO0%2BQ%3D&t=4d5b0474&ps=13740610&shp=a5d48078&shcp=81f88b70&idc=my,"{'following': '10', 'followers': '926.5K', 'likes': '4.3M'}","Liên hệ Quảng cáo: 0964995225
Mail: bookingqc@nextmedia.com.vn",[],nextmediaofficial
tonyrosatournaments,SƠN ROSA BI LÁT,https://p16-sign-sg.tiktokcdn.com/tos-alisg-avt-0068/7094c95df8cc2e77e5b3fad2dfdbc70a~tplv-tiktokx-cropcenter:1080:1080.jpeg?dr=14579&refresh_token=5b3b903b&x-expires=1752840000&x-signature=vJOTByi2FFrP1j%2Fw8Io15Oazehc%3D&t=4d5b0474&ps=13740610&shp=a5d48078&shcp=81f88b70&idc=my,"{'following': '14', 'followers': '2023', 'likes': '22.1K'}","🎱TONYROSA BILLARDS🎱
    Tổ chức Giải hàng tuần 
liên hệ dép lào :0395165503","[{'url': 'https://www.tiktok.com/link/v2?aid=1988&lang=en&scene=bio_url&target=https%3A%2F%2Fbiopage.vn%2Fmua-gay-trang-phu-kien-bi-a-ae-an-vao-day', 'text': 'biopage.vn/mua-gay-trang-phu-kien-bi-a-ae-an-vao-day'}]",tonyrosatournaments
daohongson.bjj,Đào Hồng Sơn,https://p16-sign-sg.tiktokcdn.com/tos-alisg-avt-0068/337432f381eef82c1507c4734412136f~tplv-tiktokx-cropcenter:1080:1080.jpeg?dr=14579&refresh_token=8ce90f30&x-expires=1752840000&x-signature=R3XeQV5pi89cOmQXB2ec1Iyzj1o%3D&t=4d5b0474&ps=13740610&shp=a5d48078&shcp=81f88b70&idc=my,"{'following': '127', 'followers': '451.6K', 'likes': '9.9M'}","Fighter Jujitsu- MMA 🇻🇳
Contact forwork: 0906943247
Clbgymhongson@gmail.com",[],daohongson.bjj
onsportsplus,On Sports Plus,https://p16-sign-sg.tiktokcdn.com/tos-alisg-avt-0068/9eebaac8574eb49e637d8c4a60bede5d~tplv-tiktokx-cropcenter:1080:1080.jpeg?dr=14579&refresh_token=18f7f00f&x-expires=1752840000&x-signature=FlYsh1pTTQ2wBrhvvNwJkQBDa6o%3D&t=4d5b0474&ps=13740610&shp=a5d48078&shcp=81f88b70&idc=my,"{'following': '30', 'followers': '888.3K', 'likes': '38.7M'}",digital@vtvcab.vn,[],onsportsplus
kkkkshswu,jtsgkssesaj,https://p16-sign-va.tiktokcdn.com/musically-maliva-obj/1594805258216454~tplv-tiktokx-cropcenter:1080:1080.jpeg?dr=14579&refresh_token=c265a7cc&x-expires=1752840000&x-signature=Z23QKeQOUubvKz0ZkMEdkO5FBSs%3D&t=4d5b0474&ps=13740610&shp=a5d48078&shcp=81f88b70&idc=my,"{'following': '11', 'followers': '568', 'likes': '54.6K'}",No bio yet.,[],kkkkshswu
xem.khng,Xem Không,https://p16-sign-va.tiktokcdn.com/tos-maliva-avt-0068/2056531d3be11464a6108d3b20e8b537~tplv-tiktokx-cropcenter:1080:1080.jpeg?dr=14579&refresh_token=b1b7a70d&x-expires=1752840000&x-signature=XTjnmi9lDyydJtogLFO4LC2yDSs%3D&t=4d5b0474&ps=13740610&shp=a5d48078&shcp=81f88b70&idc=my,"{'following': '0', 'followers': '5412', 'likes': '406.9K'}",No bio yet.,[],xem.khng
kimthiencotichh,𝙏𝙝𝙞ệ𝙣Đ𝙪ô𝙞𝙍ù𝙖🏐,https://p16-sign-sg.tiktokcdn.com/tos-alisg-avt-0068/62a5076d4370f7c707cc614a9de96b4d~tplv-tiktokx-cropcenter:1080:1080.jpeg?dr=14579&refresh_token=6a814a09&x-expires=1752840000&x-signature=qDUGT57yvjz1YOLgO4S6Y1zWmSw%3D&t=4d5b0474&ps=13740610&shp=a5d48078&shcp=81f88b70&idc=my,"{'following': '5', 'followers': '468', 'likes': '15.9K'}",acc chính@neuemchiuyeutoi176 ✔️,[],kimthiencotichh
fptbongda,FPT Bóng Đá,https://p16-sign-sg.tiktokcdn.com/tos-alisg-avt-0068/21b90165b53e881a287d2cf833eac721~tplv-tiktokx-cropcenter:1080:1080.jpeg?dr=14579&refresh_token=6a9e87f3&x-expires=1752840000&x-signature=EC1%2FuyQLkg3arlWDFJbxyxDWP9Q%3D&t=4d5b0474&ps=13740610&shp=a5d48078&shcp=81f88b70&idc=my,"{'following': '11', 'followers': '512.7K', 'likes': '18.1M'}",Kênh TikTok chính thức của FPT Play về bóng đá châu Âu,"[{'url': 'https://www.tiktok.com/link/v2?aid=1988&lang=en&scene=bio_url&target=fptplay.vn', 'text': 'fptplay.vn'}]",fptbongda
thethao247.vn,Thể Thao 247,https://p16-sign-sg.tiktokcdn.com/tos-alisg-avt-0068/7316779258595475457~tplv-tiktokx-cropcenter:1080:1080.jpeg?dr=14579&refresh_token=17547523&x-expires=1752840000&x-signature=xfdfQoKMbdp6yn4WLsOicQTx%2BQc%3D&t=4d5b0474&ps=13740610&shp=a5d48078&shcp=81f88b70&idc=my,"{'following': '1', 'followers': '5.2M', 'likes': '247.5M'}",Thể Thao 247 - Chia sẻ đam mê. Tiktok chính thức của Thethao247.vn,"[{'url': 'https://www.tiktok.com/link/v2?aid=1988&lang=en&scene=bio_url&target=https%3A%2F%2Fthethao247.vn', 'text': 'thethao247.vn'}]",thethao247.vn
blvduongtang,BLV Đường Tăng 2Q,https://p16-sign-sg.tiktokcdn.com/tos-alisg-avt-0068/da5c54344dcf5cebc2e1581be69e94e6~tplv-tiktokx-cropcenter:1080:1080.jpeg?dr=14579&refresh_token=b3681709&x-expires=1752840000&x-signature=Nyl4KA0cS3B1MqltpO5fZcIm%2FVM%3D&t=4d5b0474&ps=13740610&shp=a5d48078&shcp=81f88b70&idc=my,"{'following': '83', 'followers': '5201', 'likes': '112.3K'}","Ae xem tôi bình luận tại
👇blvtoptop. tv👇","[{'url': 'https://www.tiktok.com/link/v2?aid=1988&lang=en&scene=bio_url&target=https%3A%2F%2Flinktr.ee%2Fblvduongtang2q', 'text': 'linktr.ee/blvduongtang2q'}]",blvduongtang
hhn405,Truyện HHN,https://p16-sign-sg.tiktokcdn.com/tos-alisg-avt-0068/3a2853f6bbc89b67f6101564e81ec0a3~tplv-tiktokx-cropcenter:1080:1080.jpeg?dr=14579&refresh_token=24539369&x-expires=1752840000&x-signature=2dH%2FRB5PzI1wAx8Ft3zCxDcyRok%3D&t=4d5b0474&ps=13740610&shp=a5d48078&shcp=81f88b70&idc=my,"{'following': '128', 'followers': '174.5K', 'likes': '6.7M'}","YTB : Truyện Hhn
Ae Mua Acc Free Free , LQ , Fo4 ... Ủng Hộ Ad Tại 
👇","[{'url': 'https://www.tiktok.com/link/v2?aid=1988&lang=en&scene=bio_url&target=https%3A%2F%2Flinkbio.co%2Fhuhuna', 'text': 'linkbio.co/huhuna'}]",hhn405
vietsub_dao_nhan,Vietsub Đạo Nhân,,"{'following': '801', 'followers': '2692', 'likes': '102.3K'}",No bio yet.,[],vietsub_dao_nhan
tangca,Tang Ca,https://p16-sign-va.tiktokcdn.com/tos-maliva-avt-0068/03e629d9956817b95e08825e7a903881~tplv-tiktokx-cropcenter:1080:1080.jpeg?dr=14579&refresh_token=f7718142&x-expires=1752840000&x-signature=j%2Bn%2FkxoM76x6%2Fgyybot2qnNgyFI%3D&t=4d5b0474&ps=13740610&shp=a5d48078&shcp=81f88b70&idc=my,"{'following': '0', 'followers': '44.2K', 'likes': '2M'}",Tang Ca luôn tăng ca,[],tangca
troncinearb,Tròn Cine,https://p9-sign-sg.tiktokcdn.com/tos-alisg-avt-0068/f380cec1ab8b02fc39909cc49c888f81~tplv-tiktokx-cropcenter:1080:1080.jpeg?dr=14579&refresh_token=af71044f&x-expires=1752840000&x-signature=DtlxgPVnHf20rLtfh4XnQVSbR2c%3D&t=4d5b0474&ps=13740610&shp=a5d48078&shcp=81f88b70&idc=my,"{'following': '0', 'followers': '14.7K', 'likes': '1.6M'}","Nếu bạn thấy video hay thì bấm follow nhé
📩 troncine.arb@gmail.com",[],troncinearb
rubishorts2023,Rubi Family,https://p16-sign-va.tiktokcdn.com/tos-maliva-avt-0068/2a0b5894d2b2737b301b340475c29ded~tplv-tiktokx-cropcenter:1080:1080.jpeg?dr=14579&refresh_token=28d2b989&x-expires=1752840000&x-signature=j%2FDMrRX3XJSaCoka%2F9r87P7bS5s%3D&t=4d5b0474&ps=13740610&shp=a5d48078&shcp=81f88b70&idc=my,"{'following': '12', 'followers': '35.1K', 'likes': '377.8K'}",Dream 100k Follow,[],rubishorts2023
memekingdomtv,MemeKingdom,https://p16-sign-sg.tiktokcdn.com/tos-alisg-avt-0068/9c15858690085d25762b2b7c57bffbde~tplv-tiktokx-cropcenter:1080:1080.jpeg?dr=14579&refresh_token=c06fe66c&x-expires=1752840000&x-signature=Z7NV1ploMb86e%2Be87OEK8EoMwak%3D&t=4d5b0474&ps=13740610&shp=a5d48078&shcp=81f88b70&idc=my,"{'following': '87', 'followers': '200.7K', 'likes': '5.1M'}","Follow for more short stories! 😁
⬇️⬇️ Subscribe my Youtube channel ⬇️⬇️",[],memekingdomtv
rudolfiogk,RUDOLFIO,https://p16-sign-va.tiktokcdn.com/tos-maliva-avt-0068/70384fd1bbcc067cf5a5a6f13428baeb~tplv-tiktokx-cropcenter:1080:1080.jpeg?dr=14579&refresh_token=f1d45c47&x-expires=1752840000&x-signature=GC5fpkXfp%2FL4VPbnxYldIWoRAoc%3D&t=4d5b0474&ps=13740610&shp=a5d48078&shcp=81f88b70&idc=my,"{'following': '44', 'followers': '64.4K', 'likes': '2.4M'}",No bio yet.,[],rudolfiogk
qn._kanie,QN Ká🐟,,"{'following': '1086', 'followers': '3623', 'likes': '258.8K'}","T mệt lắm roii, tha cho t đi...-",[],qn._kanie
kidzuna._,絶望,https://p16-sign-sg.tiktokcdn.com/tos-alisg-avt-0068/151174fa82b5246e7b4bb6e9e24deb9a~tplv-tiktokx-cropcenter:1080:1080.jpeg?dr=14579&refresh_token=b0f40a29&x-expires=1752840000&x-signature=qJcpkNZHwtpaLnp908YGqvddMiY%3D&t=4d5b0474&ps=13740610&shp=a5d48078&shcp=81f88b70&idc=my,"{'following': '136', 'followers': '5.2M', 'likes': '230.6M'}",ABOUT ADS - IG/kidzuna1@gmail.com,"[{'url': 'https://www.tiktok.com/link/v2?aid=1988&lang=en&scene=bio_url&target=http%3A%2F%2Flinktr.ee%2FKidzuna', 'text': 'linktr.ee/Kidzuna'}]",kidzuna._
xjxhgahdm,xjxhgahdm,https://p16-sign-va.tiktokcdn.com/tos-maliva-avt-0068/a8ec6d712a8592d5957d0449f43a48b7~tplv-tiktokx-cropcenter:1080:1080.jpeg?dr=14579&refresh_token=55f246dc&x-expires=1752840000&x-signature=XsWhQEr25aaGdP%2B4%2Fe3OIdDM3Tc%3D&t=4d5b0474&ps=13740610&shp=a5d48078&shcp=81f88b70&idc=my,"{'following': '1', 'followers': '1.2M', 'likes': '7.1M'}",Email:999509@qq.com,[],xjxhgahdm
rubishorts2023,Rubi Family,https://p16-sign-va.tiktokcdn.com/tos-maliva-avt-0068/2a0b5894d2b2737b301b340475c29ded~tplv-tiktokx-cropcenter:1080:1080.jpeg?dr=14579&refresh_token=28d2b989&x-expires=1752840000&x-signature=j%2FDMrRX3XJSaCoka%2F9r87P7bS5s%3D&t=4d5b0474&ps=13740610&shp=a5d48078&shcp=81f88b70&idc=my,"{'following': '12', 'followers': '35.1K', 'likes': '377.8K'}",Dream 100k Follow,[],rubishorts2023
phamthang.2004,Phạm Đức Thắng,https://p16-sign-va.tiktokcdn.com/tos-maliva-avt-0068/2bb63fafa1a23d0cafa83da6861c27e6~tplv-tiktokx-cropcenter:1080:1080.jpeg?dr=14579&refresh_token=f0fe41f4&x-expires=1752840000&x-signature=m8OOez41iUiOc86mQhu75pmaIzo%3D&t=4d5b0474&ps=13740610&shp=a5d48078&shcp=81f88b70&idc=my,"{'following': '1', 'followers': '13.8K', 'likes': '132.7K'}",No bio yet.,[],phamthang.2004
maderezs,maderezs,https://p16-sign-sg.tiktokcdn.com/tos-alisg-avt-0068/45dfbe8cbc7da22e8b1d33570ba9d3a0~tplv-tiktokx-cropcenter:1080:1080.jpeg?dr=14579&refresh_token=f5257741&x-expires=1752840000&x-signature=70Ij%2BmUIgXgoLc5JvOAyLpv9IKo%3D&t=4d5b0474&ps=13740610&shp=a5d48078&shcp=81f88b70&idc=my,"{'following': '86', 'followers': '4.3M', 'likes': '194.9M'}","ABOUT ADS:
👇🏻
IG - @maderezs MAIL - maderezscontact@gmail.com","[{'url': 'https://www.tiktok.com/link/v2?aid=1988&lang=en&scene=bio_url&target=https%3A%2F%2Flinktr.ee%2Fmaderezss', 'text': 'linktr.ee/maderezss'}]",maderezs
thegioianime_rr88,THẾ GIỚI ANIME KJC,https://p16-sign-sg.tiktokcdn.com/tos-alisg-avt-0068/7284f69739a70acdb6356fd9d096cb8a~tplv-tiktokx-cropcenter:1080:1080.jpeg?dr=14579&refresh_token=7a0add1e&x-expires=1752840000&x-signature=eFcsXtIsJV8AjTySk0eIJxW17vY%3D&t=4d5b0474&ps=13740610&shp=a5d48078&shcp=81f88b70&idc=my,"{'following': '0', 'followers': '5836', 'likes': '272.3K'}",ở đây có anime nè,[],thegioianime_rr88
wibubymike.y2o,Wibu bymike,https://p16-sign-sg.tiktokcdn.com/tos-alisg-avt-0068/4e57a140ffc20229c8c8a435ea8cea5a~tplv-tiktokx-cropcenter:1080:1080.jpeg?dr=14579&refresh_token=e8bdab01&x-expires=1752840000&x-signature=nP4JUUDQJayen%2BcAl6fpiXXxtWg%3D&t=4d5b0474&ps=13740610&shp=a5d48078&shcp=81f88b70&idc=my,"{'following': '0', 'followers': '3783', 'likes': '189.2K'}",AE fl ủng hộ nhá,[],wibubymike.y2o
tangca,Tang Ca,https://p16-sign-va.tiktokcdn.com/tos-maliva-avt-0068/03e629d9956817b95e08825e7a903881~tplv-tiktokx-cropcenter:1080:1080.jpeg?dr=14579&refresh_token=f7718142&x-expires=1752840000&x-signature=j%2Bn%2FkxoM76x6%2Fgyybot2qnNgyFI%3D&t=4d5b0474&ps=13740610&shp=a5d48078&shcp=81f88b70&idc=my,"{'following': '0', 'followers': '44.2K', 'likes': '2M'}",Tang Ca luôn tăng ca,[],tangca
bugcat_capoo_official,BugCat Capoo,https://p16-sign-useast2a.tiktokcdn.com/tos-useast2a-avt-0068-giso/6b7128166adbfa5c4b0ab22986ff99f4~tplv-tiktokx-cropcenter:1080:1080.jpeg?dr=14579&refresh_token=b16ac7fe&x-expires=1752840000&x-signature=gluw%2FFW0%2BYwcrKOh%2FeXJJNqGV3A%3D&t=4d5b0474&ps=13740610&shp=a5d48078&shcp=81f88b70&idc=my,"{'following': '10', 'followers': '525.4K', 'likes': '7.9M'}",貓貓蟲咖波的官方帳號，作者亞拉。,"[{'url': 'https://www.tiktok.com/link/v2?aid=1988&lang=en&scene=bio_url&target=https%3A%2F%2Flinktr.ee%2Fcapoo', 'text': 'linktr.ee/capoo'}]",bugcat_capoo_official
kewbi_,kewbi,https://p16-sign-sg.tiktokcdn.com/tos-alisg-avt-0068/da2f4ab78fcc3280d739bbad4c34390d~tplv-tiktokx-cropcenter:1080:1080.jpeg?dr=14579&refresh_token=c072a2c6&x-expires=1752840000&x-signature=uxbgo8Ot0H3u6vCLMkHBDC%2Fbw8g%3D&t=4d5b0474&ps=13740610&shp=a5d48078&shcp=81f88b70&idc=my,"{'following': '17', 'followers': '1M', 'likes': '90.3M'}",⬇️ -  about ADS - IG - ⬇️,"[{'url': 'https://www.tiktok.com/link/v2?aid=1988&lang=en&scene=bio_url&target=https%3A%2F%2Flinktr.ee%2Fkewbi_', 'text': 'linktr.ee/kewbi_'}]",kewbi_
tolamnguyen123,✨tô lâm nguyễn✨,https://p16-sign-sg.tiktokcdn.com/tos-alisg-avt-0068/0c0ba85815ab9f216fd3a3753d647f80~tplv-tiktokx-cropcenter:1080:1080.jpeg?dr=14579&refresh_token=f86934d9&x-expires=1752840000&x-signature=QU%2FftJjFpaLCwhDMUUPYdlhi%2BoE%3D&t=4d5b0474&ps=13740610&shp=a5d48078&shcp=81f88b70&idc=my,"{'following': '66', 'followers': '17K', 'likes': '389.2K'}",flop thì thôi kệ nó:)),[],tolamnguyen123
kidzuna._,絶望,https://p77-sign-sg.tiktokcdn.com/tos-alisg-avt-0068/151174fa82b5246e7b4bb6e9e24deb9a~tplv-tiktokx-cropcenter:1080:1080.jpeg?dr=14579&refresh_token=c654af85&x-expires=1752840000&x-signature=vQ9NDza1mwjqLtumCrXgWFG%2BR%2Fw%3D&t=4d5b0474&ps=13740610&shp=a5d48078&shcp=81f88b70&idc=my,"{'following': '136', 'followers': '5.2M', 'likes': '230.6M'}",ABOUT ADS - IG/kidzuna1@gmail.com,"[{'url': 'https://www.tiktok.com/link/v2?aid=1988&lang=en&scene=bio_url&target=http%3A%2F%2Flinktr.ee%2FKidzuna', 'text': 'linktr.ee/Kidzuna'}]",kidzuna._
ricoanimations0,Rico Animations,https://p16-sign-va.tiktokcdn.com/tos-maliva-avt-0068/b1e5f7dc161506496b8ae9eab93b6114~tplv-tiktokx-cropcenter:1080:1080.jpeg?dr=14579&refresh_token=93a1c115&x-expires=1752840000&x-signature=VrkbnXRXIc4vRXPsSDFxhq5LEwM%3D&t=4d5b0474&ps=13740610&shp=a5d48078&shcp=81f88b70&idc=my,"{'following': '276', 'followers': '10.6M', 'likes': '249M'}","Follow my new Instagram account
                        👇👇",[],ricoanimations0
maderezs,maderezs,https://p16-sign-sg.tiktokcdn.com/tos-alisg-avt-0068/45dfbe8cbc7da22e8b1d33570ba9d3a0~tplv-tiktokx-cropcenter:1080:1080.jpeg?dr=14579&refresh_token=f5257741&x-expires=1752840000&x-signature=70Ij%2BmUIgXgoLc5JvOAyLpv9IKo%3D&t=4d5b0474&ps=13740610&shp=a5d48078&shcp=81f88b70&idc=my,"{'following': '86', 'followers': '4.3M', 'likes': '194.9M'}","ABOUT ADS:
👇🏻
IG - @maderezs MAIL - maderezscontact@gmail.com","[{'url': 'https://www.tiktok.com/link/v2?aid=1988&lang=en&scene=bio_url&target=https%3A%2F%2Flinktr.ee%2Fmaderezss', 'text': 'linktr.ee/maderezss'}]",maderezs
kyanbian.88,KỲ ÁN BÍ ẨN,https://p16-sign-va.tiktokcdn.com/tos-maliva-avt-0068/f85f3eb1c2e70e4d223e809a73fea41d~tplv-tiktokx-cropcenter:1080:1080.jpeg?dr=14579&refresh_token=5249e9d6&x-expires=1752840000&x-signature=%2FBJkI49co1fgllzCD1EeIIby4ow%3D&t=4d5b0474&ps=13740610&shp=a5d48078&shcp=81f88b70&idc=my,"{'following': '0', 'followers': '20.8K', 'likes': '412.3K'}","KỲ ÁN BÍ ẨN CÓ THẬT
CV TL : @qgzeros1",[],kyanbian.88
p_shiri,Con người,https://p16-sign-sg.tiktokcdn.com/tos-alisg-avt-0068/227eb065690c1b04c2006faa10a32d88~tplv-tiktokx-cropcenter:1080:1080.jpeg?dr=14579&refresh_token=b0315f9f&x-expires=1752840000&x-signature=EPWrjBArYFz6%2FuEB%2FYBD1GxeB5c%3D&t=4d5b0474&ps=13740610&shp=a5d48078&shcp=81f88b70&idc=my,"{'following': '4', 'followers': '1.3M', 'likes': '37.6M'}","Tôi k thích mn so sánh. Mong mn biết giới hạn ạ😔
Email: hienna.work@gmail.com",[],p_shiri
louispham_203,Louispnp203,https://p16-sign-sg.tiktokcdn.com/tos-alisg-avt-0068/59843c9ee1ca710edaa9ad385b77774d~tplv-tiktokx-cropcenter:1080:1080.jpeg?dr=14579&refresh_token=7f6191ba&x-expires=1752840000&x-signature=CRdS1m7ywPdzn5E5hH3gb0F7FV4%3D&t=4d5b0474&ps=13740610&shp=a5d48078&shcp=81f88b70&idc=my,"{'following': '42', 'followers': '1.3M', 'likes': '70.1M'}","Contact for work : Louispham203@gmail.com
(Mr. Julia Le)","[{'url': 'https://www.tiktok.com/link/v2?aid=1988&lang=en&scene=bio_url&target=https%3A%2F%2Finstabio.cc%2F3041912rO1YJs', 'text': 'instabio.cc/3041912rO1YJs'}]",louispham_203
thomanh1993,🇻🇳𝓣𝓗𝓞𝓜.𝓐𝓝𝓗⚽️🏳️‍🌈,https://p16-sign-sg.tiktokcdn.com/tos-alisg-avt-0068/49a603b43c42498075312ab919a3cdf4~tplv-tiktokx-cropcenter:1080:1080.jpeg?dr=14579&refresh_token=16173165&x-expires=1752840000&x-signature=6pl6Db5Jb5QsZitFxSeq6ouWcyM%3D&t=4d5b0474&ps=13740610&shp=a5d48078&shcp=81f88b70&idc=my,"{'following': '64', 'followers': '13.4K', 'likes': '297.1K'}",Non - Stop,"[{'url': 'https://www.tiktok.com/link/v2?aid=1988&lang=en&scene=bio_url&target=https%3A%2F%2Fwww.facebook.com%2Fthomanh168%3Fmibextid%3DV3Yony', 'text': 'www.facebook.com/thomanh168?mibextid=V3Yony'}]",thomanh1993
lyvdat,Lý Văn Đạt,https://p16-sign-useast2a.tiktokcdn.com/tos-useast2a-avt-0068-giso/e369744d85a4e71c0eb9f5b2899dacc3~tplv-tiktokx-cropcenter:1080:1080.jpeg?dr=14579&refresh_token=fc9f08d6&x-expires=1752840000&x-signature=NUD9P7A8MU7sCfp4FvhKYICOzjA%3D&t=4d5b0474&ps=13740610&shp=a5d48078&shcp=81f88b70&idc=my,"{'following': '339', 'followers': '705', 'likes': '59.4K'}","Tranh nghệ thuật D.A.Tdecor

https://www.facebook.com/DAT.decor.2021/",[],lyvdat
demitrovaaa,demitrovaaa,https://p16-sign-sg.tiktokcdn.com/tos-alisg-avt-0068/1c94897870c1e6abff6e19cb2e727831~tplv-tiktokx-cropcenter:1080:1080.jpeg?dr=14579&refresh_token=cb858465&x-expires=1752840000&x-signature=z%2FyCCmJEX9x0O31BL37U7kJezOo%3D&t=4d5b0474&ps=13740610&shp=a5d48078&shcp=81f88b70&idc=my,"{'following': '736', 'followers': '2635', 'likes': '1.3M'}",обо всем понемногу,[],demitrovaaa
xuanphi68,Xuân Phi,https://p16-sign-sg.tiktokcdn.com/tos-alisg-avt-0068/ef6fcdb4dd5188a86a9b82219402a48c~tplv-tiktokx-cropcenter:1080:1080.jpeg?dr=14579&refresh_token=d24bc0e3&x-expires=1752840000&x-signature=yNAgqI7eK2ts4osX1TSisysQ8yI%3D&t=4d5b0474&ps=13740610&shp=a5d48078&shcp=81f88b70&idc=my,"{'following': '196', 'followers': '10.1K', 'likes': '346.2K'}","Contact for work:
phi.nguyen04072000@gmail.com
@Tường bình thường
@Tường có gu",[],xuanphi68
artychipchip,Arty và Chipchip,https://p16-sign-sg.tiktokcdn.com/tos-alisg-avt-0068/db32688bb79509a52259766c9fff73c8~tplv-tiktokx-cropcenter:1080:1080.jpeg?dr=14579&refresh_token=a941b9ca&x-expires=1752840000&x-signature=qThyiElomkxO0v563awudcWYNFo%3D&t=4d5b0474&ps=13740610&shp=a5d48078&shcp=81f88b70&idc=my,"{'following': '49', 'followers': '100.6K', 'likes': '3.3M'}",Ở đây có chuyện tình 🇦🇺🇻🇳,"[{'url': 'https://www.tiktok.com/link/v2?aid=1988&lang=en&scene=bio_url&target=https%3A%2F%2Fwww.instagram.com%2F__mint.floral%3Figsh%3DenRjZ3o2ZjJ2aXR0%26utm_source%3Dqr', 'text': 'www.instagram.com/__mint.floral?igsh=enRjZ3o2ZjJ2aXR0&utm_source=qr'}]",artychipchip
vochonghienlinh,Vợ chồng Hiển Linh,https://p16-sign-sg.tiktokcdn.com/tos-alisg-avt-0068/4e89fd4c1e2d0dc1c0bc7e5b24690bba~tplv-tiktokx-cropcenter:1080:1080.jpeg?dr=14579&refresh_token=c3011f04&x-expires=1752840000&x-signature=%2Fz4lnJZlZqGjpxt0wIY%2Bp6%2BwXkk%3D&t=4d5b0474&ps=13740610&shp=a5d48078&shcp=81f88b70&idc=my,"{'following': '33', 'followers': '18.4K', 'likes': '1.2M'}",Liên hệ: vochonghienlinh@gmail.com,"[{'url': 'https://www.tiktok.com/link/v2?aid=1988&lang=en&scene=bio_url&target=https%3A%2F%2Fbeacons.ai%2Fvochonghienlinh', 'text': 'beacons.ai/vochonghienlinh'}]",vochonghienlinh
htthim.204,htthim.204,https://p16-sign-sg.tiktokcdn.com/tos-alisg-avt-0068/6814805c082c0c12472352998399f71c~tplv-tiktokx-cropcenter:1080:1080.jpeg?dr=14579&refresh_token=a010bf55&x-expires=1752840000&x-signature=otTtk8GqcT0NKa8XUQrF8W8gOkk%3D&t=4d5b0474&ps=13740610&shp=a5d48078&shcp=81f88b70&idc=my,"{'following': '85', 'followers': '273.3K', 'likes': '14.4M'}","Kết bạn phở tui: Hồ Thị Thim 🩵
For work: nangthim.204 💌
Acc phụ @Thimm Ơii 🌸",[],htthim.204
perry_biene97,Huyền Perry 🐣,https://p16-sign-va.tiktokcdn.com/tos-maliva-avt-0068/9b404149515afc0582f4f9d0180b6e63~tplv-tiktokx-cropcenter:1080:1080.jpeg?dr=14579&refresh_token=f86bd8db&x-expires=1752840000&x-signature=pBPGAXJ0H2UNVBZQyb8duTy7%2BlU%3D&t=4d5b0474&ps=13740610&shp=a5d48078&shcp=81f88b70&idc=my,"{'following': '40', 'followers': '5055', 'likes': '106.2K'}",🖤,[],perry_biene97
kyduyn997,La Hoàng Kỳ Duyên,https://p16-sign-sg.tiktokcdn.com/tos-alisg-avt-0068/285dfaa8c7af03675372221c7525d830~tplv-tiktokx-cropcenter:1080:1080.jpeg?dr=14579&refresh_token=b82a123e&x-expires=1752840000&x-signature=zEVM77oiGT3JNN2jVWsuw9X5fPA%3D&t=4d5b0474&ps=13740610&shp=a5d48078&shcp=81f88b70&idc=my,"{'following': '97', 'followers': '1.3M', 'likes': '82.9M'}","direct 4 work 
zl 0.3.5.7.4.8.7.7.1.7
ig: kyduyn997
@Acc phụ Đka","[{'url': 'https://www.tiktok.com/link/v2?aid=1988&lang=en&scene=bio_url&target=https%3A%2F%2Fbeacons.ai%2Flahoangkyduyen', 'text': 'beacons.ai/lahoangkyduyen'}]",kyduyn997
viethung.mtp,viethung.mtp,https://p16-sign-sg.tiktokcdn.com/tos-alisg-avt-0068/deebb03643f7b47c5ea8de6ea75c1a86~tplv-tiktokx-cropcenter:1080:1080.jpeg?dr=14579&refresh_token=834d9f93&x-expires=1752840000&x-signature=E1BFeJB7kr6bM8732zb7mftOhBs%3D&t=4d5b0474&ps=13740610&shp=a5d48078&shcp=81f88b70&idc=my,"{'following': '214', 'followers': '18.9K', 'likes': '1.9M'}",Chồng già U40- Vợ trẻ U20 hành trình lên 1M follow,[],viethung.mtp
_kimmanhquyen_,Kim Mạnh Quyền,https://p16-sign-sg.tiktokcdn.com/tos-alisg-avt-0068/33ab11a28829b2596c0aa4f0cc8e920a~tplv-tiktokx-cropcenter:1080:1080.jpeg?dr=14579&refresh_token=991a9f48&x-expires=1752840000&x-signature=%2FkjUz94QQCz%2BZ0GN5fHufYWpzh0%3D&t=4d5b0474&ps=13740610&shp=a5d48078&shcp=81f88b70&idc=my,"{'following': '213', 'followers': '4M', 'likes': '125.4M'}","📥 kimmanhquyen@gmail.com
Làm video bằng AI 🔻🔻🔻","[{'url': 'https://www.tiktok.com/link/v2?aid=1988&lang=en&scene=bio_url&target=https%3A%2F%2Fbeacons.ai%2Fkimmanhquyen.academy', 'text': 'beacons.ai/kimmanhquyen.academy'}]",_kimmanhquyen_
dieunhiofficial,Diệu Nhi,https://p16-sign-va.tiktokcdn.com/tos-maliva-avt-0068/b09245a86936f1e6a2131beec1f64ecc~tplv-tiktokx-cropcenter:1080:1080.jpeg?dr=14579&refresh_token=1252d327&x-expires=1752840000&x-signature=%2FeUcIwXjl%2FwDDnkRIHdL%2FLHjzjs%3D&t=4d5b0474&ps=13740610&shp=a5d48078&shcp=81f88b70&idc=my,"{'following': '35', 'followers': '3.6M', 'likes': '68.7M'}",🌟For Work: dieunhiofficial1@gmail.com 🌟,"[{'url': 'https://www.tiktok.com/link/v2?aid=1988&lang=en&scene=bio_url&target=https%3A%2F%2Fyoutube.com%2F%40DieuNhiOfficial', 'text': 'youtube.com/@DieuNhiOfficial'}]",dieunhiofficial
doan.phan.hoang.hieu,Đoàn Phan Hoàng Hiếu,https://p16-sign-sg.tiktokcdn.com/tos-alisg-avt-0068/f63d849d4b1e894a1239b395e165491b~tplv-tiktokx-cropcenter:1080:1080.jpeg?dr=14579&refresh_token=065b7801&x-expires=1752840000&x-signature=sl2deKlDXHTj971UfimO5IOSLV4%3D&t=4d5b0474&ps=13740610&shp=a5d48078&shcp=81f88b70&idc=my,"{'following': '1', 'followers': '5111', 'likes': '139.1K'}","@mii nèe ⋆𐙚₊˚⊹
- Chuyên Hải Sản Tươi Sống 
- Nhận Đặt Hải Sản Đám Tiệc Theo Yêu Cầu",[],doan.phan.hoang.hieu
nhandaily99,Nhà Mai Nhân,https://p16-sign-sg.tiktokcdn.com/tos-alisg-avt-0068/d9103d2b1e584de9769c1df81309b621~tplv-tiktokx-cropcenter:1080:1080.jpeg?dr=14579&refresh_token=c9b388fb&x-expires=1752840000&x-signature=MfHJckGu4BNh8COZr4DWHIqgIyQ%3D&t=4d5b0474&ps=13740610&shp=a5d48078&shcp=81f88b70&idc=my,"{'following': '34', 'followers': '4346', 'likes': '518.4K'}","Ở đây có tình yêu 🥰
Ủng hộ chúng mình 1 lượt follow nhaaa 🫶",[],nhandaily99
aocuoihoangtrinhst,Studio Hoàng Trinh sóc trăng,https://p16-sign-sg.tiktokcdn.com/tos-alisg-avt-0068/60062d221260911e93d5eb761c039b88~tplv-tiktokx-cropcenter:1080:1080.jpeg?dr=14579&refresh_token=9e47a769&x-expires=1752840000&x-signature=YEn29qX6RbKk8NCTE62gzBZbmcg%3D&t=4d5b0474&ps=13740610&shp=a5d48078&shcp=81f88b70&idc=my,"{'following': '2996', 'followers': '33.5K', 'likes': '1M'}",Studio Áo cưới Hoàng Trinh sóc trăng 0.9.3.1.0.8.0.3.6.3,"[{'url': 'https://www.tiktok.com/link/v2?aid=1988&lang=en&scene=bio_url&target=https%3A%2F%2Fwww.facebook.com%2Fprofile.php%3Fid%3D100088749493878%26mibextid%3DLQQJ4d', 'text': 'www.facebook.com/profile.php?id=100088749493878&mibextid=LQQJ4d'}]",aocuoihoangtrinhst
mvnelm,mvnelm,https://p16-sign-va.tiktokcdn.com/tos-maliva-avt-0068/b582cccc03197b2f2e43f988647e2fd1~tplv-tiktokx-cropcenter:1080:1080.jpeg?dr=14579&refresh_token=7f688a62&x-expires=1752840000&x-signature=7aENgRfFaafjoAcz01DlYsnZWUA%3D&t=4d5b0474&ps=13740610&shp=a5d48078&shcp=81f88b70&idc=my,"{'following': '80', 'followers': '28.9K', 'likes': '2.7M'}",No bio yet.,[],mvnelm
thuongtourist,﹏✍ɤêu💞ⓣⒽươɳ๖ۣۜg☟,https://p16-sign-va.tiktokcdn.com/tos-maliva-avt-0068/60456768e4d79066431e7c8802fe5844~tplv-tiktokx-cropcenter:1080:1080.jpeg?dr=14579&refresh_token=5b6b6034&x-expires=1752840000&x-signature=jTBaLMYqnYwmVEmqSP%2FeXEHxUt4%3D&t=4d5b0474&ps=13740610&shp=a5d48078&shcp=81f88b70&idc=my,"{'following': '4504', 'followers': '995.6K', 'likes': '10.6M'}",💞CT Du lịch💞,[],thuongtourist
thoanguyen1393,Thoa Nguyễn Makeup,https://p16-sign-sg.tiktokcdn.com/tos-alisg-avt-0068/dd35611eda3313febe4e0e1c4c696fb7~tplv-tiktokx-cropcenter:1080:1080.jpeg?dr=14579&refresh_token=dc99cf6c&x-expires=1752840000&x-signature=hQohVhcY7z%2BXsTmgil7yItqv1Yo%3D&t=4d5b0474&ps=13740610&shp=a5d48078&shcp=81f88b70&idc=my,"{'following': '83', 'followers': '60.9K', 'likes': '977.7K'}","MAKEUP CLASSES_CẦN THƠ
SDT: 0 BA 6 SÁU 4 SÁU 2 SÁU 8 TÁM","[{'url': 'https://www.tiktok.com/link/v2?aid=1988&lang=en&scene=bio_url&target=https%3A%2F%2Fwww.facebook.com%2Fprofile.php%3Fid%3D100010739112648%26mibextid%3DLQQJ4d', 'text': 'www.facebook.com/profile.php?id=100010739112648&mibextid=LQQJ4d'}]",thoanguyen1393
,,,"{'following': None, 'followers': None, 'likes': None}",,[],thangbematnick.8
hoangghuyyvu,🔱 HWANG 🔱,https://p16-sign-sg.tiktokcdn.com/tos-alisg-avt-0068/ff482b38e68554bbde306b345dbfadb1~tplv-tiktokx-cropcenter:1080:1080.jpeg?dr=14579&refresh_token=367d362c&x-expires=1752840000&x-signature=bk9hwGxjcK5sPbtsqm4Cjtie3eU%3D&t=4d5b0474&ps=13740610&shp=a5d48078&shcp=81f88b70&idc=my2,"{'following': '23', 'followers': '25.8K', 'likes': '660.7K'}","+ 1 máy yêu tóc xanh 🪼 vào giỏ hàng 
LIÊM HỆ zl0️⃣-9️⃣6️⃣8️⃣8️⃣+1️⃣3️⃣3️⃣3️⃣1️⃣",[],hoangghuyyvu
sweetie_strawpie,Elaine Tien Pham,https://p16-sign-sg.tiktokcdn.com/tos-alisg-avt-0068/68c629d6337e6e58665dc22cf811ce25~tplv-tiktokx-cropcenter:1080:1080.jpeg?dr=14579&refresh_token=fb3ddbce&x-expires=1752840000&x-signature=ZGLZjKSbIpWo1VDBV7uXKolc4y0%3D&t=4d5b0474&ps=13740610&shp=a5d48078&shcp=81f88b70&idc=my2,"{'following': '56', 'followers': '28K', 'likes': '1.7M'}",Long distance journey,"[{'url': 'https://www.tiktok.com/link/v2?aid=1988&lang=en&scene=bio_url&target=https%3A%2F%2Fwww.instagram.com%2Felaine.phamm%2Fprofilecard%2F%3Figsh%3DMWl3d3dqY21qM2E3Ng%3D%3D', 'text': 'www.instagram.com/elaine.phamm/profilecard/?igsh=MWl3d3dqY21qM2E3Ng=='}]",sweetie_strawpie
